event_time,asset_id,origin,status,parameter_version,topology_version,vr_measured_kv,vr_predicted_kv,vr_residual_kv,loss_mw,loading_percent,manifest_sha256,measured_vs_ll_kv,predicted_vs_ll_kv,residual_vs_ll_kv,quality_vs_ll_kv,sigma_vs_ll_kv,measured_vr_ll_kv,predicted_vr_ll_kv,residual_vr_ll_kv,quality_vr_ll_kv,sigma_vr_ll_kv,measured_p_recv_mw,predicted_p_recv_mw,residual_p_recv_mw,quality_p_recv_mw,sigma_p_recv_mw,measured_q_recv_mvar,predicted_q_recv_mvar,residual_q_recv_mvar,quality_q_recv_mvar,sigma_q_recv_mvar,measured_p_send_mw,predicted_p_send_mw,residual_p_send_mw,quality_p_send_mw,sigma_p_send_mw,measured_q_send_mvar,predicted_q_send_mvar,residual_q_send_mvar,quality_q_send_mvar,sigma_q_send_mvar,measured_is_a,predicted_is_a,residual_is_a,quality_is_a,sigma_is_a,measured_ir_a,predicted_ir_a,residual_ir_a,quality_ir_a,sigma_ir_a,measured_frequency_hz,predicted_frequency_hz,residual_frequency_hz,quality_frequency_hz,sigma_frequency_hz,measured_conductor_temp_c,predicted_conductor_temp_c,residual_conductor_temp_c,quality_conductor_temp_c,sigma_conductor_temp_c,message_id,snapshot_id,received_at,processed_at,clock_time,source_id,dataset_id,source_metadata_json
2026-01-01T00:00:00.000000+00:00,TL_001,synthetic,SOLVED,rev_6e24672c52e849e3b7890d53aaeb4d40.TL_001,rev_6e24672c52e849e3b7890d53aaeb4d40,126.58360842743802,126.69751408584294,-0.11390565840491718,1.4923482849370373,51.75937750889694,05014d6f66b27398d5c2ae789be40dd0e63fd6044ab307b341b2a40c647709ca,132.1,,,GOOD,,126.58360842743802,126.69751408584294,-0.11390565840491718,GOOD,,66.8,66.80000000000003,,GOOD,,13.5,13.500000000000073,,GOOD,,68.26114876174982,68.29234828493706,-0.031199523187240175,GOOD,,16.950410287690232,16.950410287690232,0.0,GOOD,,307.5318424095645,307.5318424095646,-1.1368683772161603e-13,GOOD,,310.5562650533815,310.55626505338165,-1.7053025658242404e-13,GOOD,,,,,MISSING,,,,,MISSING,,18c6d325e2f3ac92fbbf34794269f93bbe92ad48ee0c8ee1ee8756dfaca10fcc,run_ec8c1d4095ea480a906b81611a7dc932.18c6d325e2f3ac92fbbf34794269f93bbe92ad48ee0c8ee1ee8756dfaca10fcc,2026-10-03T10:46:22.941269+00:00,2026-10-03T10:46:22.941269+00:00,2026-01-01T00:00:00.000000+00:00,demo.generator.v2.map.5c262229d3fe,sha256:e0e03a76b126628a9293c6eff54155b21558e908ffbe39b25f6f484ab14839fa,"{""adapter_version"": ""csv.adapter.v2"", ""declared_timezone"": ""Asia/Colombo"", ""mapping_version"": ""5c262229d3fe6a666ae239aa791a2c308149326550fef3fd18c5634474cb8de6"", ""original_row"": {""Ir_A"": ""310.5562650533815"", ""Is_A"": ""307.5318424095645"", ""Pr_MW"": ""66.8"", ""Ps_MW"": ""68.26114876174982"", ""Qr_MVAr"": ""13.5"", ""Qs_MVAr"": ""16.950410287690232"", ""Vr_kV"": ""126.58360842743802"", ""Vs_kV"": ""132.1"", ""connection_state"": ""CONNECTED"", ""timestamp"": ""2026-01-01T00:00:00Z""}, ""row_number"": 2, ""terminal_directions"": ""receiving P/Q positive out""}"
2026-01-01T00:05:00.000000+00:00,TL_001,synthetic,SOLVED,rev_6e24672c52e849e3b7890d53aaeb4d40.TL_001,rev_6e24672c52e849e3b7890d53aaeb4d40,126.56220727169088,126.66676195007405,-0.10455467838316679,1.512714469661546,52.1099494573178,05014d6f66b27398d5c2ae789be40dd0e63fd6044ab307b341b2a40c647709ca,132.1109074425173,,,GOOD,,126.56220727169088,126.66676195007405,-0.10455467838316679,GOOD,,67.23629770069122,67.23629770069121,,GOOD,,13.587259540138245,13.587259540138207,,GOOD,,68.77722911184448,68.74901217035276,0.028216941491720604,GOOD,,17.12722303943574,17.12722303943572,2.1316282072803006e-14,GOOD,,309.62964798300345,309.62964798300345,0.0,GOOD,,312.6596967439067,312.6596967439068,-1.1368683772161603e-13,GOOD,,,,,MISSING,,,,,MISSING,,1efedccde44206c1ce6755c936b7739fe665fb076bf7527ac140bf674a6a2939,run_ec8c1d4095ea480a906b81611a7dc932.1efedccde44206c1ce6755c936b7739fe665fb076bf7527ac140bf674a6a2939,2026-10-03T10:46:23.212233+00:00,2026-10-03T10:46:23.212233+00:00,2026-01-01T00:05:00.000000+00:00,demo.generator.v2.map.5c262229d3fe,sha256:e0e03a76b126628a9293c6eff54155b21558e908ffbe39b25f6f484ab14839fa,"{""adapter_version"": ""csv.adapter.v2"", ""declared_timezone"": ""Asia/Colombo"", ""mapping_version"": ""5c262229d3fe6a666ae239aa791a2c308149326550fef3fd18c5634474cb8de6"", ""original_row"": {""Ir_A"": ""312.6596967439067"", ""Is_A"": ""309.62964798300345"", ""Pr_MW"": ""67.23629770069122"", ""Ps_MW"": ""68.77722911184448"", ""Qr_MVAr"": ""13.587259540138245"", ""Qs_MVAr"": ""17.12722303943574"", ""Vr_kV"": ""126.56220727169088"", ""Vs_kV"": ""132.1109074425173"", ""connection_state"": ""CONNECTED"", ""timestamp"": ""2026-01-01T00:05:00Z""}, ""row_number"": 3, ""terminal_directions"": ""receiving P/Q positive out""}"
2026-01-01T00:10:00.000000+00:00,TL_001,synthetic,SOLVED,rev_6e24672c52e849e3b7890d53aaeb4d40.TL_001,rev_6e24672c52e849e3b7890d53aaeb4d40,126.4778074750311,126.63595579105686,-0.15814831602575907,1.5332206059692766,52.460553147733435,05014d6f66b27398d5c2ae789be40dd0e63fd6044ab307b341b2a40c647709ca,132.12180969368265,,,GOOD,,126.4778074750311,126.63595579105686,-0.15814831602575907,GOOD,,67.67238774730671,67.67238774730674,,GOOD,,13.674477549461344,13.674477549461429,,GOOD,,69.16654296807015,69.20560835327602,-0.039065385205873326,GOOD,,17.304607736243934,17.304607736244073,-1.3855583347321954e-13,GOOD,,311.7276695208592,311.7276695208595,-2.8421709430404007e-13,GOOD,,314.76331888640027,314.76331888640055,-2.8421709430404007e-13,GOOD,,,,,MISSING,,,,,MISSING,,86af837d2bce91906c77d0dd7c7bc0bd298947c30a7d520a8d1ce45db760e462,run_ec8c1d4095ea480a906b81611a7dc932.86af837d2bce91906c77d0dd7c7bc0bd298947c30a7d520a8d1ce45db760e462,2026-10-03T10:46:23.452393+00:00,2026-10-03T10:46:23.452393+00:00,2026-01-01T00:10:00.000000+00:00,demo.generator.v2.map.5c262229d3fe,sha256:e0e03a76b126628a9293c6eff54155b21558e908ffbe39b25f6f484ab14839fa,"{""adapter_version"": ""csv.adapter.v2"", ""declared_timezone"": ""Asia/Colombo"", ""mapping_version"": ""5c262229d3fe6a666ae239aa791a2c308149326550fef3fd18c5634474cb8de6"", ""original_row"": {""Ir_A"": ""314.76331888640027"", ""Is_A"": ""311.7276695208592"", ""Pr_MW"": ""67.67238774730671"", ""Ps_MW"": ""69.16654296807015"", ""Qr_MVAr"": ""13.674477549461344"", ""Qs_MVAr"": ""17.304607736243934"", ""Vr_kV"": ""126.4778074750311"", ""Vs_kV"": ""132.12180969368265"", ""connection_state"": ""CONNECTED"", ""timestamp"": ""2026-01-01T00:10:00Z""}, ""row_number"": 4, ""terminal_directions"": ""receiving P/Q positive out""}"
2026-01-01T00:15:00.000000+00:00,TL_001,synthetic,SOLVED,rev_6e24672c52e849e3b7890d53aaeb4d40.TL_001,rev_6e24672c52e849e3b7890d53aaeb4d40,126.48897512194294,126.60511025129495,-0.11613512935200276,1.5538568942321405,52.81102206986803,05014d6f66b27398d5c2ae789be40dd0e63fd6044ab307b341b2a40c647709ca,132.13270156461508,,,GOOD,,126.48897512194294,126.60511025129495,-0.11613512935200276,GOOD,,68.10806258460286,68.10806258460288,,GOOD,,13.761612516920572,13.761612516920607,,GOOD,,69.65243220106467,69.66191947883502,-0.009487277770347191,GOOD,,17.482479778111617,17.48247977811179,-1.7408297026122455e-13,GOOD,,313.8249101100088,313.8249101100091,-3.410605131648481e-13,GOOD,,316.866132419208,316.8661324192082,-2.2737367544323206e-13,GOOD,,,,,MISSING,,,,,MISSING,,53baeb71ab9d38539929239dffdb7c3dd104435bd73e506ab82ec94f638df94a,run_ec8c1d4095ea480a906b81611a7dc932.53baeb71ab9d38539929239dffdb7c3dd104435bd73e506ab82ec94f638df94a,2026-10-03T10:46:23.701067+00:00,2026-10-03T10:46:23.701067+00:00,2026-01-01T00:15:00.000000+00:00,demo.generator.v2.map.5c262229d3fe,sha256:e0e03a76b126628a9293c6eff54155b21558e908ffbe39b25f6f484ab14839fa,"{""adapter_version"": ""csv.adapter.v2"", ""declared_timezone"": ""Asia/Colombo"", ""mapping_version"": ""5c262229d3fe6a666ae239aa791a2c308149326550fef3fd18c5634474cb8de6"", ""original_row"": {""Ir_A"": ""316.866132419208"", ""Is_A"": ""313.8249101100088"", ""Pr_MW"": ""68.10806258460286"", ""Ps_MW"": ""69.65243220106467"", ""Qr_MVAr"": ""13.761612516920572"", ""Qs_MVAr"": ""17.482479778111617"", ""Vr_kV"": ""126.48897512194294"", ""Vs_kV"": ""132.13270156461508"", ""connection_state"": ""CONNECTED"", ""timestamp"": ""2026-01-01T00:15:00Z""}, ""row_number"": 5, ""terminal_directions"": ""receiving P/Q positive out""}"
2026-01-01T00:20:00.000000+00:00,TL_001,synthetic,SOLVED,rev_6e24672c52e849e3b7890d53aaeb4d40.TL_001,rev_6e24672c52e849e3b7890d53aaeb4d40,126.45564718171538,126.57424009001045,-0.11859290829507074,1.5746132594790652,53.161189492996755,05014d6f66b27398d5c2ae789be40dd0e63fd6044ab307b341b2a40c647709ca,132.14357787137382,,,GOOD,,126.45564718171538,126.57424009001045,-0.11859290829507074,GOOD,,68.54311485495316,68.54311485495317,,GOOD,,13.848622970990633,13.848622970990752,,GOOD,,70.09213679660502,70.11772811443224,-0.025591317827220905,GOOD,,17.660753397472195,17.66075339747235,-1.5631940186722204e-13,GOOD,,315.92037148405836,315.9203714840586,-2.2737367544323206e-13,GOOD,,318.96713695798013,318.96713695798053,-3.979039320256561e-13,GOOD,,,,,MISSING,,,,,MISSING,,b223ff39df8878006424042c90f809486bfb7a67b4685a6e9760ffd1033df7da,run_ec8c1d4095ea480a906b81611a7dc932.b223ff39df8878006424042c90f809486bfb7a67b4685a6e9760ffd1033df7da,2026-10-03T10:46:23.945835+00:00,2026-10-03T10:46:23.945835+00:00,2026-01-01T00:20:00.000000+00:00,demo.generator.v2.map.5c262229d3fe,sha256:e0e03a76b126628a9293c6eff54155b21558e908ffbe39b25f6f484ab14839fa,"{""adapter_version"": ""csv.adapter.v2"", ""declared_timezone"": ""Asia/Colombo"", ""mapping_version"": ""5c262229d3fe6a666ae239aa791a2c308149326550fef3fd18c5634474cb8de6"", ""original_row"": {""Ir_A"": ""318.96713695798013"", ""Is_A"": ""315.92037148405836"", ""Pr_MW"": ""68.54311485495316"", ""Ps_MW"": ""70.09213679660502"", ""Qr_MVAr"": ""13.848622970990633"", ""Qs_MVAr"": ""17.660753397472195"", ""Vr_kV"": ""126.45564718171538"", ""Vs_kV"": ""132.14357787137382"", ""connection_state"": ""CONNECTED"", ""timestamp"": ""2026-01-01T00:20:00Z""}, ""row_number"": 6, ""terminal_directions"": ""receiving P/Q positive out""}"
2026-01-01T00:25:00.000000+00:00,TL_001,synthetic,SOLVED,rev_6e24672c52e849e3b7890d53aaeb4d40.TL_001,rev_6e24672c52e849e3b7890d53aaeb4d40,126.4431254733639,126.54336017636956,-0.10023470300565407,1.5954793560011211,53.5108885432911,05014d6f66b27398d5c2ae789be40dd0e63fd6044ab307b341b2a40c647709ca,132.15443343742598,,,GOOD,,126.4431254733639,126.54336017636956,-0.10023470300565407,GOOD,,68.97733749703929,68.97733749703929,,GOOD,,13.935467499407858,13.935467499407755,,GOOD,,70.59615061110323,70.57281685304041,0.023333758062818788,GOOD,,17.83934169917992,17.839341699179947,-2.842170943040401e-14,GOOD,,318.01305448798934,318.0130544879897,-3.410605131648481e-13,GOOD,,321.0653312597463,321.06533125974664,-3.410605131648481e-13,GOOD,,,,,MISSING,,,,,MISSING,,f529513a3aef046bb1c26cf552d8972c1415d16326d2f89c8a3641c2eda84280,run_ec8c1d4095ea480a906b81611a7dc932.f529513a3aef046bb1c26cf552d8972c1415d16326d2f89c8a3641c2eda84280,2026-10-03T10:46:24.296408+00:00,2026-10-03T10:46:24.296408+00:00,2026-01-01T00:25:00.000000+00:00,demo.generator.v2.map.5c262229d3fe,sha256:e0e03a76b126628a9293c6eff54155b21558e908ffbe39b25f6f484ab14839fa,"{""adapter_version"": ""csv.adapter.v2"", ""declared_timezone"": ""Asia/Colombo"", ""mapping_version"": ""5c262229d3fe6a666ae239aa791a2c308149326550fef3fd18c5634474cb8de6"", ""original_row"": {""Ir_A"": ""321.0653312597463"", ""Is_A"": ""318.01305448798934"", ""Pr_MW"": ""68.97733749703929"", ""Ps_MW"": ""70.59615061110323"", ""Qr_MVAr"": ""13.935467499407858"", ""Qs_MVAr"": ""17.83934169917992"", ""Vr_kV"": ""126.4431254733639"", ""Vs_kV"": ""132.15443343742598"", ""connection_state"": ""CONNECTED"", ""timestamp"": ""2026-01-01T00:25:00Z""}, ""row_number"": 7, ""terminal_directions"": ""receiving P/Q positive out""}"
2026-01-01T00:30:00.000000+00:00,TL_001,synthetic,SOLVED,rev_6e24672c52e849e3b7890d53aaeb4d40.TL_001,rev_6e24672c52e849e3b7890d53aaeb4d40,126.39641662026516,126.51248548246953,-0.11606886220437218,1.6164445724884189,53.85995228177719,05014d6f66b27398d5c2ae789be40dd0e63fd6044ab307b341b2a40c647709ca,132.16526309611,,,GOOD,,126.39641662026516,126.51248548246953,-0.11606886220437218,GOOD,,69.41052384440103,69.41052384440103,,GOOD,,14.022104768880206,14.022104768880078,,GOOD,,71.06078565309848,71.02696841688945,0.033817236209031876,GOOD,,18.01815670280352,18.018156702803548,-2.842170943040401e-14,GOOD,,320.1019595464508,320.1019595464509,-1.1368683772161603e-13,GOOD,,323.15971369066307,323.1597136906631,-5.684341886080802e-14,GOOD,,,,,MISSING,,,,,MISSING,,6dca811c18169e18511bd93bb23159f0d5c4984941045788078e00f6d030f2b1,run_ec8c1d4095ea480a906b81611a7dc932.6dca811c18169e18511bd93bb23159f0d5c4984941045788078e00f6d030f2b1,2026-10-03T10:46:24.672016+00:00,2026-10-03T10:46:24.672016+00:00,2026-01-01T00:30:00.000000+00:00,demo.generator.v2.map.5c262229d3fe,sha256:e0e03a76b126628a9293c6eff54155b21558e908ffbe39b25f6f484ab14839fa,"{""adapter_version"": ""csv.adapter.v2"", ""declared_timezone"": ""Asia/Colombo"", ""mapping_version"": ""5c262229d3fe6a666ae239aa791a2c308149326550fef3fd18c5634474cb8de6"", ""original_row"": {""Ir_A"": ""323.15971369066307"", ""Is_A"": ""320.1019595464508"", ""Pr_MW"": ""69.41052384440103"", ""Ps_MW"": ""71.06078565309848"", ""Qr_MVAr"": ""14.022104768880206"", ""Qs_MVAr"": ""18.01815670280352"", ""Vr_kV"": ""126.39641662026516"", ""Vs_kV"": ""132.16526309611"", ""connection_state"": ""CONNECTED"", ""timestamp"": ""2026-01-01T00:30:00Z""}, ""row_number"": 8, ""terminal_directions"": ""receiving P/Q positive out""}"
2026-01-01T00:35:00.000000+00:00,TL_001,synthetic,SOLVED,rev_6e24672c52e849e3b7890d53aaeb4d40.TL_001,rev_6e24672c52e849e3b7890d53aaeb4d40,126.3740237306587,126.48163107608985,-0.10760734543114836,1.6374980377006807,54.20821378287831,05014d6f66b27398d5c2ae789be40dd0e63fd6044ab307b341b2a40c647709ca,132.17606169309497,,,GOOD,,126.3740237306587,126.48163107608985,-0.10760734543114836,GOOD,,69.84246772379834,69.84246772379834,,GOOD,,14.108493544759666,14.108493544759677,,GOOD,,71.45418698761249,71.47996576149902,-0.02577877388652894,GOOD,,18.197109387216123,18.19710938721615,-2.4868995751603507e-14,GOOD,,322.1860871355299,322.18608713553,-1.1368683772161603e-13,GOOD,,325.2492826972697,325.2492826972699,-2.2737367544323206e-13,GOOD,,,,,MISSING,,,,,MISSING,,9dede25e4a6af455a417f4147f395709c3c276aecebffef41da8a874360df9ff,run_ec8c1d4095ea480a906b81611a7dc932.9dede25e4a6af455a417f4147f395709c3c276aecebffef41da8a874360df9ff,2026-10-03T10:46:25.006208+00:00,2026-10-03T10:46:25.006208+00:00,2026-01-01T00:35:00.000000+00:00,demo.generator.v2.map.5c262229d3fe,sha256:e0e03a76b126628a9293c6eff54155b21558e908ffbe39b25f6f484ab14839fa,"{""adapter_version"": ""csv.adapter.v2"", ""declared_timezone"": ""Asia/Colombo"", ""mapping_version"": ""5c262229d3fe6a666ae239aa791a2c308149326550fef3fd18c5634474cb8de6"", ""original_row"": {""Ir_A"": ""325.2492826972697"", ""Is_A"": ""322.1860871355299"", ""Pr_MW"": ""69.84246772379834"", ""Ps_MW"": ""71.45418698761249"", ""Qr_MVAr"": ""14.108493544759666"", ""Qs_MVAr"": ""18.197109387216123"", ""Vr_kV"": ""126.3740237306587"", ""Vs_kV"": ""132.17606169309497"", ""connection_state"": ""CONNECTED"", ""timestamp"": ""2026-01-01T00:35:00Z""}, ""row_number"": 9, ""terminal_directions"": ""receiving P/Q positive out""}"
2026-01-01T00:40:00.000000+00:00,TL_001,synthetic,SOLVED,rev_6e24672c52e849e3b7890d53aaeb4d40.TL_001,rev_6e24672c52e849e3b7890d53aaeb4d40,126.34166009244386,126.45081211320887,-0.10915202076500918,1.6586286266691133,54.55550621351585,05014d6f66b27398d5c2ae789be40dd0e63fd6044ab307b341b2a40c647709ca,132.18682408883345,,,GOOD,,126.34166009244386,126.45081211320887,-0.10915202076500918,GOOD,,70.2729635533386,70.27296355333857,,GOOD,,14.194592710667722,14.194592710667662,,GOOD,,71.90282570198282,71.93159218000768,-0.028766478024863318,GOOD,,18.37610973747171,18.37610973747168,3.197442310920451e-14,GOOD,,324.26443825784264,324.2644382578427,-5.684341886080802e-14,GOOD,,327.333037281095,327.3330372810951,-5.684341886080802e-14,GOOD,,,,,MISSING,,,,,MISSING,,e1f2772eae8be845d3368b12daa45c63d2116bef5a98a0a07667895eb068e5a0,run_ec8c1d4095ea480a906b81611a7dc932.e1f2772eae8be845d3368b12daa45c63d2116bef5a98a0a07667895eb068e5a0,2026-10-03T10:46:25.370565+00:00,2026-10-03T10:46:25.370565+00:00,2026-01-01T00:40:00.000000+00:00,demo.generator.v2.map.5c262229d3fe,sha256:e0e03a76b126628a9293c6eff54155b21558e908ffbe39b25f6f484ab14839fa,"{""adapter_version"": ""csv.adapter.v2"", ""declared_timezone"": ""Asia/Colombo"", ""mapping_version"": ""5c262229d3fe6a666ae239aa791a2c308149326550fef3fd18c5634474cb8de6"", ""original_row"": {""Ir_A"": ""327.333037281095"", ""Is_A"": ""324.26443825784264"", ""Pr_MW"": ""70.2729635533386"", ""Ps_MW"": ""71.90282570198282"", ""Qr_MVAr"": ""14.194592710667722"", ""Qs_MVAr"": ""18.37610973747171"", ""Vr_kV"": ""126.34166009244386"", ""Vs_kV"": ""132.18682408883345"", ""connection_state"": ""CONNECTED"", ""timestamp"": ""2026-01-01T00:40:00Z""}, ""row_number"": 10, ""terminal_directions"": ""receiving P/Q positive out""}"
2026-01-01T00:45:00.000000+00:00,TL_001,synthetic,SOLVED,rev_6e24672c52e849e3b7890d53aaeb4d40.TL_001,rev_6e24672c52e849e3b7890d53aaeb4d40,126.32151464275519,126.42004383028872,-0.09852918753352924,1.6798249674285017,54.90166291273908,05014d6f66b27398d5c2ae789be40dd0e63fd6044ab307b341b2a40c647709ca,132.19754516100807,,,GOOD,,126.32151464275519,126.42004383028872,-0.09852918753352924,GOOD,,70.70180644032256,70.70180644032251,,GOOD,,14.280361288064514,14.28036128806434,,GOOD,,72.38013363042147,72.38163140775102,-0.0014977773295470342,GOOD,,18.555066793948047,18.555066793947823,2.2382096176443156e-13,GOOD,,326.33601492076247,326.33601492076224,2.2737367544323206e-13,GOOD,,329.4099774764347,329.40997747643445,2.2737367544323206e-13,GOOD,,,,,MISSING,,,,,MISSING,,1d261bb5cfc433415aceff22f33f4413636f6908a86fac6c2d40a9f040630182,run_ec8c1d4095ea480a906b81611a7dc932.1d261bb5cfc433415aceff22f33f4413636f6908a86fac6c2d40a9f040630182,2026-10-03T10:46:25.687363+00:00,2026-10-03T10:46:25.687363+00:00,2026-01-01T00:45:00.000000+00:00,demo.generator.v2.map.5c262229d3fe,sha256:e0e03a76b126628a9293c6eff54155b21558e908ffbe39b25f6f484ab14839fa,"{""adapter_version"": ""csv.adapter.v2"", ""declared_timezone"": ""Asia/Colombo"", ""mapping_version"": ""5c262229d3fe6a666ae239aa791a2c308149326550fef3fd18c5634474cb8de6"", ""original_row"": {""Ir_A"": ""329.4099774764347"", ""Is_A"": ""326.33601492076247"", ""Pr_MW"": ""70.70180644032256"", ""Ps_MW"": ""72.38013363042147"", ""Qr_MVAr"": ""14.280361288064514"", ""Qs_MVAr"": ""18.555066793948047"", ""Vr_kV"": ""126.32151464275519"", ""Vs_kV"": ""132.19754516100807"", ""connection_state"": ""CONNECTED"", ""timestamp"": ""2026-01-01T00:45:00Z""}, ""row_number"": 11, ""terminal_directions"": ""receiving P/Q positive out""}"
2026-01-01T00:50:00.000000+00:00,TL_001,synthetic,SOLVED,rev_6e24672c52e849e3b7890d53aaeb4d40.TL_001,rev_6e24672c52e849e3b7890d53aaeb4d40,126.26997308133832,126.38934153633053,-0.11936845499221249,1.7010754482763417,55.24651747185371,05014d6f66b27398d5c2ae789be40dd0e63fd6044ab307b341b2a40c647709ca,132.20821980696905,,,GOOD,,126.26997308133832,126.38934153633053,-0.11936845499221249,GOOD,,71.12879227876205,71.12879227876202,,GOOD,,14.365758455752411,14.365758455752289,,GOOD,,72.80943984070628,72.82986772703836,-0.020427886332086587,GOOD,,18.73388870373411,18.733888703733907,2.0250467969162855e-13,GOOD,,328.39982061761015,328.39982061761,1.7053025658242404e-13,GOOD,,331.47910483112247,331.47910483112224,2.2737367544323206e-13,GOOD,,,,,MISSING,,,,,MISSING,,1554bb6f03e69950a2e15d47d2d40f5b56aaa69ab5c4d9308ed28431bcf0d2e5,run_ec8c1d4095ea480a906b81611a7dc932.1554bb6f03e69950a2e15d47d2d40f5b56aaa69ab5c4d9308ed28431bcf0d2e5,2026-10-03T10:46:26.053870+00:00,2026-10-03T10:46:26.053870+00:00,2026-01-01T00:50:00.000000+00:00,demo.generator.v2.map.5c262229d3fe,sha256:e0e03a76b126628a9293c6eff54155b21558e908ffbe39b25f6f484ab14839fa,"{""adapter_version"": ""csv.adapter.v2"", ""declared_timezone"": ""Asia/Colombo"", ""mapping_version"": ""5c262229d3fe6a666ae239aa791a2c308149326550fef3fd18c5634474cb8de6"", ""original_row"": {""Ir_A"": ""331.47910483112247"", ""Is_A"": ""328.39982061761015"", ""Pr_MW"": ""71.12879227876205"", ""Ps_MW"": ""72.80943984070628"", ""Qr_MVAr"": ""14.365758455752411"", ""Qs_MVAr"": ""18.73388870373411"", ""Vr_kV"": ""126.26997308133832"", ""Vs_kV"": ""132.20821980696905"", ""connection_state"": ""CONNECTED"", ""timestamp"": ""2026-01-01T00:50:00Z""}, ""row_number"": 12, ""terminal_directions"": ""receiving P/Q positive out""}"
2026-01-01T00:55:00.000000+00:00,TL_001,synthetic,SOLVED,rev_6e24672c52e849e3b7890d53aaeb4d40.TL_001,rev_6e24672c52e849e3b7890d53aaeb4d40,126.26792514932464,126.35872060470464,-0.09079545538000389,1.722368225554817,55.589903815017315,05014d6f66b27398d5c2ae789be40dd0e63fd6044ab307b341b2a40c647709ca,132.21884294616308,,,GOOD,,126.26792514932464,126.35872060470464,-0.09079545538000389,GOOD,,71.55371784652345,71.55371784652347,,GOOD,,14.450743569304692,14.450743569304688,,GOOD,,73.27145018761615,73.27608607207829,-0.004635884462132367,GOOD,,18.912482774236324,18.91248277423635,-2.4868995751603507e-14,GOOD,,330.45486081161,330.4548608116103,-2.8421709430404007e-13,GOOD,,333.5394228901034,333.53942289010394,-5.115907697472721e-13,GOOD,,,,,MISSING,,,,,MISSING,,7d1c20377462c2587fc69dc17c9a9df39d529b2b3a86bd68bd068501b5adda4a,run_ec8c1d4095ea480a906b81611a7dc932.7d1c20377462c2587fc69dc17c9a9df39d529b2b3a86bd68bd068501b5adda4a,2026-10-03T10:46:26.421572+00:00,2026-10-03T10:46:26.421572+00:00,2026-01-01T00:55:00.000000+00:00,demo.generator.v2.map.5c262229d3fe,sha256:e0e03a76b126628a9293c6eff54155b21558e908ffbe39b25f6f484ab14839fa,"{""adapter_version"": ""csv.adapter.v2"", ""declared_timezone"": ""Asia/Colombo"", ""mapping_version"": ""5c262229d3fe6a666ae239aa791a2c308149326550fef3fd18c5634474cb8de6"", ""original_row"": {""Ir_A"": ""333.5394228901034"", ""Is_A"": ""330.45486081161"", ""Pr_MW"": ""71.55371784652345"", ""Ps_MW"": ""73.27145018761615"", ""Qr_MVAr"": ""14.450743569304692"", ""Qs_MVAr"": ""18.912482774236324"", ""Vr_kV"": ""126.26792514932464"", ""Vs_kV"": ""132.21884294616308"", ""connection_state"": ""CONNECTED"", ""timestamp"": ""2026-01-01T00:55:00Z""}, ""row_number"": 13, ""terminal_directions"": ""receiving P/Q positive out""}"
2026-01-01T01:00:00.000000+00:00,TL_001,synthetic,SOLVED,rev_6e24672c52e849e3b7890d53aaeb4d40.TL_001,rev_6e24672c52e849e3b7890d53aaeb4d40,126.20480628921732,126.32819646475853,-0.12339017554121767,1.74369123195099,55.931656280269046,05014d6f66b27398d5c2ae789be40dd0e63fd6044ab307b341b2a40c647709ca,132.22940952255126,,,GOOD,,126.20480628921732,126.32819646475853,-0.12339017554121767,GOOD,,71.97638090205041,71.97638090205041,,GOOD,,14.535276180410083,14.53527618041014,,GOOD,,73.70950812748674,73.7200721340014,-0.010564006514655944,GOOD,,19.0907555289713,19.090755528971393,-9.237055564881302e-14,GOOD,,332.5001434224193,332.50014342241946,-1.7053025658242404e-13,GOOD,,335.58993768161406,335.5899376816143,-2.2737367544323206e-13,GOOD,,,,,MISSING,,,,,MISSING,,55f1fc008d383a2b66fdac798bd9a77276f18eec27cc691fa04e75b30f8937c6,run_ec8c1d4095ea480a906b81611a7dc932.55f1fc008d383a2b66fdac798bd9a77276f18eec27cc691fa04e75b30f8937c6,2026-10-03T10:46:26.701765+00:00,2026-10-03T10:46:26.701765+00:00,2026-01-01T01:00:00.000000+00:00,demo.generator.v2.map.5c262229d3fe,sha256:e0e03a76b126628a9293c6eff54155b21558e908ffbe39b25f6f484ab14839fa,"{""adapter_version"": ""csv.adapter.v2"", ""declared_timezone"": ""Asia/Colombo"", ""mapping_version"": ""5c262229d3fe6a666ae239aa791a2c308149326550fef3fd18c5634474cb8de6"", ""original_row"": {""Ir_A"": ""335.58993768161406"", ""Is_A"": ""332.5001434224193"", ""Pr_MW"": ""71.97638090205041"", ""Ps_MW"": ""73.70950812748674"", ""Qr_MVAr"": ""14.535276180410083"", ""Qs_MVAr"": ""19.0907555289713"", ""Vr_kV"": ""126.20480628921732"", ""Vs_kV"": ""132.22940952255126"", ""connection_state"": ""CONNECTED"", ""timestamp"": ""2026-01-01T01:00:00Z""}, ""row_number"": 14, ""terminal_directions"": ""receiving P/Q positive out""}"
2026-01-01T01:05:00.000000+00:00,TL_001,synthetic,SOLVED,rev_6e24672c52e849e3b7890d53aaeb4d40.TL_001,rev_6e24672c52e849e3b7890d53aaeb4d40,126.19402735719866,126.29778459320693,-0.10375723600826348,1.765032185308769,56.271609700959466,05014d6f66b27398d5c2ae789be40dd0e63fd6044ab307b341b2a40c647709ca,132.2399145070155,,,GOOD,,126.19402735719866,126.29778459320693,-0.10375723600826348,GOOD,,72.39658028061984,72.39658028061984,,GOOD,,14.619316056123969,14.61931605612405,,GOOD,,74.17257578785953,74.16161246592861,0.010963321930915981,GOOD,,19.26861276550827,19.268612765508454,-1.8474111129762605e-13,GOOD,,334.53467931501575,334.53467931501604,-2.8421709430404007e-13,GOOD,,337.6296582057564,337.6296582057568,-3.979039320256561e-13,GOOD,,,,,MISSING,,,,,MISSING,,b4491c7d697a5b9041d0fab9b93ef42a576a3444a02919396bc30c421357c187,run_ec8c1d4095ea480a906b81611a7dc932.b4491c7d697a5b9041d0fab9b93ef42a576a3444a02919396bc30c421357c187,2026-10-03T10:46:26.965398+00:00,2026-10-03T10:46:26.965398+00:00,2026-01-01T01:05:00.000000+00:00,demo.generator.v2.map.5c262229d3fe,sha256:e0e03a76b126628a9293c6eff54155b21558e908ffbe39b25f6f484ab14839fa,"{""adapter_version"": ""csv.adapter.v2"", ""declared_timezone"": ""Asia/Colombo"", ""mapping_version"": ""5c262229d3fe6a666ae239aa791a2c308149326550fef3fd18c5634474cb8de6"", ""original_row"": {""Ir_A"": ""337.6296582057564"", ""Is_A"": ""334.53467931501575"", ""Pr_MW"": ""72.39658028061984"", ""Ps_MW"": ""74.17257578785953"", ""Qr_MVAr"": ""14.619316056123969"", ""Qs_MVAr"": ""19.26861276550827"", ""Vr_kV"": ""126.19402735719866"", ""Vs_kV"": ""132.2399145070155"", ""connection_state"": ""CONNECTED"", ""timestamp"": ""2026-01-01T01:05:00Z""}, ""row_number"": 15, ""terminal_directions"": ""receiving P/Q positive out""}"
2026-01-01T01:10:00.000000+00:00,TL_001,synthetic,SOLVED,rev_6e24672c52e849e3b7890d53aaeb4d40.TL_001,rev_6e24672c52e849e3b7890d53aaeb4d40,126.16176927353133,126.26750050530933,-0.1057312317779946,1.7863785979457134,56.609599487543406,05014d6f66b27398d5c2ae789be40dd0e63fd6044ab307b341b2a40c647709ca,132.25035289975213,,,GOOD,,126.16176927353133,126.26750050530933,-0.1057312317779946,GOOD,,72.81411599008545,72.81411599008545,,GOOD,,14.702823198017093,14.702823198017045,,GOOD,,74.61341921812138,74.60049458803117,0.012924630090211053,GOOD,,19.445959615524355,19.44595961552445,-9.592326932761353e-14,GOOD,,336.5574827907377,336.55748279073794,-2.2737367544323206e-13,GOOD,,339.65759692526024,339.6575969252604,-1.7053025658242404e-13,GOOD,,,,,MISSING,,,,,MISSING,,7aa253d0c80159cd4e11a6881e6cc4eaa321eab51b32d61c976ae3bddc62f7a5,run_ec8c1d4095ea480a906b81611a7dc932.7aa253d0c80159cd4e11a6881e6cc4eaa321eab51b32d61c976ae3bddc62f7a5,2026-10-03T10:46:27.221574+00:00,2026-10-03T10:46:27.221574+00:00,2026-01-01T01:10:00.000000+00:00,demo.generator.v2.map.5c262229d3fe,sha256:e0e03a76b126628a9293c6eff54155b21558e908ffbe39b25f6f484ab14839fa,"{""adapter_version"": ""csv.adapter.v2"", ""declared_timezone"": ""Asia/Colombo"", ""mapping_version"": ""5c262229d3fe6a666ae239aa791a2c308149326550fef3fd18c5634474cb8de6"", ""original_row"": {""Ir_A"": ""339.65759692526024"", ""Is_A"": ""336.5574827907377"", ""Pr_MW"": ""72.81411599008545"", ""Ps_MW"": ""74.61341921812138"", ""Qr_MVAr"": ""14.702823198017093"", ""Qs_MVAr"": ""19.445959615524355"", ""Vr_kV"": ""126.16176927353133"", ""Vs_kV"": ""132.25035289975213"", ""connection_state"": ""CONNECTED"", ""timestamp"": ""2026-01-01T01:10:00Z""}, ""row_number"": 16, ""terminal_directions"": ""receiving P/Q positive out""}"
2026-01-01T01:15:00.000000+00:00,TL_001,synthetic,SOLVED,rev_6e24672c52e849e3b7890d53aaeb4d40.TL_001,rev_6e24672c52e849e3b7890d53aaeb4d40,126.16662148716311,126.23735974583964,-0.07073825867652772,1.8077177864664975,56.94546170969996,05014d6f66b27398d5c2ae789be40dd0e63fd6044ab307b341b2a40c647709ca,132.26071973265158,,,GOOD,,126.16662148716311,126.23735974583964,-0.07073825867652772,GOOD,,73.22878930606323,73.22878930606323,,GOOD,,14.785757861212646,14.785757861212574,,GOOD,,75.0243146420382,75.03650709252973,-0.01219245049152562,GOOD,,19.622700606923004,19.62270060692295,5.3290705182007514e-14,GOOD,,338.56757208024356,338.5675720802435,5.684341886080802e-14,GOOD,,341.67277025819965,341.67277025819976,-1.1368683772161603e-13,GOOD,,,,,MISSING,,,,,MISSING,,961bc7334f61203637379e44dccae677af656003d364abbd77125c6f6cc503a4,run_ec8c1d4095ea480a906b81611a7dc932.961bc7334f61203637379e44dccae677af656003d364abbd77125c6f6cc503a4,2026-10-03T10:46:27.555065+00:00,2026-10-03T10:46:27.555065+00:00,2026-01-01T01:15:00.000000+00:00,demo.generator.v2.map.5c262229d3fe,sha256:e0e03a76b126628a9293c6eff54155b21558e908ffbe39b25f6f484ab14839fa,"{""adapter_version"": ""csv.adapter.v2"", ""declared_timezone"": ""Asia/Colombo"", ""mapping_version"": ""5c262229d3fe6a666ae239aa791a2c308149326550fef3fd18c5634474cb8de6"", ""original_row"": {""Ir_A"": ""341.67277025819965"", ""Is_A"": ""338.56757208024356"", ""Pr_MW"": ""73.22878930606323"", ""Ps_MW"": ""75.0243146420382"", ""Qr_MVAr"": ""14.785757861212646"", ""Qs_MVAr"": ""19.622700606923004"", ""Vr_kV"": ""126.16662148716311"", ""Vs_kV"": ""132.26071973265158"", ""connection_state"": ""CONNECTED"", ""timestamp"": ""2026-01-01T01:15:00Z""}, ""row_number"": 17, ""terminal_directions"": ""receiving P/Q positive out""}"
2026-01-01T01:20:00.000000+00:00,TL_001,synthetic,SOLVED,rev_6e24672c52e849e3b7890d53aaeb4d40.TL_001,rev_6e24672c52e849e3b7890d53aaeb4d40,126.08397342813959,126.20737787985443,-0.1234044517148476,1.8290368820636047,57.27903317873895,05014d6f66b27398d5c2ae789be40dd0e63fd6044ab307b341b2a40c647709ca,132.27101007166283,,,GOOD,,126.08397342813959,126.20737787985443,-0.1234044517148476,GOOD,,73.64040286651337,73.64040286651337,,GOOD,,14.868080573302676,14.86808057330282,,GOOD,,75.44502656672948,75.46943974857697,-0.024413181847492638,GOOD,,19.798739727968346,19.798739727968726,-3.801403636316536e-13,GOOD,,340.56396983815904,340.5639698381598,-7.389644451905042e-13,GOOD,,343.67419907243305,343.6741990724337,-6.252776074688882e-13,GOOD,,,,,MISSING,,,,,MISSING,,041156af73cda64b739c13baf4ce13d4a840304c27929f112967130fb3b9f068,run_ec8c1d4095ea480a906b81611a7dc932.041156af73cda64b739c13baf4ce13d4a840304c27929f112967130fb3b9f068,2026-10-03T10:46:27.906248+00:00,2026-10-03T10:46:27.906248+00:00,2026-01-01T01:20:00.000000+00:00,demo.generator.v2.map.5c262229d3fe,sha256:e0e03a76b126628a9293c6eff54155b21558e908ffbe39b25f6f484ab14839fa,"{""adapter_version"": ""csv.adapter.v2"", ""declared_timezone"": ""Asia/Colombo"", ""mapping_version"": ""5c262229d3fe6a666ae239aa791a2c308149326550fef3fd18c5634474cb8de6"", ""original_row"": {""Ir_A"": ""343.67419907243305"", ""Is_A"": ""340.56396983815904"", ""Pr_MW"": ""73.64040286651337"", ""Ps_MW"": ""75.44502656672948"", ""Qr_MVAr"": ""14.868080573302676"", ""Qs_MVAr"": ""19.798739727968346"", ""Vr_kV"": ""126.08397342813959"", ""Vs_kV"": ""132.27101007166283"", ""connection_state"": ""CONNECTED"", ""timestamp"": ""2026-01-01T01:20:00Z""}, ""row_number"": 18, ""terminal_directions"": ""receiving P/Q positive out""}"
2026-01-01T01:25:00.000000+00:00,TL_001,synthetic,SOLVED,rev_6e24672c52e849e3b7890d53aaeb4d40.TL_001,rev_6e24672c52e849e3b7890d53aaeb4d40,126.0771388324828,126.17757048326564,-0.10043165078283778,1.850322841294954,57.610151530254825,05014d6f66b27398d5c2ae789be40dd0e63fd6044ab307b341b2a40c647709ca,132.28121901914184,,,GOOD,,126.0771388324828,126.17757048326564,-0.10043165078283778,GOOD,,74.04876076567403,74.04876076567402,,GOOD,,14.949752153134806,14.949752153134696,,GOOD,,75.93295277575059,75.89908360696897,0.03386916878162083,GOOD,,19.97398049338237,19.973980493382342,2.842170943040401e-14,GOOD,,342.54570363917566,342.5457036391756,5.684341886080802e-14,GOOD,,345.660909181529,345.66090918152895,5.684341886080802e-14,GOOD,,,,,MISSING,,,,,MISSING,,2f9eb1458c29e601be67de6c1e788ca7f9c6d7fff3b95f34707769adf98dc3f4,run_ec8c1d4095ea480a906b81611a7dc932.2f9eb1458c29e601be67de6c1e788ca7f9c6d7fff3b95f34707769adf98dc3f4,2026-10-03T10:46:28.146414+00:00,2026-10-03T10:46:28.146414+00:00,2026-01-01T01:25:00.000000+00:00,demo.generator.v2.map.5c262229d3fe,sha256:e0e03a76b126628a9293c6eff54155b21558e908ffbe39b25f6f484ab14839fa,"{""adapter_version"": ""csv.adapter.v2"", ""declared_timezone"": ""Asia/Colombo"", ""mapping_version"": ""5c262229d3fe6a666ae239aa791a2c308149326550fef3fd18c5634474cb8de6"", ""original_row"": {""Ir_A"": ""345.660909181529"", ""Is_A"": ""342.54570363917566"", ""Pr_MW"": ""74.04876076567403"", ""Ps_MW"": ""75.93295277575059"", ""Qr_MVAr"": ""14.949752153134806"", ""Qs_MVAr"": ""19.97398049338237"", ""Vr_kV"": ""126.0771388324828"", ""Vs_kV"": ""132.28121901914184"", ""connection_state"": ""CONNECTED"", ""timestamp"": ""2026-01-01T01:25:00Z""}, ""row_number"": 19, ""terminal_directions"": ""receiving P/Q positive out""}"
2026-01-01T01:30:00.000000+00:00,TL_001,synthetic,SOLVED,rev_6e24672c52e849e3b7890d53aaeb4d40.TL_001,rev_6e24672c52e849e3b7890d53aaeb4d40,126.03332785271813,126.14795313322388,-0.1146252805057486,1.8715624573274283,57.93865530698571,05014d6f66b27398d5c2ae789be40dd0e63fd6044ab307b341b2a40c647709ca,132.29134171618253,,,GOOD,,126.03332785271813,126.14795313322388,-0.1146252805057486,GOOD,,74.4536686473018,74.4536686473018,,GOOD,,15.030733729460358,15.030733729460449,,GOOD,,76.30002641032027,76.32523110462922,-0.02520469430895389,GOOD,,20.148326012341872,20.148326012342167,-2.948752353404416e-13,GOOD,,344.51180647533613,344.51180647533675,-6.252776074688882e-13,GOOD,,347.6319318419135,347.63193184191425,-7.389644451905042e-13,GOOD,,,,,MISSING,,,,,MISSING,,9b2341f2e7fcc20b63efcde79220a208fc452dd20cb055daecf0974e99d383a3,run_ec8c1d4095ea480a906b81611a7dc932.9b2341f2e7fcc20b63efcde79220a208fc452dd20cb055daecf0974e99d383a3,2026-10-03T10:46:28.384009+00:00,2026-10-03T10:46:28.384009+00:00,2026-01-01T01:30:00.000000+00:00,demo.generator.v2.map.5c262229d3fe,sha256:e0e03a76b126628a9293c6eff54155b21558e908ffbe39b25f6f484ab14839fa,"{""adapter_version"": ""csv.adapter.v2"", ""declared_timezone"": ""Asia/Colombo"", ""mapping_version"": ""5c262229d3fe6a666ae239aa791a2c308149326550fef3fd18c5634474cb8de6"", ""original_row"": {""Ir_A"": ""347.6319318419135"", ""Is_A"": ""344.51180647533613"", ""Pr_MW"": ""74.4536686473018"", ""Ps_MW"": ""76.30002641032027"", ""Qr_MVAr"": ""15.030733729460358"", ""Qs_MVAr"": ""20.148326012341872"", ""Vr_kV"": ""126.03332785271813"", ""Vs_kV"": ""132.29134171618253"", ""connection_state"": ""CONNECTED"", ""timestamp"": ""2026-01-01T01:30:00Z""}, ""row_number"": 20, ""terminal_directions"": ""receiving P/Q positive out""}"
2026-01-01T01:35:00.000000+00:00,TL_001,synthetic,SOLVED,rev_6e24672c52e849e3b7890d53aaeb4d40.TL_001,rev_6e24672c52e849e3b7890d53aaeb4d40,125.99010670780518,126.11854139832182,-0.12843469051664158,1.892742371632977,58.26438404183206,05014d6f66b27398d5c2ae789be40dd0e63fd6044ab307b341b2a40c647709ca,132.30137334492937,,,GOOD,,125.99010670780518,126.11854139832182,-0.12843469051664158,GOOD,,74.85493379717474,74.85493379717474,,GOOD,,15.11098675943495,15.110986759434883,,GOOD,,76.76719395244241,76.74767616880771,0.01951778363469714,GOOD,,20.321679058316445,20.32167905831653,-8.526512829121202e-14,GOOD,,346.46131725426096,346.4613172542613,-3.410605131648481e-13,GOOD,,349.58630425099204,349.5863042509923,-2.8421709430404007e-13,GOOD,,,,,MISSING,,,,,MISSING,,7c815cf28c03862cecb773f871de6892d8b11cf3e17942f143f396537869c881,run_ec8c1d4095ea480a906b81611a7dc932.7c815cf28c03862cecb773f871de6892d8b11cf3e17942f143f396537869c881,2026-10-03T10:46:28.637193+00:00,2026-10-03T10:46:28.637193+00:00,2026-01-01T01:35:00.000000+00:00,demo.generator.v2.map.5c262229d3fe,sha256:e0e03a76b126628a9293c6eff54155b21558e908ffbe39b25f6f484ab14839fa,"{""adapter_version"": ""csv.adapter.v2"", ""declared_timezone"": ""Asia/Colombo"", ""mapping_version"": ""5c262229d3fe6a666ae239aa791a2c308149326550fef3fd18c5634474cb8de6"", ""original_row"": {""Ir_A"": ""349.58630425099204"", ""Is_A"": ""346.46131725426096"", ""Pr_MW"": ""74.85493379717474"", ""Ps_MW"": ""76.76719395244241"", ""Qr_MVAr"": ""15.11098675943495"", ""Qs_MVAr"": ""20.321679058316445"", ""Vr_kV"": ""125.99010670780518"", ""Vs_kV"": ""132.30137334492937"", ""connection_state"": ""CONNECTED"", ""timestamp"": ""2026-01-01T01:35:00Z""}, ""row_number"": 21, ""terminal_directions"": ""receiving P/Q positive out""}"
2026-01-01T01:40:00.000000+00:00,TL_001,synthetic,SOLVED,rev_6e24672c52e849e3b7890d53aaeb4d40.TL_001,rev_6e24672c52e849e3b7890d53aaeb4d40,125.9926682772813,126.08935082862237,-0.0966825513410754,1.913849086124813,58.58717834099343,05014d6f66b27398d5c2ae789be40dd0e63fd6044ab307b341b2a40c647709ca,132.31130913087034,,,GOOD,,125.9926682772813,126.08935082862237,-0.0966825513410754,GOOD,,75.252365234814,75.252365234814,,GOOD,,15.190473046962797,15.190473046962843,,GOOD,,77.18250894898794,77.1662143209388,0.016294628049138282,GOOD,,20.49394214067515,20.493942140675266,-1.1723955140041653e-13,GOOD,,348.3932812980303,348.3932812980305,-2.2737367544323206e-13,GOOD,,351.5230700459601,351.52307004596054,-4.547473508864641e-13,GOOD,,,,,MISSING,,,,,MISSING,,5e704b0cf84dc483c63b6ba57005987dc39a3438888e8990d2c50cbd38ab8a71,run_ec8c1d4095ea480a906b81611a7dc932.5e704b0cf84dc483c63b6ba57005987dc39a3438888e8990d2c50cbd38ab8a71,2026-10-03T10:46:28.893836+00:00,2026-10-03T10:46:28.893836+00:00,2026-01-01T01:40:00.000000+00:00,demo.generator.v2.map.5c262229d3fe,sha256:e0e03a76b126628a9293c6eff54155b21558e908ffbe39b25f6f484ab14839fa,"{""adapter_version"": ""csv.adapter.v2"", ""declared_timezone"": ""Asia/Colombo"", ""mapping_version"": ""5c262229d3fe6a666ae239aa791a2c308149326550fef3fd18c5634474cb8de6"", ""original_row"": {""Ir_A"": ""351.5230700459601"", ""Is_A"": ""348.3932812980303"", ""Pr_MW"": ""75.252365234814"", ""Ps_MW"": ""77.18250894898794"", ""Qr_MVAr"": ""15.190473046962797"", ""Qs_MVAr"": ""20.49394214067515"", ""Vr_kV"": ""125.9926682772813"", ""Vs_kV"": ""132.31130913087034"", ""connection_state"": ""CONNECTED"", ""timestamp"": ""2026-01-01T01:40:00Z""}, ""row_number"": 22, ""terminal_directions"": ""receiving P/Q positive out""}"
2026-01-01T01:45:00.000000+00:00,TL_001,synthetic,SOLVED,rev_6e24672c52e849e3b7890d53aaeb4d40.TL_001,rev_6e24672c52e849e3b7890d53aaeb4d40,125.93593252518168,126.06039694552304,-0.1244644203413543,1.9348689757183308,58.906879967172166,05014d6f66b27398d5c2ae789be40dd0e63fd6044ab307b341b2a40c647709ca,132.3211443451095,,,GOOD,,125.93593252518168,126.06039694552304,-0.1244644203413543,GOOD,,75.64577380438003,75.64577380438003,,GOOD,,15.269154760876006,15.269154760876111,,GOOD,,77.58760761979033,77.58064278009836,0.006964839691974589,GOOD,,20.665017577992035,20.665017577992415,-3.801403636316536e-13,GOOD,,350.3067508424523,350.30675084245286,-5.684341886080801e-13,GOOD,,353.4412798030324,353.44127980303296,-5.684341886080801e-13,GOOD,,,,,MISSING,,,,,MISSING,,d7593008b56bff8d99ed50c26543f07ebe1baf18be8d67583faa0c60380c42e8,run_ec8c1d4095ea480a906b81611a7dc932.d7593008b56bff8d99ed50c26543f07ebe1baf18be8d67583faa0c60380c42e8,2026-10-03T10:46:29.187523+00:00,2026-10-03T10:46:29.187523+00:00,2026-01-01T01:45:00.000000+00:00,demo.generator.v2.map.5c262229d3fe,sha256:e0e03a76b126628a9293c6eff54155b21558e908ffbe39b25f6f484ab14839fa,"{""adapter_version"": ""csv.adapter.v2"", ""declared_timezone"": ""Asia/Colombo"", ""mapping_version"": ""5c262229d3fe6a666ae239aa791a2c308149326550fef3fd18c5634474cb8de6"", ""original_row"": {""Ir_A"": ""353.4412798030324"", ""Is_A"": ""350.3067508424523"", ""Pr_MW"": ""75.64577380438003"", ""Ps_MW"": ""77.58760761979033"", ""Qr_MVAr"": ""15.269154760876006"", ""Qs_MVAr"": ""20.665017577992035"", ""Vr_kV"": ""125.93593252518168"", ""Vs_kV"": ""132.3211443451095"", ""connection_state"": ""CONNECTED"", ""timestamp"": ""2026-01-01T01:45:00Z""}, ""row_number"": 23, ""terminal_directions"": ""receiving P/Q positive out""}"
2026-01-01T01:50:00.000000+00:00,TL_001,synthetic,SOLVED,rev_6e24672c52e849e3b7890d53aaeb4d40.TL_001,rev_6e24672c52e849e3b7890d53aaeb4d40,125.92326391991051,126.03169523146296,-0.10843131155245089,1.955788301301368,59.2233319227995,05014d6f66b27398d5c2ae789be40dd0e63fd6044ab307b341b2a40c647709ca,132.33087430661752,,,GOOD,,125.92326391991051,126.03169523146296,-0.10843131155245089,GOOD,,76.03497226470067,76.03497226470066,,GOOD,,15.346994452940136,15.346994452940127,,GOOD,,77.99732122390387,77.99076056600202,0.0065606579018435696,GOOD,,20.83480757297255,20.8348075729728,-2.4868995751603507e-13,GOOD,,352.2007855364248,352.20078553642526,-4.547473508864641e-13,GOOD,,355.33999153679645,355.339991536797,-5.684341886080801e-13,GOOD,,,,,MISSING,,,,,MISSING,,6e1ebbecb2ec6f702420da669568e1583430aa790fbb1b1de180df25256795fb,run_ec8c1d4095ea480a906b81611a7dc932.6e1ebbecb2ec6f702420da669568e1583430aa790fbb1b1de180df25256795fb,2026-10-03T10:46:29.455687+00:00,2026-10-03T10:46:29.455687+00:00,2026-01-01T01:50:00.000000+00:00,demo.generator.v2.map.5c262229d3fe,sha256:e0e03a76b126628a9293c6eff54155b21558e908ffbe39b25f6f484ab14839fa,"{""adapter_version"": ""csv.adapter.v2"", ""declared_timezone"": ""Asia/Colombo"", ""mapping_version"": ""5c262229d3fe6a666ae239aa791a2c308149326550fef3fd18c5634474cb8de6"", ""original_row"": {""Ir_A"": ""355.33999153679645"", ""Is_A"": ""352.2007855364248"", ""Pr_MW"": ""76.03497226470067"", ""Ps_MW"": ""77.99732122390387"", ""Qr_MVAr"": ""15.346994452940136"", ""Qs_MVAr"": ""20.83480757297255"", ""Vr_kV"": ""125.92326391991051"", ""Vs_kV"": ""132.33087430661752"", ""connection_state"": ""CONNECTED"", ""timestamp"": ""2026-01-01T01:50:00Z""}, ""row_number"": 24, ""terminal_directions"": ""receiving P/Q positive out""}"
2026-01-01T01:55:00.000000+00:00,TL_001,synthetic,SOLVED,rev_6e24672c52e849e3b7890d53aaeb4d40.TL_001,rev_6e24672c52e849e3b7890d53aaeb4d40,125.91030947042063,126.0032611194832,-0.09295164906257014,1.9765932230974386,59.53637853323171,05014d6f66b27398d5c2ae789be40dd0e63fd6044ab307b341b2a40c647709ca,132.34049438445967,,,GOOD,,125.91030947042063,126.0032611194832,-0.09295164906257014,GOOD,,76.41977537838775,76.41977537838775,,GOOD,,15.42395507567755,15.42395507567761,,GOOD,,78.40307646794837,78.3963686014852,0.006707866463173673,GOOD,,21.003214288918205,21.003214288918517,-3.126388037344441e-13,GOOD,,354.07445294108976,354.07445294109044,-6.821210263296962e-13,GOOD,,357.2182711993894,357.21827119939024,-8.526512829121202e-13,GOOD,,,,,MISSING,,,,,MISSING,,6366ff99fbeadf421707e81cdcb68207688d5f98f81645aab327459a1bedbd4a,run_ec8c1d4095ea480a906b81611a7dc932.6366ff99fbeadf421707e81cdcb68207688d5f98f81645aab327459a1bedbd4a,2026-10-03T10:46:29.809281+00:00,2026-10-03T10:46:29.809281+00:00,2026-01-01T01:55:00.000000+00:00,demo.generator.v2.map.5c262229d3fe,sha256:e0e03a76b126628a9293c6eff54155b21558e908ffbe39b25f6f484ab14839fa,"{""adapter_version"": ""csv.adapter.v2"", ""declared_timezone"": ""Asia/Colombo"", ""mapping_version"": ""5c262229d3fe6a666ae239aa791a2c308149326550fef3fd18c5634474cb8de6"", ""original_row"": {""Ir_A"": ""357.2182711993894"", ""Is_A"": ""354.07445294108976"", ""Pr_MW"": ""76.41977537838775"", ""Ps_MW"": ""78.40307646794837"", ""Qr_MVAr"": ""15.42395507567755"", ""Qs_MVAr"": ""21.003214288918205"", ""Vr_kV"": ""125.91030947042063"", ""Vs_kV"": ""132.34049438445967"", ""connection_state"": ""CONNECTED"", ""timestamp"": ""2026-01-01T01:55:00Z""}, ""row_number"": 25, ""terminal_directions"": ""receiving P/Q positive out""}"
2026-01-01T02:00:00.000000+00:00,TL_001,synthetic,SOLVED,rev_6e24672c52e849e3b7890d53aaeb4d40.TL_001,rev_6e24672c52e849e3b7890d53aaeb4d40,125.8786882539115,125.97510998265005,-0.09642172873854804,1.9972698144039072,59.84586552986543,05014d6f66b27398d5c2ae789be40dd0e63fd6044ab307b341b2a40c647709ca,132.35,,,GOOD,,125.8786882539115,125.97510998265005,-0.09642172873854804,GOOD,,76.8,76.8,,GOOD,,15.5,15.499999999999975,,GOOD,,78.79929718648849,78.7972698144039,0.0020273720845835896,GOOD,,21.170139927645224,21.170139927645486,-2.6290081223123707e-13,GOOD,,355.92682902847605,355.9268290284768,-7.389644451905042e-13,GOOD,,359.0751931791919,359.0751931791926,-6.821210263296962e-13,GOOD,,,,,MISSING,,,,,MISSING,,b5010904ec886f86d4b8a8bb629eec97cdda674d065b25e9c6e87e10555f07b6,run_ec8c1d4095ea480a906b81611a7dc932.b5010904ec886f86d4b8a8bb629eec97cdda674d065b25e9c6e87e10555f07b6,2026-10-03T10:46:30.107063+00:00,2026-10-03T10:46:30.107063+00:00,2026-01-01T02:00:00.000000+00:00,demo.generator.v2.map.5c262229d3fe,sha256:e0e03a76b126628a9293c6eff54155b21558e908ffbe39b25f6f484ab14839fa,"{""adapter_version"": ""csv.adapter.v2"", ""declared_timezone"": ""Asia/Colombo"", ""mapping_version"": ""5c262229d3fe6a666ae239aa791a2c308149326550fef3fd18c5634474cb8de6"", ""original_row"": {""Ir_A"": ""359.0751931791919"", ""Is_A"": ""355.92682902847605"", ""Pr_MW"": ""76.8"", ""Ps_MW"": ""78.79929718648849"", ""Qr_MVAr"": ""15.5"", ""Qs_MVAr"": ""21.170139927645224"", ""Vr_kV"": ""125.8786882539115"", ""Vs_kV"": ""132.35"", ""connection_state"": ""CONNECTED"", ""timestamp"": ""2026-01-01T02:00:00Z""}, ""row_number"": 26, ""terminal_directions"": ""receiving P/Q positive out""}"
2026-01-01T02:05:00.000000+00:00,TL_001,synthetic,SOLVED,rev_6e24672c52e849e3b7890d53aaeb4d40.TL_001,rev_6e24672c52e849e3b7890d53aaeb4d40,125.84341497648757,125.94725712335045,-0.10384214686288828,2.017804075686513,60.15164013312012,05014d6f66b27398d5c2ae789be40dd0e63fd6044ab307b341b2a40c647709ca,132.35938662908026,,,GOOD,,125.84341497648757,125.94725712335045,-0.10384214686288828,GOOD,,77.17546516321042,77.1754651632104,,GOOD,,15.575093032642085,15.575093032642098,,GOOD,,79.21220788567197,79.19326923889692,0.01893864677505519,GOOD,,21.335486808765594,21.335486808766056,-4.618527782440651e-13,GOOD,,357.75699867931127,357.75699867931223,-9.663381206337363e-13,GOOD,,360.9098407987198,360.90984079872067,-8.526512829121202e-13,GOOD,,,,,MISSING,,,,,MISSING,,102f4e867e2f38d8de97a7c19d7f115755ba80700f3002c44e53328b146ac422,run_ec8c1d4095ea480a906b81611a7dc932.102f4e867e2f38d8de97a7c19d7f115755ba80700f3002c44e53328b146ac422,2026-10-03T10:46:30.440091+00:00,2026-10-03T10:46:30.440091+00:00,2026-01-01T02:05:00.000000+00:00,demo.generator.v2.map.5c262229d3fe,sha256:e0e03a76b126628a9293c6eff54155b21558e908ffbe39b25f6f484ab14839fa,"{""adapter_version"": ""csv.adapter.v2"", ""declared_timezone"": ""Asia/Colombo"", ""mapping_version"": ""5c262229d3fe6a666ae239aa791a2c308149326550fef3fd18c5634474cb8de6"", ""original_row"": {""Ir_A"": ""360.9098407987198"", ""Is_A"": ""357.75699867931127"", ""Pr_MW"": ""77.17546516321042"", ""Ps_MW"": ""79.21220788567197"", ""Qr_MVAr"": ""15.575093032642085"", ""Qs_MVAr"": ""21.335486808765594"", ""Vr_kV"": ""125.84341497648757"", ""Vs_kV"": ""132.35938662908026"", ""connection_state"": ""CONNECTED"", ""timestamp"": ""2026-01-01T02:05:00Z""}, ""row_number"": 27, ""terminal_directions"": ""receiving P/Q positive out""}"
2026-01-01T02:10:00.000000+00:00,TL_001,synthetic,SOLVED,rev_6e24672c52e849e3b7890d53aaeb4d40.TL_001,rev_6e24672c52e849e3b7890d53aaeb4d40,125.78132063824245,125.9197177624726,-0.1383971242301527,2.0381819490108626,60.45355113523133,05014d6f66b27398d5c2ae789be40dd0e63fd6044ab307b341b2a40c647709ca,132.3686498041734,,,GOOD,,125.78132063824245,125.9197177624726,-0.1383971242301527,GOOD,,77.54599216693647,77.54599216693644,,GOOD,,15.649198433387294,15.649198433387257,,GOOD,,79.57458397945652,79.5841741159473,-0.009590136490785994,GOOD,,21.499157450238165,21.499157450238517,-3.517186542012496e-13,GOOD,,359.5640561796792,359.5640561796799,-6.821210263296962e-13,GOOD,,362.72130681138725,362.721306811388,-7.389644451905042e-13,GOOD,,,,,MISSING,,,,,MISSING,,6eb74dff49d0b02290ae6530931972db927d56f32e607297d5cc62339014b462,run_ec8c1d4095ea480a906b81611a7dc932.6eb74dff49d0b02290ae6530931972db927d56f32e607297d5cc62339014b462,2026-10-03T10:46:30.688794+00:00,2026-10-03T10:46:30.688794+00:00,2026-01-01T02:10:00.000000+00:00,demo.generator.v2.map.5c262229d3fe,sha256:e0e03a76b126628a9293c6eff54155b21558e908ffbe39b25f6f484ab14839fa,"{""adapter_version"": ""csv.adapter.v2"", ""declared_timezone"": ""Asia/Colombo"", ""mapping_version"": ""5c262229d3fe6a666ae239aa791a2c308149326550fef3fd18c5634474cb8de6"", ""original_row"": {""Ir_A"": ""362.72130681138725"", ""Is_A"": ""359.5640561796792"", ""Pr_MW"": ""77.54599216693647"", ""Ps_MW"": ""79.57458397945652"", ""Qr_MVAr"": ""15.649198433387294"", ""Qs_MVAr"": ""21.499157450238165"", ""Vr_kV"": ""125.78132063824245"", ""Vs_kV"": ""132.3686498041734"", ""connection_state"": ""CONNECTED"", ""timestamp"": ""2026-01-01T02:10:00Z""}, ""row_number"": 28, ""terminal_directions"": ""receiving P/Q positive out""}"
2026-01-01T02:15:00.000000+00:00,TL_001,synthetic,SOLVED,rev_6e24672c52e849e3b7890d53aaeb4d40.TL_001,rev_6e24672c52e849e3b7890d53aaeb4d40,125.77421098005472,125.89250702848007,-0.11829604842534991,2.05838933279027,60.7514489828007,05014d6f66b27398d5c2ae789be40dd0e63fd6044ab307b341b2a40c647709ca,132.37778511650978,,,GOOD,,125.77421098005472,125.89250702848007,-0.11829604842534991,GOOD,,77.91140466039204,77.91140466039201,,GOOD,,15.722280932078409,15.722280932078403,,GOOD,,79.95062765773488,79.96979399318228,-0.019166335447394545,GOOD,,21.661054650088253,21.661054650088648,-3.943512183468556e-13,GOOD,,361.34710571618393,361.3471057161849,-9.663381206337363e-13,GOOD,,364.50869389680304,364.50869389680423,-1.1937117960769683e-12,GOOD,,,,,MISSING,,,,,MISSING,,468de3e7636c00aa86aa40290e773ebac5200ffe573619f1cbbf1dd0241ecabb,run_ec8c1d4095ea480a906b81611a7dc932.468de3e7636c00aa86aa40290e773ebac5200ffe573619f1cbbf1dd0241ecabb,2026-10-03T10:46:30.936869+00:00,2026-10-03T10:46:30.936869+00:00,2026-01-01T02:15:00.000000+00:00,demo.generator.v2.map.5c262229d3fe,sha256:e0e03a76b126628a9293c6eff54155b21558e908ffbe39b25f6f484ab14839fa,"{""adapter_version"": ""csv.adapter.v2"", ""declared_timezone"": ""Asia/Colombo"", ""mapping_version"": ""5c262229d3fe6a666ae239aa791a2c308149326550fef3fd18c5634474cb8de6"", ""original_row"": {""Ir_A"": ""364.50869389680304"", ""Is_A"": ""361.34710571618393"", ""Pr_MW"": ""77.91140466039204"", ""Ps_MW"": ""79.95062765773488"", ""Qr_MVAr"": ""15.722280932078409"", ""Qs_MVAr"": ""21.661054650088253"", ""Vr_kV"": ""125.77421098005472"", ""Vs_kV"": ""132.37778511650978"", ""connection_state"": ""CONNECTED"", ""timestamp"": ""2026-01-01T02:15:00Z""}, ""row_number"": 29, ""terminal_directions"": ""receiving P/Q positive out""}"
2026-01-01T02:20:00.000000+00:00,TL_001,synthetic,SOLVED,rev_6e24672c52e849e3b7890d53aaeb4d40.TL_001,rev_6e24672c52e849e3b7890d53aaeb4d40,125.75160863009644,125.86563994639387,-0.11403131629742802,2.078412096828174,61.04518585904371,05014d6f66b27398d5c2ae789be40dd0e63fd6044ab307b341b2a40c647709ca,132.38678821817552,,,GOOD,,125.75160863009644,125.86563994639387,-0.11403131629742802,GOOD,,78.27152872702092,78.27152872702091,,GOOD,,15.794305745404184,15.794305745404108,,GOOD,,80.39478906318602,80.34994082384908,0.04484823933694315,GOOD,,21.82108156919712,21.821081569197474,-3.552713678800501e-13,GOOD,,363.10526186928496,363.10526186928575,-7.958078640513122e-13,GOOD,,366.27111515426134,366.27111515426225,-9.094947017729282e-13,GOOD,,,,,MISSING,,,,,MISSING,,d5ac88ab1b73a960eb49c2738c90e9d54ef1ec4a91da0e15d3b87e7f2110b1db,run_ec8c1d4095ea480a906b81611a7dc932.d5ac88ab1b73a960eb49c2738c90e9d54ef1ec4a91da0e15d3b87e7f2110b1db,2026-10-03T10:46:31.196649+00:00,2026-10-03T10:46:31.196649+00:00,2026-01-01T02:20:00.000000+00:00,demo.generator.v2.map.5c262229d3fe,sha256:e0e03a76b126628a9293c6eff54155b21558e908ffbe39b25f6f484ab14839fa,"{""adapter_version"": ""csv.adapter.v2"", ""declared_timezone"": ""Asia/Colombo"", ""mapping_version"": ""5c262229d3fe6a666ae239aa791a2c308149326550fef3fd18c5634474cb8de6"", ""original_row"": {""Ir_A"": ""366.27111515426134"", ""Is_A"": ""363.10526186928496"", ""Pr_MW"": ""78.27152872702092"", ""Ps_MW"": ""80.39478906318602"", ""Qr_MVAr"": ""15.794305745404184"", ""Qs_MVAr"": ""21.82108156919712"", ""Vr_kV"": ""125.75160863009644"", ""Vs_kV"": ""132.38678821817552"", ""connection_state"": ""CONNECTED"", ""timestamp"": ""2026-01-01T02:20:00Z""}, ""row_number"": 30, ""terminal_directions"": ""receiving P/Q positive out""}"
2026-01-01T02:25:00.000000+00:00,TL_001,synthetic,SOLVED,rev_6e24672c52e849e3b7890d53aaeb4d40.TL_001,rev_6e24672c52e849e3b7890d53aaeb4d40,125.71364099734603,125.83913142669257,-0.12549042934654153,2.0982360976329915,61.33461576567739,05014d6f66b27398d5c2ae789be40dd0e63fd6044ab307b341b2a40c647709ca,132.39565482418178,,,GOOD,,125.71364099734603,125.83913142669257,-0.12549042934654153,GOOD,,78.62619296727165,78.6261929672716,,GOOD,,15.865238593454329,15.865238593454231,,GOOD,,80.75347741554229,80.7244290649046,0.029048350637694398,GOOD,,21.97914181505219,21.97914181505262,-4.298783551348606e-13,GOOD,,364.8376501044399,364.83765010444074,-8.526512829121202e-13,GOOD,,368.00769459406337,368.00769459406433,-9.663381206337363e-13,GOOD,,,,,MISSING,,,,,MISSING,,2f943df7cb7978a05e024d8326f67c58d649c62a2e1f55e8795596647ba238dc,run_ec8c1d4095ea480a906b81611a7dc932.2f943df7cb7978a05e024d8326f67c58d649c62a2e1f55e8795596647ba238dc,2026-10-03T10:46:31.447875+00:00,2026-10-03T10:46:31.447875+00:00,2026-01-01T02:25:00.000000+00:00,demo.generator.v2.map.5c262229d3fe,sha256:e0e03a76b126628a9293c6eff54155b21558e908ffbe39b25f6f484ab14839fa,"{""adapter_version"": ""csv.adapter.v2"", ""declared_timezone"": ""Asia/Colombo"", ""mapping_version"": ""5c262229d3fe6a666ae239aa791a2c308149326550fef3fd18c5634474cb8de6"", ""original_row"": {""Ir_A"": ""368.00769459406337"", ""Is_A"": ""364.8376501044399"", ""Pr_MW"": ""78.62619296727165"", ""Ps_MW"": ""80.75347741554229"", ""Qr_MVAr"": ""15.865238593454329"", ""Qs_MVAr"": ""21.97914181505219"", ""Vr_kV"": ""125.71364099734603"", ""Vs_kV"": ""132.39565482418178"", ""connection_state"": ""CONNECTED"", ""timestamp"": ""2026-01-01T02:25:00Z""}, ""row_number"": 31, ""terminal_directions"": ""receiving P/Q positive out""}"
2026-01-01T02:30:00.000000+00:00,TL_001,synthetic,SOLVED,rev_6e24672c52e849e3b7890d53aaeb4d40.TL_001,rev_6e24672c52e849e3b7890d53aaeb4d40,125.67151408729212,125.81299625414415,-0.14148216685202897,2.1178471939825556,61.61959460438755,05014d6f66b27398d5c2ae789be40dd0e63fd6044ab307b341b2a40c647709ca,132.40438071450436,,,GOOD,,125.67151408729212,125.81299625414415,-0.14148216685202897,GOOD,,78.9752285801744,78.97522858017437,,GOOD,,15.935045716034882,15.935045716034821,,GOOD,,81.08302922325724,81.09307577415693,-0.010046550899687645,GOOD,,22.13513952635097,22.135139526351544,-5.755396159656812e-13,GOOD,,366.54340726071047,366.54340726071166,-1.1937117960769683e-12,GOOD,,369.717567626324,369.7175676263253,-1.3073986337985843e-12,GOOD,,,,,MISSING,,,,,MISSING,,eab191e0e025a6888b102b0e9cbe95dc6e6b84a4fe81725161d9bd50cc31ceeb,run_ec8c1d4095ea480a906b81611a7dc932.eab191e0e025a6888b102b0e9cbe95dc6e6b84a4fe81725161d9bd50cc31ceeb,2026-10-03T10:46:31.789026+00:00,2026-10-03T10:46:31.789026+00:00,2026-01-01T02:30:00.000000+00:00,demo.generator.v2.map.5c262229d3fe,sha256:e0e03a76b126628a9293c6eff54155b21558e908ffbe39b25f6f484ab14839fa,"{""adapter_version"": ""csv.adapter.v2"", ""declared_timezone"": ""Asia/Colombo"", ""mapping_version"": ""5c262229d3fe6a666ae239aa791a2c308149326550fef3fd18c5634474cb8de6"", ""original_row"": {""Ir_A"": ""369.717567626324"", ""Is_A"": ""366.54340726071047"", ""Pr_MW"": ""78.9752285801744"", ""Ps_MW"": ""81.08302922325724"", ""Qr_MVAr"": ""15.935045716034882"", ""Qs_MVAr"": ""22.13513952635097"", ""Vr_kV"": ""125.67151408729212"", ""Vs_kV"": ""132.40438071450436"", ""connection_state"": ""CONNECTED"", ""timestamp"": ""2026-01-01T02:30:00Z""}, ""row_number"": 32, ""terminal_directions"": ""receiving P/Q positive out""}"
2026-01-01T02:35:00.000000+00:00,TL_001,synthetic,SOLVED,rev_6e24672c52e849e3b7890d53aaeb4d40.TL_001,rev_6e24672c52e849e3b7890d53aaeb4d40,125.6830226073281,125.7872490765822,-0.10422646925410106,2.1372312627131294,61.89998025781367,05014d6f66b27398d5c2ae789be40dd0e63fd6044ab307b341b2a40c647709ca,132.41296173609203,,,GOOD,,125.6830226073281,125.7872490765822,-0.10422646925410106,GOOD,,79.31846944368118,79.31846944368117,,GOOD,,16.003693888736237,16.00369388873632,,GOOD,,81.47328737633497,81.4557007063943,0.017586669940669708,GOOD,,22.288979458342716,22.288979458343462,-7.460698725481052e-13,GOOD,,368.22168203645043,368.2216820364519,-1.4779288903810084e-12,GOOD,,371.39988154688035,371.39988154688194,-1.5916157281026244e-12,GOOD,,,,,MISSING,,,,,MISSING,,9ad20178c56fea5072aae92e30626b83ffdded9a8c8a12bb34571081f2a350e1,run_ec8c1d4095ea480a906b81611a7dc932.9ad20178c56fea5072aae92e30626b83ffdded9a8c8a12bb34571081f2a350e1,2026-10-03T10:46:32.047931+00:00,2026-10-03T10:46:32.047931+00:00,2026-01-01T02:35:00.000000+00:00,demo.generator.v2.map.5c262229d3fe,sha256:e0e03a76b126628a9293c6eff54155b21558e908ffbe39b25f6f484ab14839fa,"{""adapter_version"": ""csv.adapter.v2"", ""declared_timezone"": ""Asia/Colombo"", ""mapping_version"": ""5c262229d3fe6a666ae239aa791a2c308149326550fef3fd18c5634474cb8de6"", ""original_row"": {""Ir_A"": ""371.39988154688035"", ""Is_A"": ""368.22168203645043"", ""Pr_MW"": ""79.31846944368118"", ""Ps_MW"": ""81.47328737633497"", ""Qr_MVAr"": ""16.003693888736237"", ""Qs_MVAr"": ""22.288979458342716"", ""Vr_kV"": ""125.6830226073281"", ""Vs_kV"": ""132.41296173609203"", ""connection_state"": ""CONNECTED"", ""timestamp"": ""2026-01-01T02:35:00Z""}, ""row_number"": 33, ""terminal_directions"": ""receiving P/Q positive out""}"
2026-01-01T02:40:00.000000+00:00,TL_001,synthetic,SOLVED,rev_6e24672c52e849e3b7890d53aaeb4d40.TL_001,rev_6e24672c52e849e3b7890d53aaeb4d40,125.66898467742934,125.76190439363963,-0.0929197162102895,2.156374214709416,62.17563266998935,05014d6f66b27398d5c2ae789be40dd0e63fd6044ab307b341b2a40c647709ca,132.42139380484326,,,GOOD,,125.66898467742934,125.76190439363963,-0.0929197162102895,GOOD,,79.65575219373078,79.65575219373073,,GOOD,,16.07115043874616,16.071150438745978,,GOOD,,81.835926825496,81.81212640844015,0.023800417055852563,GOOD,,22.44056706879403,22.44056706879474,-7.069900220812997e-13,GOOD,,369.87163547170906,369.87163547171053,-1.4779288903810084e-12,GOOD,,373.0537960199347,373.05379601993604,-1.3642420526593924e-12,GOOD,,,,,MISSING,,,,,MISSING,,1fa4c419ec9a7e42b09e39bdccce19d8a5eab857cdd29a5134ebfc77ff10212b,run_ec8c1d4095ea480a906b81611a7dc932.1fa4c419ec9a7e42b09e39bdccce19d8a5eab857cdd29a5134ebfc77ff10212b,2026-10-03T10:46:32.293460+00:00,2026-10-03T10:46:32.293460+00:00,2026-01-01T02:40:00.000000+00:00,demo.generator.v2.map.5c262229d3fe,sha256:e0e03a76b126628a9293c6eff54155b21558e908ffbe39b25f6f484ab14839fa,"{""adapter_version"": ""csv.adapter.v2"", ""declared_timezone"": ""Asia/Colombo"", ""mapping_version"": ""5c262229d3fe6a666ae239aa791a2c308149326550fef3fd18c5634474cb8de6"", ""original_row"": {""Ir_A"": ""373.0537960199347"", ""Is_A"": ""369.87163547170906"", ""Pr_MW"": ""79.65575219373078"", ""Ps_MW"": ""81.835926825496"", ""Qr_MVAr"": ""16.07115043874616"", ""Qs_MVAr"": ""22.44056706879403"", ""Vr_kV"": ""125.66898467742934"", ""Vs_kV"": ""132.42139380484326"", ""connection_state"": ""CONNECTED"", ""timestamp"": ""2026-01-01T02:40:00Z""}, ""row_number"": 34, ""terminal_directions"": ""receiving P/Q positive out""}"
2026-01-01T02:45:00.000000+00:00,TL_001,synthetic,SOLVED,rev_6e24672c52e849e3b7890d53aaeb4d40.TL_001,rev_6e24672c52e849e3b7890d53aaeb4d40,125.62318896031103,125.73697654545387,-0.1137875851428447,2.1752620110688383,62.446413926174905,05014d6f66b27398d5c2ae789be40dd0e63fd6044ab307b341b2a40c647709ca,132.42967290755004,,,GOOD,,125.62318896031103,125.73697654545387,-0.1137875851428447,GOOD,,79.98691630200138,79.98691630200133,,GOOD,,16.137383260400277,16.13738326040021,,GOOD,,82.14830775929008,82.16217831307017,-0.013870553780094497,GOOD,,22.5898086044568,22.589808604457616,-8.171241461241152e-13,GOOD,,371.4924414269674,371.492441426969,-1.5916157281026244e-12,GOOD,,374.6784835570478,374.6784835570494,-1.5916157281026244e-12,GOOD,,,,,MISSING,,,,,MISSING,,0a3864fd91fbd4ce4c94359480c92ef92dcb4da419442b2eab689da9fcb8ad6b,run_ec8c1d4095ea480a906b81611a7dc932.0a3864fd91fbd4ce4c94359480c92ef92dcb4da419442b2eab689da9fcb8ad6b,2026-10-03T10:46:32.537539+00:00,2026-10-03T10:46:32.537539+00:00,2026-01-01T02:45:00.000000+00:00,demo.generator.v2.map.5c262229d3fe,sha256:e0e03a76b126628a9293c6eff54155b21558e908ffbe39b25f6f484ab14839fa,"{""adapter_version"": ""csv.adapter.v2"", ""declared_timezone"": ""Asia/Colombo"", ""mapping_version"": ""5c262229d3fe6a666ae239aa791a2c308149326550fef3fd18c5634474cb8de6"", ""original_row"": {""Ir_A"": ""374.6784835570478"", ""Is_A"": ""371.4924414269674"", ""Pr_MW"": ""79.98691630200138"", ""Ps_MW"": ""82.14830775929008"", ""Qr_MVAr"": ""16.137383260400277"", ""Qs_MVAr"": ""22.5898086044568"", ""Vr_kV"": ""125.62318896031103"", ""Vs_kV"": ""132.42967290755004"", ""connection_state"": ""CONNECTED"", ""timestamp"": ""2026-01-01T02:45:00Z""}, ""row_number"": 35, ""terminal_directions"": ""receiving P/Q positive out""}"
2026-01-01T02:50:00.000000+00:00,TL_001,synthetic,SOLVED,rev_6e24672c52e849e3b7890d53aaeb4d40.TL_001,rev_6e24672c52e849e3b7890d53aaeb4d40,125.62315102313532,125.71247970135771,-0.08932867822238677,2.193880679414704,62.71218833201547,05014d6f66b27398d5c2ae789be40dd0e63fd6044ab307b341b2a40c647709ca,132.43779510380782,,,GOOD,,125.62315102313532,125.71247970135771,-0.08932867822238677,GOOD,,80.3118041523132,80.31180415231316,,GOOD,,16.20236083046264,16.202360830462645,,GOOD,,82.49994570198129,82.50568483172786,-0.0057391297465727575,GOOD,,22.736611187917138,22.736611187918037,-8.988365607365267e-13,GOOD,,373.08328705781685,373.0832870578185,-1.6484591469634324e-12,GOOD,,376.27312999209096,376.27312999209283,-1.8758328224066645e-12,GOOD,,,,,MISSING,,,,,MISSING,,e95815c9b466b62d9deace600b08f984b823bbeba0ff025a7be9e3be4ec1a992,run_ec8c1d4095ea480a906b81611a7dc932.e95815c9b466b62d9deace600b08f984b823bbeba0ff025a7be9e3be4ec1a992,2026-10-03T10:46:32.854997+00:00,2026-10-03T10:46:32.854997+00:00,2026-01-01T02:50:00.000000+00:00,demo.generator.v2.map.5c262229d3fe,sha256:e0e03a76b126628a9293c6eff54155b21558e908ffbe39b25f6f484ab14839fa,"{""adapter_version"": ""csv.adapter.v2"", ""declared_timezone"": ""Asia/Colombo"", ""mapping_version"": ""5c262229d3fe6a666ae239aa791a2c308149326550fef3fd18c5634474cb8de6"", ""original_row"": {""Ir_A"": ""376.27312999209096"", ""Is_A"": ""373.08328705781685"", ""Pr_MW"": ""80.3118041523132"", ""Ps_MW"": ""82.49994570198129"", ""Qr_MVAr"": ""16.20236083046264"", ""Qs_MVAr"": ""22.736611187917138"", ""Vr_kV"": ""125.62315102313532"", ""Vs_kV"": ""132.43779510380782"", ""connection_state"": ""CONNECTED"", ""timestamp"": ""2026-01-01T02:50:00Z""}, ""row_number"": 36, ""terminal_directions"": ""receiving P/Q positive out""}"
2026-01-01T02:55:00.000000+00:00,TL_001,synthetic,SOLVED,rev_6e24672c52e849e3b7890d53aaeb4d40.TL_001,rev_6e24672c52e849e3b7890d53aaeb4d40,125.5567443832188,125.68842784856976,-0.1316834653509602,2.2122163303310174,62.972822491961,05014d6f66b27398d5c2ae789be40dd0e63fd6044ab307b341b2a40c647709ca,132.44575652789112,,,GOOD,,125.5567443832188,125.68842784856976,-0.1316834653509602,GOOD,,80.63026111564538,80.63026111564534,,GOOD,,16.266052223129076,16.266052223128987,,GOOD,,82.80847882955608,82.84247744597636,-0.03399861642027702,GOOD,,22.88088290470005,22.88088290470091,-8.597567102697212e-13,GOOD,,374.6433732851904,374.6433732851922,-1.7621459846850485e-12,GOOD,,377.83693495176414,377.83693495176595,-1.8189894035458565e-12,GOOD,,,,,MISSING,,,,,MISSING,,f7fa2c78bb7370424a1e8d6c1a55737af7b141a41545121618f5888ff2f8f227,run_ec8c1d4095ea480a906b81611a7dc932.f7fa2c78bb7370424a1e8d6c1a55737af7b141a41545121618f5888ff2f8f227,2026-10-03T10:46:33.181531+00:00,2026-10-03T10:46:33.181531+00:00,2026-01-01T02:55:00.000000+00:00,demo.generator.v2.map.5c262229d3fe,sha256:e0e03a76b126628a9293c6eff54155b21558e908ffbe39b25f6f484ab14839fa,"{""adapter_version"": ""csv.adapter.v2"", ""declared_timezone"": ""Asia/Colombo"", ""mapping_version"": ""5c262229d3fe6a666ae239aa791a2c308149326550fef3fd18c5634474cb8de6"", ""original_row"": {""Ir_A"": ""377.83693495176414"", ""Is_A"": ""374.6433732851904"", ""Pr_MW"": ""80.63026111564538"", ""Ps_MW"": ""82.80847882955608"", ""Qr_MVAr"": ""16.266052223129076"", ""Qs_MVAr"": ""22.88088290470005"", ""Vr_kV"": ""125.5567443832188"", ""Vs_kV"": ""132.44575652789112"", ""connection_state"": ""CONNECTED"", ""timestamp"": ""2026-01-01T02:55:00Z""}, ""row_number"": 37, ""terminal_directions"": ""receiving P/Q positive out""}"
2026-01-01T03:00:00.000000+00:00,TL_001,synthetic,SOLVED,rev_6e24672c52e849e3b7890d53aaeb4d40.TL_001,rev_6e24672c52e849e3b7890d53aaeb4d40,125.54058787080338,125.6648347808995,-0.12424691009611877,2.2302551738912513,63.228185386880085,05014d6f66b27398d5c2ae789be40dd0e63fd6044ab307b341b2a40c647709ca,132.45355339059327,,,GOOD,,125.54058787080338,125.6648347808995,-0.12424691009611877,GOOD,,80.94213562373095,80.94213562373092,,GOOD,,16.32842712474619,16.328427124746195,,GOOD,,83.18730561994361,83.17239079762217,0.014914822321443921,GOOD,,23.022532890500806,23.022532890501733,-9.272582701669307e-13,GOOD,,376.1719152607435,376.1719152607453,-1.8189894035458565e-12,GOOD,,379.36911232127835,379.3691123212805,-2.1600499167107046e-12,GOOD,,,,,MISSING,,,,,MISSING,,6841360f8d5bd89eafc3a564fa4fa6d973a86c40289dac105176a9eeb6f6ba3c,run_ec8c1d4095ea480a906b81611a7dc932.6841360f8d5bd89eafc3a564fa4fa6d973a86c40289dac105176a9eeb6f6ba3c,2026-10-03T10:46:33.431931+00:00,2026-10-03T10:46:33.431931+00:00,2026-01-01T03:00:00.000000+00:00,demo.generator.v2.map.5c262229d3fe,sha256:e0e03a76b126628a9293c6eff54155b21558e908ffbe39b25f6f484ab14839fa,"{""adapter_version"": ""csv.adapter.v2"", ""declared_timezone"": ""Asia/Colombo"", ""mapping_version"": ""5c262229d3fe6a666ae239aa791a2c308149326550fef3fd18c5634474cb8de6"", ""original_row"": {""Ir_A"": ""379.36911232127835"", ""Is_A"": ""376.1719152607435"", ""Pr_MW"": ""80.94213562373095"", ""Ps_MW"": ""83.18730561994361"", ""Qr_MVAr"": ""16.32842712474619"", ""Qs_MVAr"": ""23.022532890500806"", ""Vr_kV"": ""125.54058787080338"", ""Vs_kV"": ""132.45355339059327"", ""connection_state"": ""CONNECTED"", ""timestamp"": ""2026-01-01T03:00:00Z""}, ""row_number"": 38, ""terminal_directions"": ""receiving P/Q positive out""}"
2026-01-01T03:05:00.000000+00:00,TL_001,synthetic,SOLVED,rev_6e24672c52e849e3b7890d53aaeb4d40.TL_001,rev_6e24672c52e849e3b7890d53aaeb4d40,125.53900988144476,125.64171408748199,-0.10270420603723096,2.2479835362535994,63.4781484507999,05014d6f66b27398d5c2ae789be40dd0e63fd6044ab307b341b2a40c647709ca,132.46118198102988,,,GOOD,,125.53900988144476,125.64171408748199,-0.10270420603723096,GOOD,,81.2472792411951,81.24727924119503,,GOOD,,16.389455848239024,16.389455848238836,,GOOD,,83.51597733807051,83.49526277744863,0.020714560621883038,GOOD,,23.161471418415477,23.16147141841635,-8.739675649849232e-13,GOOD,,377.6681428269829,377.66814282698465,-1.7621459846850485e-12,GOOD,,380.8688907047974,380.86889070479936,-1.9326762412674725e-12,GOOD,,,,,MISSING,,,,,MISSING,,77bf5e0226896a0722aaafc8a71b3c33cf2d173e5a7ae5de598ffc1b1a9f1416,run_ec8c1d4095ea480a906b81611a7dc932.77bf5e0226896a0722aaafc8a71b3c33cf2d173e5a7ae5de598ffc1b1a9f1416,2026-10-03T10:46:33.652857+00:00,2026-10-03T10:46:33.652857+00:00,2026-01-01T03:05:00.000000+00:00,demo.generator.v2.map.5c262229d3fe,sha256:e0e03a76b126628a9293c6eff54155b21558e908ffbe39b25f6f484ab14839fa,"{""adapter_version"": ""csv.adapter.v2"", ""declared_timezone"": ""Asia/Colombo"", ""mapping_version"": ""5c262229d3fe6a666ae239aa791a2c308149326550fef3fd18c5634474cb8de6"", ""original_row"": {""Ir_A"": ""380.8688907047974"", ""Is_A"": ""377.6681428269829"", ""Pr_MW"": ""81.2472792411951"", ""Ps_MW"": ""83.51597733807051"", ""Qr_MVAr"": ""16.389455848239024"", ""Qs_MVAr"": ""23.161471418415477"", ""Vr_kV"": ""125.53900988144476"", ""Vs_kV"": ""132.46118198102988"", ""connection_state"": ""CONNECTED"", ""timestamp"": ""2026-01-01T03:05:00Z""}, ""row_number"": 39, ""terminal_directions"": ""receiving P/Q positive out""}"
2026-01-01T03:10:00.000000+00:00,TL_001,synthetic,SOLVED,rev_6e24672c52e849e3b7890d53aaeb4d40.TL_001,rev_6e24672c52e849e3b7890d53aaeb4d40,125.50527963536669,125.619079141557,-0.1137995061903041,2.2653878762934454,63.72258564670522,05014d6f66b27398d5c2ae789be40dd0e63fd6044ab307b341b2a40c647709ca,132.46863866840505,,,GOOD,,125.50527963536669,125.619079141557,-0.1137995061903041,GOOD,,81.54554673620248,81.54554673620243,,GOOD,,16.449109347240494,16.449109347240533,,GOOD,,83.81569080322792,83.81093461249587,0.004756190732052801,GOOD,,23.297609986036264,23.29760998603762,-1.3571366253017914e-12,GOOD,,379.1313009717343,379.13130097173683,-2.5579538487363607e-12,GOOD,,382.33551388022863,382.3355138802313,-2.6716406864579767e-12,GOOD,,,,,MISSING,,,,,MISSING,,598d9ab45e972dd6fc8cc3d28027ab3c8df066829af362ff6ca7712172b45308,run_ec8c1d4095ea480a906b81611a7dc932.598d9ab45e972dd6fc8cc3d28027ab3c8df066829af362ff6ca7712172b45308,2026-10-03T10:46:33.871317+00:00,2026-10-03T10:46:33.871317+00:00,2026-01-01T03:10:00.000000+00:00,demo.generator.v2.map.5c262229d3fe,sha256:e0e03a76b126628a9293c6eff54155b21558e908ffbe39b25f6f484ab14839fa,"{""adapter_version"": ""csv.adapter.v2"", ""declared_timezone"": ""Asia/Colombo"", ""mapping_version"": ""5c262229d3fe6a666ae239aa791a2c308149326550fef3fd18c5634474cb8de6"", ""original_row"": {""Ir_A"": ""382.33551388022863"", ""Is_A"": ""379.1313009717343"", ""Pr_MW"": ""81.54554673620248"", ""Ps_MW"": ""83.81569080322792"", ""Qr_MVAr"": ""16.449109347240494"", ""Qs_MVAr"": ""23.297609986036264"", ""Vr_kV"": ""125.50527963536669"", ""Vs_kV"": ""132.46863866840505"", ""connection_state"": ""CONNECTED"", ""timestamp"": ""2026-01-01T03:10:00Z""}, ""row_number"": 40, ""terminal_directions"": ""receiving P/Q positive out""}"
2026-01-01T03:15:00.000000+00:00,TL_001,synthetic,SOLVED,rev_6e24672c52e849e3b7890d53aaeb4d40.TL_001,rev_6e24672c52e849e3b7890d53aaeb4d40,125.50449169333828,125.59694308930914,-0.09245139597085483,2.2824548022448283,63.96137354132547,05014d6f66b27398d5c2ae789be40dd0e63fd6044ab307b341b2a40c647709ca,132.47591990373948,,,GOOD,,125.50449169333828,125.59694308930914,-0.09245139597085483,GOOD,,81.83679614957954,81.8367961495795,,GOOD,,16.50735922991591,16.507359229915945,,GOOD,,84.10997055563246,84.11925095182433,-0.009280396191869045,GOOD,,23.43086140227972,23.430861402281046,-1.3251622021925868e-12,GOOD,,380.5606502765368,380.5606502765395,-2.6716406864579767e-12,GOOD,,383.76824124794985,383.76824124795286,-3.0127011996228248e-12,GOOD,,,,,MISSING,,,,,MISSING,,0307d42d9f97e7c3ccdbb1f8e106879e740677c91086276abc51c41ad5d0e347,run_ec8c1d4095ea480a906b81611a7dc932.0307d42d9f97e7c3ccdbb1f8e106879e740677c91086276abc51c41ad5d0e347,2026-10-03T10:46:34.094322+00:00,2026-10-03T10:46:34.094322+00:00,2026-01-01T03:15:00.000000+00:00,demo.generator.v2.map.5c262229d3fe,sha256:e0e03a76b126628a9293c6eff54155b21558e908ffbe39b25f6f484ab14839fa,"{""adapter_version"": ""csv.adapter.v2"", ""declared_timezone"": ""Asia/Colombo"", ""mapping_version"": ""5c262229d3fe6a666ae239aa791a2c308149326550fef3fd18c5634474cb8de6"", ""original_row"": {""Ir_A"": ""383.76824124794985"", ""Is_A"": ""380.5606502765368"", ""Pr_MW"": ""81.83679614957954"", ""Ps_MW"": ""84.10997055563246"", ""Qr_MVAr"": ""16.50735922991591"", ""Qs_MVAr"": ""23.43086140227972"", ""Vr_kV"": ""125.50449169333828"", ""Vs_kV"": ""132.47591990373948"", ""connection_state"": ""CONNECTED"", ""timestamp"": ""2026-01-01T03:15:00Z""}, ""row_number"": 41, ""terminal_directions"": ""receiving P/Q positive out""}"
2026-01-01T03:20:00.000000+00:00,TL_001,synthetic,SOLVED,rev_6e24672c52e849e3b7890d53aaeb4d40.TL_001,rev_6e24672c52e849e3b7890d53aaeb4d40,125.47977523239612,125.57531883878231,-0.09554360638618675,2.299171088321245,64.19439137884349,05014d6f66b27398d5c2ae789be40dd0e63fd6044ab307b341b2a40c647709ca,132.48302222155948,,,GOOD,,125.47977523239612,125.57531883878231,-0.09554360638618675,GOOD,,82.12088886237956,82.12088886237952,,GOOD,,16.56417777247591,16.56417777247589,,GOOD,,84.40020217246848,84.42005995070076,-0.019857778232278633,GOOD,,23.561139873811307,23.561139873812735,-1.4281908988778014e-12,GOOD,,381.955467358551,381.955467358554,-3.0127011996228248e-12,GOOD,,385.1663482730576,385.1663482730609,-3.296918293926865e-12,GOOD,,,,,MISSING,,,,,MISSING,,2b5eae3787280c6e6e81d959a0a1dbb2388ae30e034a98d85e7ebb194281a1c7,run_ec8c1d4095ea480a906b81611a7dc932.2b5eae3787280c6e6e81d959a0a1dbb2388ae30e034a98d85e7ebb194281a1c7,2026-10-03T10:46:34.399013+00:00,2026-10-03T10:46:34.399013+00:00,2026-01-01T03:20:00.000000+00:00,demo.generator.v2.map.5c262229d3fe,sha256:e0e03a76b126628a9293c6eff54155b21558e908ffbe39b25f6f484ab14839fa,"{""adapter_version"": ""csv.adapter.v2"", ""declared_timezone"": ""Asia/Colombo"", ""mapping_version"": ""5c262229d3fe6a666ae239aa791a2c308149326550fef3fd18c5634474cb8de6"", ""original_row"": {""Ir_A"": ""385.1663482730576"", ""Is_A"": ""381.955467358551"", ""Pr_MW"": ""82.12088886237956"", ""Ps_MW"": ""84.40020217246848"", ""Qr_MVAr"": ""16.56417777247591"", ""Qs_MVAr"": ""23.561139873811307"", ""Vr_kV"": ""125.47977523239612"", ""Vs_kV"": ""132.48302222155948"", ""connection_state"": ""CONNECTED"", ""timestamp"": ""2026-01-01T03:20:00Z""}, ""row_number"": 42, ""terminal_directions"": ""receiving P/Q positive out""}"
2026-01-01T03:25:00.000000+00:00,TL_001,synthetic,SOLVED,rev_6e24672c52e849e3b7890d53aaeb4d40.TL_001,rev_6e24672c52e849e3b7890d53aaeb4d40,125.44255566161821,125.55421904888742,-0.11166338726920344,2.31552369128579,64.42152115345299,05014d6f66b27398d5c2ae789be40dd0e63fd6044ab307b341b2a40c647709ca,132.48994224154643,,,GOOD,,125.44255566161821,125.55421904888742,-0.11166338726920344,GOOD,,82.39768966185763,82.39768966185756,,GOOD,,16.61953793237153,16.619537932371315,,GOOD,,84.7017612163231,84.71321335314335,-0.011452136820238934,GOOD,,23.688361090930904,23.68836109093218,-1.2754242106893798e-12,GOOD,,383.31504530555986,383.31504530556265,-2.7853275241795927e-12,GOOD,,386.529126920715,386.5291269207179,-2.8990143619012088e-12,GOOD,,,,,MISSING,,,,,MISSING,,d2ce57fee2a2004916ae9c0f46f51aac95de27ad9927e029c3d2521ed3ce4bd4,run_ec8c1d4095ea480a906b81611a7dc932.d2ce57fee2a2004916ae9c0f46f51aac95de27ad9927e029c3d2521ed3ce4bd4,2026-10-03T10:46:34.597526+00:00,2026-10-03T10:46:34.597526+00:00,2026-01-01T03:25:00.000000+00:00,demo.generator.v2.map.5c262229d3fe,sha256:e0e03a76b126628a9293c6eff54155b21558e908ffbe39b25f6f484ab14839fa,"{""adapter_version"": ""csv.adapter.v2"", ""declared_timezone"": ""Asia/Colombo"", ""mapping_version"": ""5c262229d3fe6a666ae239aa791a2c308149326550fef3fd18c5634474cb8de6"", ""original_row"": {""Ir_A"": ""386.529126920715"", ""Is_A"": ""383.31504530555986"", ""Pr_MW"": ""82.39768966185763"", ""Ps_MW"": ""84.7017612163231"", ""Qr_MVAr"": ""16.61953793237153"", ""Qs_MVAr"": ""23.688361090930904"", ""Vr_kV"": ""125.44255566161821"", ""Vs_kV"": ""132.48994224154643"", ""connection_state"": ""CONNECTED"", ""timestamp"": ""2026-01-01T03:25:00Z""}, ""row_number"": 43, ""terminal_directions"": ""receiving P/Q positive out""}"
2026-01-01T03:30:00.000000+00:00,TL_001,synthetic,SOLVED,rev_6e24672c52e849e3b7890d53aaeb4d40.TL_001,rev_6e24672c52e849e3b7890d53aaeb4d40,125.40560639241028,125.53365611851596,-0.12804972610568655,2.3314997669416044,64.64264768069783,05014d6f66b27398d5c2ae789be40dd0e63fd6044ab307b341b2a40c647709ca,132.4966766701456,,,GOOD,,125.40560639241028,125.53365611851596,-0.12804972610568655,GOOD,,82.6670668058247,82.66706680582465,,GOOD,,16.67341336116494,16.673413361164894,,GOOD,,85.01317574718948,84.99856657276625,0.014609174423227955,GOOD,,23.812442312781954,23.8124423127836,-1.644906433284632e-12,GOOD,,384.6386941036496,384.63869410365294,-3.353761712787673e-12,GOOD,,387.85588608418357,387.85588608418703,-3.467448550509289e-12,GOOD,,,,,MISSING,,,,,MISSING,,8889121a75b4251e49bc95c1b2d7f88338c7e4eed07b29bc48bfcec9e9d5639a,run_ec8c1d4095ea480a906b81611a7dc932.8889121a75b4251e49bc95c1b2d7f88338c7e4eed07b29bc48bfcec9e9d5639a,2026-10-03T10:46:34.896256+00:00,2026-10-03T10:46:34.896256+00:00,2026-01-01T03:30:00.000000+00:00,demo.generator.v2.map.5c262229d3fe,sha256:e0e03a76b126628a9293c6eff54155b21558e908ffbe39b25f6f484ab14839fa,"{""adapter_version"": ""csv.adapter.v2"", ""declared_timezone"": ""Asia/Colombo"", ""mapping_version"": ""5c262229d3fe6a666ae239aa791a2c308149326550fef3fd18c5634474cb8de6"", ""original_row"": {""Ir_A"": ""387.85588608418357"", ""Is_A"": ""384.6386941036496"", ""Pr_MW"": ""82.6670668058247"", ""Ps_MW"": ""85.01317574718948"", ""Qr_MVAr"": ""16.67341336116494"", ""Qs_MVAr"": ""23.812442312781954"", ""Vr_kV"": ""125.40560639241028"", ""Vs_kV"": ""132.4966766701456"", ""connection_state"": ""CONNECTED"", ""timestamp"": ""2026-01-01T03:30:00Z""}, ""row_number"": 44, ""terminal_directions"": ""receiving P/Q positive out""}"
2026-01-01T03:35:00.000000+00:00,TL_001,synthetic,SOLVED,rev_6e24672c52e849e3b7890d53aaeb4d40.TL_001,rev_6e24672c52e849e3b7890d53aaeb4d40,125.40038302106015,125.51364217577854,-0.1132591547183921,2.347086686511844,64.8576586675199,05014d6f66b27398d5c2ae789be40dd0e63fd6044ab307b341b2a40c647709ca,132.50322230213374,,,GOOD,,125.40038302106015,125.51364217577854,-0.1132591547183921,GOOD,,82.92889208534964,82.92889208534955,,GOOD,,16.72577841706993,16.725778417069776,,GOOD,,85.27635359542292,85.27597877186139,0.0003748235615290696,GOOD,,23.933302451745572,23.933302451747167,-1.595168441781425e-12,GOOD,,385.92574105714596,385.9257410571491,-3.126388037344441e-12,GOOD,,389.14595200511593,389.1459520051194,-3.467448550509289e-12,GOOD,,,,,MISSING,,,,,MISSING,,338eda07d4b080b630d907c7f866bca0a1a60cb62aff9eccf879256e855c6e16,run_ec8c1d4095ea480a906b81611a7dc932.338eda07d4b080b630d907c7f866bca0a1a60cb62aff9eccf879256e855c6e16,2026-10-03T10:46:35.198851+00:00,2026-10-03T10:46:35.198851+00:00,2026-01-01T03:35:00.000000+00:00,demo.generator.v2.map.5c262229d3fe,sha256:e0e03a76b126628a9293c6eff54155b21558e908ffbe39b25f6f484ab14839fa,"{""adapter_version"": ""csv.adapter.v2"", ""declared_timezone"": ""Asia/Colombo"", ""mapping_version"": ""5c262229d3fe6a666ae239aa791a2c308149326550fef3fd18c5634474cb8de6"", ""original_row"": {""Ir_A"": ""389.14595200511593"", ""Is_A"": ""385.92574105714596"", ""Pr_MW"": ""82.92889208534964"", ""Ps_MW"": ""85.27635359542292"", ""Qr_MVAr"": ""16.72577841706993"", ""Qs_MVAr"": ""23.933302451745572"", ""Vr_kV"": ""125.40038302106015"", ""Vs_kV"": ""132.50322230213374"", ""connection_state"": ""CONNECTED"", ""timestamp"": ""2026-01-01T03:35:00Z""}, ""row_number"": 45, ""terminal_directions"": ""receiving P/Q positive out""}"
2026-01-01T03:40:00.000000+00:00,TL_001,synthetic,SOLVED,rev_6e24672c52e849e3b7890d53aaeb4d40.TL_001,rev_6e24672c52e849e3b7890d53aaeb4d40,125.40018704144592,125.49418906738173,-0.09400202593580786,2.3622720528791916,65.06644478094891,05014d6f66b27398d5c2ae789be40dd0e63fd6044ab307b341b2a40c647709ca,132.5095760221445,,,GOOD,,125.40018704144592,125.49418906738173,-0.09400202593580786,GOOD,,83.18304088577983,83.18304088577975,,GOOD,,16.776608177155968,16.77660817715591,,GOOD,,85.55870887393948,85.54531293865894,0.013395935280541948,GOOD,,24.050862156881877,24.050862156883788,-1.9113599591946695e-12,GOOD,,387.17553120039014,387.1755312003939,-3.751665644813329e-12,GOOD,,390.39866868568953,390.39866868569345,-3.922195901395753e-12,GOOD,,,,,MISSING,,,,,MISSING,,106502f0c2dc837638ff2734b44091beed210956f1a25f31ba73ef51f41ba240,run_ec8c1d4095ea480a906b81611a7dc932.106502f0c2dc837638ff2734b44091beed210956f1a25f31ba73ef51f41ba240,2026-10-03T10:46:35.500626+00:00,2026-10-03T10:46:35.500626+00:00,2026-01-01T03:40:00.000000+00:00,demo.generator.v2.map.5c262229d3fe,sha256:e0e03a76b126628a9293c6eff54155b21558e908ffbe39b25f6f484ab14839fa,"{""adapter_version"": ""csv.adapter.v2"", ""declared_timezone"": ""Asia/Colombo"", ""mapping_version"": ""5c262229d3fe6a666ae239aa791a2c308149326550fef3fd18c5634474cb8de6"", ""original_row"": {""Ir_A"": ""390.39866868568953"", ""Is_A"": ""387.17553120039014"", ""Pr_MW"": ""83.18304088577983"", ""Ps_MW"": ""85.55870887393948"", ""Qr_MVAr"": ""16.776608177155968"", ""Qs_MVAr"": ""24.050862156881877"", ""Vr_kV"": ""125.40018704144592"", ""Vs_kV"": ""132.5095760221445"", ""connection_state"": ""CONNECTED"", ""timestamp"": ""2026-01-01T03:40:00Z""}, ""row_number"": 46, ""terminal_directions"": ""receiving P/Q positive out""}"
2026-01-01T03:45:00.000000+00:00,TL_001,synthetic,SOLVED,rev_6e24672c52e849e3b7890d53aaeb4d40.TL_001,rev_6e24672c52e849e3b7890d53aaeb4d40,125.38524544258706,125.47530834816116,-0.09006290557410068,2.3770437166549954,65.26889971536109,05014d6f66b27398d5c2ae789be40dd0e63fd6044ab307b341b2a40c647709ca,132.51573480615127,,,GOOD,,125.38524544258706,125.47530834816116,-0.09006290557410068,GOOD,,83.4293922460509,83.42939224605082,,GOOD,,16.82587844921018,16.825878449210236,,GOOD,,85.80348139817012,85.80643596270582,-0.002954564535698978,GOOD,,24.16504389628029,24.165043896282498,-2.206235194535111e-12,GOOD,,388.38742770093523,388.3874277009396,-4.376943252282217e-12,GOOD,,391.61339829216183,391.61339829216644,-4.604316927725449e-12,GOOD,,,,,MISSING,,,,,MISSING,,c288f2f4d106ba00e83a2754f4128d8ba24aaf36a367a03ff6c3999c750c5064,run_ec8c1d4095ea480a906b81611a7dc932.c288f2f4d106ba00e83a2754f4128d8ba24aaf36a367a03ff6c3999c750c5064,2026-10-03T10:46:35.804978+00:00,2026-10-03T10:46:35.804978+00:00,2026-01-01T03:45:00.000000+00:00,demo.generator.v2.map.5c262229d3fe,sha256:e0e03a76b126628a9293c6eff54155b21558e908ffbe39b25f6f484ab14839fa,"{""adapter_version"": ""csv.adapter.v2"", ""declared_timezone"": ""Asia/Colombo"", ""mapping_version"": ""5c262229d3fe6a666ae239aa791a2c308149326550fef3fd18c5634474cb8de6"", ""original_row"": {""Ir_A"": ""391.61339829216183"", ""Is_A"": ""388.38742770093523"", ""Pr_MW"": ""83.4293922460509"", ""Ps_MW"": ""85.80348139817012"", ""Qr_MVAr"": ""16.82587844921018"", ""Qs_MVAr"": ""24.16504389628029"", ""Vr_kV"": ""125.38524544258706"", ""Vs_kV"": ""132.51573480615127"", ""connection_state"": ""CONNECTED"", ""timestamp"": ""2026-01-01T03:45:00Z""}, ""row_number"": 47, ""terminal_directions"": ""receiving P/Q positive out""}"
2026-01-01T03:50:00.000000+00:00,TL_001,synthetic,SOLVED,rev_6e24672c52e849e3b7890d53aaeb4d40.TL_001,rev_6e24672c52e849e3b7890d53aaeb4d40,125.3454131334621,125.45701127078631,-0.11159813732420787,2.3913897920474483,65.46492025823932,05014d6f66b27398d5c2ae789be40dd0e63fd6044ab307b341b2a40c647709ca,132.52169572290643,,,GOOD,,125.3454131334621,125.45701127078631,-0.11159813732420787,GOOD,,83.6678289162577,83.66782891625765,,GOOD,,16.873565783251543,16.873565783251525,,GOOD,,86.05682716197745,86.0592187083051,-0.002391546327643823,GOOD,,24.275772038180875,24.275772038183163,-2.2879476091475226e-12,GOOD,,389.56081225374686,389.5608122537516,-4.718003765447065e-12,GOOD,,392.78952154943113,392.7895215494359,-4.774847184307873e-12,GOOD,,,,,MISSING,,,,,MISSING,,9b1032c658beaa080588799b53560edbeb160f9d7b5b1e345daa0ec55366a9c5,run_ec8c1d4095ea480a906b81611a7dc932.9b1032c658beaa080588799b53560edbeb160f9d7b5b1e345daa0ec55366a9c5,2026-10-03T10:46:36.013494+00:00,2026-10-03T10:46:36.013494+00:00,2026-01-01T03:50:00.000000+00:00,demo.generator.v2.map.5c262229d3fe,sha256:e0e03a76b126628a9293c6eff54155b21558e908ffbe39b25f6f484ab14839fa,"{""adapter_version"": ""csv.adapter.v2"", ""declared_timezone"": ""Asia/Colombo"", ""mapping_version"": ""5c262229d3fe6a666ae239aa791a2c308149326550fef3fd18c5634474cb8de6"", ""original_row"": {""Ir_A"": ""392.78952154943113"", ""Is_A"": ""389.56081225374686"", ""Pr_MW"": ""83.6678289162577"", ""Ps_MW"": ""86.05682716197745"", ""Qr_MVAr"": ""16.873565783251543"", ""Qs_MVAr"": ""24.275772038180875"", ""Vr_kV"": ""125.3454131334621"", ""Vs_kV"": ""132.52169572290643"", ""connection_state"": ""CONNECTED"", ""timestamp"": ""2026-01-01T03:50:00Z""}, ""row_number"": 48, ""terminal_directions"": ""receiving P/Q positive out""}"
2026-01-01T03:55:00.000000+00:00,TL_001,synthetic,SOLVED,rev_6e24672c52e849e3b7890d53aaeb4d40.TL_001,rev_6e24672c52e849e3b7890d53aaeb4d40,125.30266032438696,125.43930877565226,-0.13664845126530167,2.4052986724989296,65.65440635436484,05014d6f66b27398d5c2ae789be40dd0e63fd6044ab307b341b2a40c647709ca,132.52745593533646,,,GOOD,,125.30266032438696,125.43930877565226,-0.13664845126530167,GOOD,,83.89823741345893,83.89823741345883,,GOOD,,16.919647482691786,16.91964748269162,,GOOD,,86.26012271178467,86.30353608595776,-0.04341337417308466,GOOD,,24.38297293072886,24.382972930730958,-2.0961010704922955e-12,GOOD,,390.6950854659933,390.69508546599764,-4.320099833421409e-12,GOOD,,393.9264381261845,393.926438126189,-4.490630090003833e-12,GOOD,,,,,MISSING,,,,,MISSING,,1f22b436a7a53deae45284a562a54ce34813ca586ac32b19613111b4095a98b9,run_ec8c1d4095ea480a906b81611a7dc932.1f22b436a7a53deae45284a562a54ce34813ca586ac32b19613111b4095a98b9,2026-10-03T10:46:36.322152+00:00,2026-10-03T10:46:36.322152+00:00,2026-01-01T03:55:00.000000+00:00,demo.generator.v2.map.5c262229d3fe,sha256:e0e03a76b126628a9293c6eff54155b21558e908ffbe39b25f6f484ab14839fa,"{""adapter_version"": ""csv.adapter.v2"", ""declared_timezone"": ""Asia/Colombo"", ""mapping_version"": ""5c262229d3fe6a666ae239aa791a2c308149326550fef3fd18c5634474cb8de6"", ""original_row"": {""Ir_A"": ""393.9264381261845"", ""Is_A"": ""390.6950854659933"", ""Pr_MW"": ""83.89823741345893"", ""Ps_MW"": ""86.26012271178467"", ""Qr_MVAr"": ""16.919647482691786"", ""Qs_MVAr"": ""24.38297293072886"", ""Vr_kV"": ""125.30266032438696"", ""Vs_kV"": ""132.52745593533646"", ""connection_state"": ""CONNECTED"", ""timestamp"": ""2026-01-01T03:55:00Z""}, ""row_number"": 49, ""terminal_directions"": ""receiving P/Q positive out""}"
2026-01-01T04:00:00.000000+00:00,TL_001,synthetic,SOLVED,rev_6e24672c52e849e3b7890d53aaeb4d40.TL_001,rev_6e24672c52e849e3b7890d53aaeb4d40,125.29307799680487,125.42221148097582,-0.12913348417094994,2.418759046062803,65.8372611683717,05014d6f66b27398d5c2ae789be40dd0e63fd6044ab307b341b2a40c647709ca,132.5330127018922,,,GOOD,,125.29307799680487,125.42221148097582,-0.12913348417094994,GOOD,,84.12050807568878,84.12050807568868,,GOOD,,16.964101615137753,16.964101615137707,,GOOD,,86.509349716923,86.53926712175148,-0.029917404828481153,GOOD,,24.48657498022665,24.486574980229054,-2.405187160547939e-12,GOOD,,391.7896672320167,391.78966723202143,-4.718003765447065e-12,GOOD,,395.0235670102251,395.0235670102302,-5.059064278611913e-12,GOOD,,,,,MISSING,,,,,MISSING,,873848454daa892bae434e3089fdff147d1c78a83825ddba181f993512f0868b,run_ec8c1d4095ea480a906b81611a7dc932.873848454daa892bae434e3089fdff147d1c78a83825ddba181f993512f0868b,2026-10-03T10:46:36.635745+00:00,2026-10-03T10:46:36.635745+00:00,2026-01-01T04:00:00.000000+00:00,demo.generator.v2.map.5c262229d3fe,sha256:e0e03a76b126628a9293c6eff54155b21558e908ffbe39b25f6f484ab14839fa,"{""adapter_version"": ""csv.adapter.v2"", ""declared_timezone"": ""Asia/Colombo"", ""mapping_version"": ""5c262229d3fe6a666ae239aa791a2c308149326550fef3fd18c5634474cb8de6"", ""original_row"": {""Ir_A"": ""395.0235670102251"", ""Is_A"": ""391.7896672320167"", ""Pr_MW"": ""84.12050807568878"", ""Ps_MW"": ""86.509349716923"", ""Qr_MVAr"": ""16.964101615137753"", ""Qs_MVAr"": ""24.48657498022665"", ""Vr_kV"": ""125.29307799680487"", ""Vs_kV"": ""132.5330127018922"", ""connection_state"": ""CONNECTED"", ""timestamp"": ""2026-01-01T04:00:00Z""}, ""row_number"": 50, ""terminal_directions"": ""receiving P/Q positive out""}"
2026-01-01T04:05:00.000000+00:00,TL_001,synthetic,SOLVED,rev_6e24672c52e849e3b7890d53aaeb4d40.TL_001,rev_6e24672c52e849e3b7890d53aaeb4d40,125.31125969275958,125.40572967311051,-0.09446998035093657,2.431759910489518,66.01339114559606,05014d6f66b27398d5c2ae789be40dd0e63fd6044ab307b341b2a40c647709ca,132.53836337785376,,,GOOD,,125.31125969275958,125.40572967311051,-0.09446998035093657,GOOD,,84.33453511415016,84.33453511415006,,GOOD,,17.00690702283003,17.00690702282999,,GOOD,,86.7391306529783,86.76629502463958,-0.027164371661271502,GOOD,,24.58650872774821,24.586508727750715,-2.504663143554353e-12,GOOD,,392.84399709807946,392.8439970980844,-4.945377440890297e-12,GOOD,,396.0803468735711,396.08034687357633,-5.229594535194337e-12,GOOD,,,,,MISSING,,,,,MISSING,,8587d41c2d19cf9d29373894e55113427ffa9f9822052c16d99027e791020e86,run_ec8c1d4095ea480a906b81611a7dc932.8587d41c2d19cf9d29373894e55113427ffa9f9822052c16d99027e791020e86,2026-10-03T10:46:36.857808+00:00,2026-10-03T10:46:36.857808+00:00,2026-01-01T04:05:00.000000+00:00,demo.generator.v2.map.5c262229d3fe,sha256:e0e03a76b126628a9293c6eff54155b21558e908ffbe39b25f6f484ab14839fa,"{""adapter_version"": ""csv.adapter.v2"", ""declared_timezone"": ""Asia/Colombo"", ""mapping_version"": ""5c262229d3fe6a666ae239aa791a2c308149326550fef3fd18c5634474cb8de6"", ""original_row"": {""Ir_A"": ""396.0803468735711"", ""Is_A"": ""392.84399709807946"", ""Pr_MW"": ""84.33453511415016"", ""Ps_MW"": ""86.7391306529783"", ""Qr_MVAr"": ""17.00690702283003"", ""Qs_MVAr"": ""24.58650872774821"", ""Vr_kV"": ""125.31125969275958"", ""Vs_kV"": ""132.53836337785376"", ""connection_state"": ""CONNECTED"", ""timestamp"": ""2026-01-01T04:05:00Z""}, ""row_number"": 51, ""terminal_directions"": ""receiving P/Q positive out""}"
2026-01-01T04:10:00.000000+00:00,TL_001,synthetic,SOLVED,rev_6e24672c52e849e3b7890d53aaeb4d40.TL_001,rev_6e24672c52e849e3b7890d53aaeb4d40,125.28005026267972,125.38987329709649,-0.10982303441676322,2.44429058799318,66.18270607115451,05014d6f66b27398d5c2ae789be40dd0e63fd6044ab307b341b2a40c647709ca,132.5435054165891,,,GOOD,,125.28005026267972,125.38987329709649,-0.10982303441676322,GOOD,,84.54021666356444,84.54021666356432,,GOOD,,17.048043332712886,17.04804333271271,,GOOD,,87.02348410049063,86.9845072515575,0.03897684893313169,GOOD,,24.682706923980586,24.68270692398301,-2.4229507289419416e-12,GOOD,,393.85753461648255,393.85753461648744,-4.888534022029489e-12,GOOD,,397.09623642692173,397.0962364269271,-5.343281372915953e-12,GOOD,,,,,MISSING,,,,,MISSING,,e6fff01bedd240011d7be56eb56d501c7d6fbe18c404060717e750463c1481cb,run_ec8c1d4095ea480a906b81611a7dc932.e6fff01bedd240011d7be56eb56d501c7d6fbe18c404060717e750463c1481cb,2026-10-03T10:46:37.176010+00:00,2026-10-03T10:46:37.176010+00:00,2026-01-01T04:10:00.000000+00:00,demo.generator.v2.map.5c262229d3fe,sha256:e0e03a76b126628a9293c6eff54155b21558e908ffbe39b25f6f484ab14839fa,"{""adapter_version"": ""csv.adapter.v2"", ""declared_timezone"": ""Asia/Colombo"", ""mapping_version"": ""5c262229d3fe6a666ae239aa791a2c308149326550fef3fd18c5634474cb8de6"", ""original_row"": {""Ir_A"": ""397.09623642692173"", ""Is_A"": ""393.85753461648255"", ""Pr_MW"": ""84.54021666356444"", ""Ps_MW"": ""87.02348410049063"", ""Qr_MVAr"": ""17.048043332712886"", ""Qs_MVAr"": ""24.682706923980586"", ""Vr_kV"": ""125.28005026267972"", ""Vs_kV"": ""132.5435054165891"", ""connection_state"": ""CONNECTED"", ""timestamp"": ""2026-01-01T04:10:00Z""}, ""row_number"": 52, ""terminal_directions"": ""receiving P/Q positive out""}"
2026-01-01T04:15:00.000000+00:00,TL_001,synthetic,SOLVED,rev_6e24672c52e849e3b7890d53aaeb4d40.TL_001,rev_6e24672c52e849e3b7890d53aaeb4d40,125.26546412287081,125.37465194746089,-0.10918782459008014,2.4563407396695567,66.34511912718422,05014d6f66b27398d5c2ae789be40dd0e63fd6044ab307b341b2a40c647709ca,132.54843637076632,,,GOOD,,125.26546412287081,125.37465194746089,-0.10918782459008014,GOOD,,84.73745483065376,84.73745483065363,,GOOD,,17.087490966130755,17.0874909661307,,GOOD,,87.21592103737667,87.19379557032319,0.022125467053484726,GOOD,,24.775104602164024,24.775104602166685,-2.660982545421575e-12,GOOD,,394.8297596886652,394.82975968867055,-5.343281372915953e-12,GOOD,,398.0707147630995,398.0707147631053,-5.7980287238024175e-12,GOOD,,,,,MISSING,,,,,MISSING,,3dd6de4b08c07a61ce5485163064248670c0fef45522c341b95e8eff6e604e3b,run_ec8c1d4095ea480a906b81611a7dc932.3dd6de4b08c07a61ce5485163064248670c0fef45522c341b95e8eff6e604e3b,2026-10-03T10:46:37.496029+00:00,2026-10-03T10:46:37.496029+00:00,2026-01-01T04:15:00.000000+00:00,demo.generator.v2.map.5c262229d3fe,sha256:e0e03a76b126628a9293c6eff54155b21558e908ffbe39b25f6f484ab14839fa,"{""adapter_version"": ""csv.adapter.v2"", ""declared_timezone"": ""Asia/Colombo"", ""mapping_version"": ""5c262229d3fe6a666ae239aa791a2c308149326550fef3fd18c5634474cb8de6"", ""original_row"": {""Ir_A"": ""398.0707147630995"", ""Is_A"": ""394.8297596886652"", ""Pr_MW"": ""84.73745483065376"", ""Ps_MW"": ""87.21592103737667"", ""Qr_MVAr"": ""17.087490966130755"", ""Qs_MVAr"": ""24.775104602164024"", ""Vr_kV"": ""125.26546412287081"", ""Vs_kV"": ""132.54843637076632"", ""connection_state"": ""CONNECTED"", ""timestamp"": ""2026-01-01T04:15:00Z""}, ""row_number"": 53, ""terminal_directions"": ""receiving P/Q positive out""}"
2026-01-01T04:20:00.000000+00:00,TL_001,synthetic,SOLVED,rev_6e24672c52e849e3b7890d53aaeb4d40.TL_001,rev_6e24672c52e849e3b7890d53aaeb4d40,125.23952866142486,125.36007485928383,-0.12054619785897103,2.467900379536644,66.50054694818057,05014d6f66b27398d5c2ae789be40dd0e63fd6044ab307b341b2a40c647709ca,132.55315389351833,,,GOOD,,125.23952866142486,125.36007485928383,-0.12054619785897103,GOOD,,84.926155740733,84.92615574073288,,GOOD,,17.1252311481466,17.125231148146447,,GOOD,,87.38789299353293,87.39405612026952,-0.006163126736595359,GOOD,,24.863639148998185,24.86363914900109,-2.9061197892588098e-12,GOOD,,395.76017289689634,395.7601728969022,-5.8548721426632255e-12,GOOD,,399.00328168907737,399.00328168908345,-6.0822458181064576e-12,GOOD,,,,,MISSING,,,,,MISSING,,60fbbd0ac69935e75eabad7c665aaac790c7ec880df046e964868025e1f6cddd,run_ec8c1d4095ea480a906b81611a7dc932.60fbbd0ac69935e75eabad7c665aaac790c7ec880df046e964868025e1f6cddd,2026-10-03T10:46:37.850463+00:00,2026-10-03T10:46:37.850463+00:00,2026-01-01T04:20:00.000000+00:00,demo.generator.v2.map.5c262229d3fe,sha256:e0e03a76b126628a9293c6eff54155b21558e908ffbe39b25f6f484ab14839fa,"{""adapter_version"": ""csv.adapter.v2"", ""declared_timezone"": ""Asia/Colombo"", ""mapping_version"": ""5c262229d3fe6a666ae239aa791a2c308149326550fef3fd18c5634474cb8de6"", ""original_row"": {""Ir_A"": ""399.00328168907737"", ""Is_A"": ""395.76017289689634"", ""Pr_MW"": ""84.926155740733"", ""Ps_MW"": ""87.38789299353293"", ""Qr_MVAr"": ""17.1252311481466"", ""Qs_MVAr"": ""24.863639148998185"", ""Vr_kV"": ""125.23952866142486"", ""Vs_kV"": ""132.55315389351833"", ""connection_state"": ""CONNECTED"", ""timestamp"": ""2026-01-01T04:20:00Z""}, ""row_number"": 54, ""terminal_directions"": ""receiving P/Q positive out""}"
2026-01-01T04:25:00.000000+00:00,TL_001,synthetic,SOLVED,rev_6e24672c52e849e3b7890d53aaeb4d40.TL_001,rev_6e24672c52e849e3b7890d53aaeb4d40,125.2254566880288,125.34615089954406,-0.12069421151525717,2.478959888170749,66.6489096743698,05014d6f66b27398d5c2ae789be40dd0e63fd6044ab307b341b2a40c647709ca,132.55765573955972,,,GOOD,,125.2254566880288,125.34615089954406,-0.12069421151525717,GOOD,,85.10622958238893,85.10622958238882,,GOOD,,17.16124591647779,17.16124591647759,,GOOD,,87.57501847828198,87.58518947055957,-0.010170992277593882,GOOD,,24.948250373389875,24.948250373392774,-2.8990143619012088e-12,GOOD,,396.6482958241804,396.6482958241865,-6.0822458181064576e-12,GOOD,,399.8934580462125,399.8934580462188,-6.30961949354969e-12,GOOD,,,,,MISSING,,,,,MISSING,,98a5897885ef9dcb7392434daf2d3f09fa46a334ba7256f07eda4a4b11bf049d,run_ec8c1d4095ea480a906b81611a7dc932.98a5897885ef9dcb7392434daf2d3f09fa46a334ba7256f07eda4a4b11bf049d,2026-10-03T10:46:38.038814+00:00,2026-10-03T10:46:38.038814+00:00,2026-01-01T04:25:00.000000+00:00,demo.generator.v2.map.5c262229d3fe,sha256:e0e03a76b126628a9293c6eff54155b21558e908ffbe39b25f6f484ab14839fa,"{""adapter_version"": ""csv.adapter.v2"", ""declared_timezone"": ""Asia/Colombo"", ""mapping_version"": ""5c262229d3fe6a666ae239aa791a2c308149326550fef3fd18c5634474cb8de6"", ""original_row"": {""Ir_A"": ""399.8934580462125"", ""Is_A"": ""396.6482958241804"", ""Pr_MW"": ""85.10622958238893"", ""Ps_MW"": ""87.57501847828198"", ""Qr_MVAr"": ""17.16124591647779"", ""Qs_MVAr"": ""24.948250373389875"", ""Vr_kV"": ""125.2254566880288"", ""Vs_kV"": ""132.55765573955972"", ""connection_state"": ""CONNECTED"", ""timestamp"": ""2026-01-01T04:25:00Z""}, ""row_number"": 55, ""terminal_directions"": ""receiving P/Q positive out""}"
2026-01-01T04:30:00.000000+00:00,TL_001,synthetic,SOLVED,rev_6e24672c52e849e3b7890d53aaeb4d40.TL_001,rev_6e24672c52e849e3b7890d53aaeb4d40,125.24817231216026,125.3328885587603,-0.0847162466000384,2.4895100259098655,66.79013100305352,05014d6f66b27398d5c2ae789be40dd0e63fd6044ab307b341b2a40c647709ca,132.56193976625565,,,GOOD,,125.24817231216026,125.3328885587603,-0.0847162466000384,GOOD,,85.27759065022573,85.2775906502256,,GOOD,,17.195518130045148,17.19551813004501,,GOOD,,87.7152810634391,87.76710067613547,-0.05181961269637725,GOOD,,25.02888057291703,25.028880572920105,-3.076650045841234e-12,GOOD,,397.4936713620062,397.4936713620125,-6.30961949354969e-12,GOOD,,400.74078601831434,400.74078601832116,-6.821210263296962e-12,GOOD,,,,,MISSING,,,,,MISSING,,46e6460e74ec4e20b9fe05c708d025ef6087a4a5354cf7e25ff3d2f191d4bf46,run_ec8c1d4095ea480a906b81611a7dc932.46e6460e74ec4e20b9fe05c708d025ef6087a4a5354cf7e25ff3d2f191d4bf46,2026-10-03T10:46:38.343346+00:00,2026-10-03T10:46:38.343346+00:00,2026-01-01T04:30:00.000000+00:00,demo.generator.v2.map.5c262229d3fe,sha256:e0e03a76b126628a9293c6eff54155b21558e908ffbe39b25f6f484ab14839fa,"{""adapter_version"": ""csv.adapter.v2"", ""declared_timezone"": ""Asia/Colombo"", ""mapping_version"": ""5c262229d3fe6a666ae239aa791a2c308149326550fef3fd18c5634474cb8de6"", ""original_row"": {""Ir_A"": ""400.74078601831434"", ""Is_A"": ""397.4936713620062"", ""Pr_MW"": ""85.27759065022573"", ""Ps_MW"": ""87.7152810634391"", ""Qr_MVAr"": ""17.195518130045148"", ""Qs_MVAr"": ""25.02888057291703"", ""Vr_kV"": ""125.24817231216026"", ""Vs_kV"": ""132.56193976625565"", ""connection_state"": ""CONNECTED"", ""timestamp"": ""2026-01-01T04:30:00Z""}, ""row_number"": 56, ""terminal_directions"": ""receiving P/Q positive out""}"
2026-01-01T04:35:00.000000+00:00,TL_001,synthetic,SOLVED,rev_6e24672c52e849e3b7890d53aaeb4d40.TL_001,rev_6e24672c52e849e3b7890d53aaeb4d40,125.22762457319803,125.32029594294087,-0.0926713697428454,2.49954194559848,66.92413823786593,05014d6f66b27398d5c2ae789be40dd0e63fd6044ab307b341b2a40c647709ca,132.5660039346414,,,GOOD,,125.22762457319803,125.32029594294087,-0.0926713697428454,GOOD,,85.44015738565597,85.44015738565584,,GOOD,,17.228031477131193,17.228031477131093,,GOOD,,87.94683139932366,87.93969933125432,0.00713206806933897,GOOD,,25.10547459788953,25.105474597892723,-3.1938895972416503e-12,GOOD,,398.29586400558014,398.2958640055866,-6.480149750132114e-12,GOOD,,401.54482942718863,401.5448294271956,-6.991740519879386e-12,GOOD,,,,,MISSING,,,,,MISSING,,1d0f700e22a3649c413e0340ad7454320f1706489f1f5a4494561d8ba323f5e5,run_ec8c1d4095ea480a906b81611a7dc932.1d0f700e22a3649c413e0340ad7454320f1706489f1f5a4494561d8ba323f5e5,2026-10-03T10:46:38.548407+00:00,2026-10-03T10:46:38.548407+00:00,2026-01-01T04:35:00.000000+00:00,demo.generator.v2.map.5c262229d3fe,sha256:e0e03a76b126628a9293c6eff54155b21558e908ffbe39b25f6f484ab14839fa,"{""adapter_version"": ""csv.adapter.v2"", ""declared_timezone"": ""Asia/Colombo"", ""mapping_version"": ""5c262229d3fe6a666ae239aa791a2c308149326550fef3fd18c5634474cb8de6"", ""original_row"": {""Ir_A"": ""401.54482942718863"", ""Is_A"": ""398.29586400558014"", ""Pr_MW"": ""85.44015738565597"", ""Ps_MW"": ""87.94683139932366"", ""Qr_MVAr"": ""17.228031477131193"", ""Qs_MVAr"": ""25.10547459788953"", ""Vr_kV"": ""125.22762457319803"", ""Vs_kV"": ""132.5660039346414"", ""connection_state"": ""CONNECTED"", ""timestamp"": ""2026-01-01T04:35:00Z""}, ""row_number"": 57, ""terminal_directions"": ""receiving P/Q positive out""}"
2026-01-01T04:40:00.000000+00:00,TL_001,synthetic,SOLVED,rev_6e24672c52e849e3b7890d53aaeb4d40.TL_001,rev_6e24672c52e849e3b7890d53aaeb4d40,125.19529161915897,125.30838076585658,-0.11308914669761805,2.5090472048474908,67.050862335885,05014d6f66b27398d5c2ae789be40dd0e63fd6044ab307b341b2a40c647709ca,132.56984631039296,,,GOOD,,125.19529161915897,125.30838076585658,-0.11308914669761805,GOOD,,85.59385241571816,85.59385241571802,,GOOD,,17.258770483143632,17.258770483143447,,GOOD,,88.05951788493319,88.10289962056551,-0.04338173563232317,GOOD,,25.177979912888766,25.177979912892017,-3.2507330161024584e-12,GOOD,,399.05446013619354,399.05446013620013,-6.59383658785373e-12,GOOD,,402.3051740153029,402.30517401530994,-7.048583938740194e-12,GOOD,,,,,MISSING,,,,,MISSING,,7658498675f132c09f10b2e1bbc8d558edf1de4356db9719e94567a1f92d8d87,run_ec8c1d4095ea480a906b81611a7dc932.7658498675f132c09f10b2e1bbc8d558edf1de4356db9719e94567a1f92d8d87,2026-10-03T10:46:38.742670+00:00,2026-10-03T10:46:38.742670+00:00,2026-01-01T04:40:00.000000+00:00,demo.generator.v2.map.5c262229d3fe,sha256:e0e03a76b126628a9293c6eff54155b21558e908ffbe39b25f6f484ab14839fa,"{""adapter_version"": ""csv.adapter.v2"", ""declared_timezone"": ""Asia/Colombo"", ""mapping_version"": ""5c262229d3fe6a666ae239aa791a2c308149326550fef3fd18c5634474cb8de6"", ""original_row"": {""Ir_A"": ""402.3051740153029"", ""Is_A"": ""399.05446013619354"", ""Pr_MW"": ""85.59385241571816"", ""Ps_MW"": ""88.05951788493319"", ""Qr_MVAr"": ""17.258770483143632"", ""Qs_MVAr"": ""25.177979912888766"", ""Vr_kV"": ""125.19529161915897"", ""Vs_kV"": ""132.56984631039296"", ""connection_state"": ""CONNECTED"", ""timestamp"": ""2026-01-01T04:40:00Z""}, ""row_number"": 58, ""terminal_directions"": ""receiving P/Q positive out""}"
2026-01-01T04:45:00.000000+00:00,TL_001,synthetic,SOLVED,rev_6e24672c52e849e3b7890d53aaeb4d40.TL_001,rev_6e24672c52e849e3b7890d53aaeb4d40,125.19753153439397,125.29715034164921,-0.09961880725523997,2.518017777784735,67.17023795254138,05014d6f66b27398d5c2ae789be40dd0e63fd6044ab307b341b2a40c647709ca,132.57346506474755,,,GOOD,,125.19753153439397,125.29715034164921,-0.09961880725523997,GOOD,,85.73860258990211,85.73860258990196,,GOOD,,17.28772051798042,17.28772051798027,,GOOD,,88.24073558641416,88.2566203676867,-0.015884781272532678,GOOD,,25.24634665567291,25.246346655676327,-3.417710559006082e-12,GOOD,,399.7690682903881,399.76906829039484,-6.764366844436154e-12,GOOD,,403.0214277152411,403.02142771524825,-7.16227077646181e-12,GOOD,,,,,MISSING,,,,,MISSING,,32a61a6be7829a204075053bd390eebca2b1b540c8b6897994646006b8c58d59,run_ec8c1d4095ea480a906b81611a7dc932.32a61a6be7829a204075053bd390eebca2b1b540c8b6897994646006b8c58d59,2026-10-03T10:46:38.952458+00:00,2026-10-03T10:46:38.952458+00:00,2026-01-01T04:45:00.000000+00:00,demo.generator.v2.map.5c262229d3fe,sha256:e0e03a76b126628a9293c6eff54155b21558e908ffbe39b25f6f484ab14839fa,"{""adapter_version"": ""csv.adapter.v2"", ""declared_timezone"": ""Asia/Colombo"", ""mapping_version"": ""5c262229d3fe6a666ae239aa791a2c308149326550fef3fd18c5634474cb8de6"", ""original_row"": {""Ir_A"": ""403.0214277152411"", ""Is_A"": ""399.7690682903881"", ""Pr_MW"": ""85.73860258990211"", ""Ps_MW"": ""88.24073558641416"", ""Qr_MVAr"": ""17.28772051798042"", ""Qs_MVAr"": ""25.24634665567291"", ""Vr_kV"": ""125.19753153439397"", ""Vs_kV"": ""132.57346506474755"", ""connection_state"": ""CONNECTED"", ""timestamp"": ""2026-01-01T04:45:00Z""}, ""row_number"": 59, ""terminal_directions"": ""receiving P/Q positive out""}"
2026-01-01T04:50:00.000000+00:00,TL_001,synthetic,SOLVED,rev_6e24672c52e849e3b7890d53aaeb4d40.TL_001,rev_6e24672c52e849e3b7890d53aaeb4d40,125.19033944103195,125.28661157778927,-0.09627213675732094,2.5264460662715607,67.28220348427043,05014d6f66b27398d5c2ae789be40dd0e63fd6044ab307b341b2a40c647709ca,132.5768584753741,,,GOOD,,125.19033944103195,125.28661157778927,-0.09627213675732094,GOOD,,85.87433901496453,85.87433901496439,,GOOD,,17.314867802992907,17.314867802992758,,GOOD,,88.40144064560093,88.40078508123595,0.0006555643649761578,GOOD,,25.310527693339694,25.310527693343314,-3.6202152386977104e-12,GOOD,,400.43931941559094,400.4393194155982,-7.275957614183426e-12,GOOD,,403.6932209056148,403.6932209056226,-7.787548383930698e-12,GOOD,,,,,MISSING,,,,,MISSING,,734a7ccad16caa60428292dd38a6dc882b188624ebc178e5c76b7b99eed3ec15,run_ec8c1d4095ea480a906b81611a7dc932.734a7ccad16caa60428292dd38a6dc882b188624ebc178e5c76b7b99eed3ec15,2026-10-03T10:46:39.149797+00:00,2026-10-03T10:46:39.149797+00:00,2026-01-01T04:50:00.000000+00:00,demo.generator.v2.map.5c262229d3fe,sha256:e0e03a76b126628a9293c6eff54155b21558e908ffbe39b25f6f484ab14839fa,"{""adapter_version"": ""csv.adapter.v2"", ""declared_timezone"": ""Asia/Colombo"", ""mapping_version"": ""5c262229d3fe6a666ae239aa791a2c308149326550fef3fd18c5634474cb8de6"", ""original_row"": {""Ir_A"": ""403.6932209056148"", ""Is_A"": ""400.43931941559094"", ""Pr_MW"": ""85.87433901496453"", ""Ps_MW"": ""88.40144064560093"", ""Qr_MVAr"": ""17.314867802992907"", ""Qs_MVAr"": ""25.310527693339694"", ""Vr_kV"": ""125.19033944103195"", ""Vs_kV"": ""132.5768584753741"", ""connection_state"": ""CONNECTED"", ""timestamp"": ""2026-01-01T04:50:00Z""}, ""row_number"": 60, ""terminal_directions"": ""receiving P/Q positive out""}"
2026-01-01T04:55:00.000000+00:00,TL_001,synthetic,SOLVED,rev_6e24672c52e849e3b7890d53aaeb4d40.TL_001,rev_6e24672c52e849e3b7890d53aaeb4d40,125.20800754330955,125.27677096839471,-0.06876342508516586,2.5343249105628587,67.38670110885585,05014d6f66b27398d5c2ae789be40dd0e63fd6044ab307b341b2a40c647709ca,132.58002492719297,,,GOOD,,125.20800754330955,125.27677096839471,-0.06876342508516586,GOOD,,86.00099708771857,86.00099708771843,,GOOD,,17.340199417543715,17.340199417543598,,GOOD,,88.52814132945635,88.53532199828129,-0.007180668824943837,GOOD,,25.370478675641415,25.370478675645263,-3.8475889141409425e-12,GOOD,,401.06486711191565,401.0648671119235,-7.844391802791506e-12,GOOD,,404.32020665312683,404.320206653135,-8.185452315956354e-12,GOOD,,,,,MISSING,,,,,MISSING,,194291af8059e1b9053cfcc074dfe24eb63e901484893b687456984c0ebd719a,run_ec8c1d4095ea480a906b81611a7dc932.194291af8059e1b9053cfcc074dfe24eb63e901484893b687456984c0ebd719a,2026-10-03T10:46:39.455916+00:00,2026-10-03T10:46:39.455916+00:00,2026-01-01T04:55:00.000000+00:00,demo.generator.v2.map.5c262229d3fe,sha256:e0e03a76b126628a9293c6eff54155b21558e908ffbe39b25f6f484ab14839fa,"{""adapter_version"": ""csv.adapter.v2"", ""declared_timezone"": ""Asia/Colombo"", ""mapping_version"": ""5c262229d3fe6a666ae239aa791a2c308149326550fef3fd18c5634474cb8de6"", ""original_row"": {""Ir_A"": ""404.32020665312683"", ""Is_A"": ""401.06486711191565"", ""Pr_MW"": ""86.00099708771857"", ""Ps_MW"": ""88.52814132945635"", ""Qr_MVAr"": ""17.340199417543715"", ""Qs_MVAr"": ""25.370478675641415"", ""Vr_kV"": ""125.20800754330955"", ""Vs_kV"": ""132.58002492719297"", ""connection_state"": ""CONNECTED"", ""timestamp"": ""2026-01-01T04:55:00Z""}, ""row_number"": 61, ""terminal_directions"": ""receiving P/Q positive out""}"
2026-01-01T05:00:00.000000+00:00,TL_001,synthetic,SOLVED,rev_6e24672c52e849e3b7890d53aaeb4d40.TL_001,rev_6e24672c52e849e3b7890d53aaeb4d40,125.14648315459681,125.26763458792277,-0.1211514333259629,2.541647599387943,67.48367682341481,05014d6f66b27398d5c2ae789be40dd0e63fd6044ab307b341b2a40c647709ca,132.58296291314454,,,GOOD,,125.14648315459681,125.26763458792277,-0.1211514333259629,GOOD,,86.11851652578136,86.11851652578125,,GOOD,,17.36370330515627,17.36370330515616,,GOOD,,88.66554239421707,88.66016412516919,0.00537826904788119,GOOD,,25.426158085351673,25.42615808535555,-3.8760106235713465e-12,GOOD,,401.6453878598206,401.6453878598287,-8.128608897095546e-12,GOOD,,404.9020609404802,404.9020609404889,-8.697043085703626e-12,GOOD,,,,,MISSING,,,,,MISSING,,a76ad7ef3f148d959bc3be76da3eb67740d10eb1d2c0df3e97f82319f2d867df,run_ec8c1d4095ea480a906b81611a7dc932.a76ad7ef3f148d959bc3be76da3eb67740d10eb1d2c0df3e97f82319f2d867df,2026-10-03T10:46:39.783634+00:00,2026-10-03T10:46:39.783634+00:00,2026-01-01T05:00:00.000000+00:00,demo.generator.v2.map.5c262229d3fe,sha256:e0e03a76b126628a9293c6eff54155b21558e908ffbe39b25f6f484ab14839fa,"{""adapter_version"": ""csv.adapter.v2"", ""declared_timezone"": ""Asia/Colombo"", ""mapping_version"": ""5c262229d3fe6a666ae239aa791a2c308149326550fef3fd18c5634474cb8de6"", ""original_row"": {""Ir_A"": ""404.9020609404802"", ""Is_A"": ""401.6453878598206"", ""Pr_MW"": ""86.11851652578136"", ""Ps_MW"": ""88.66554239421707"", ""Qr_MVAr"": ""17.36370330515627"", ""Qs_MVAr"": ""25.426158085351673"", ""Vr_kV"": ""125.14648315459681"", ""Vs_kV"": ""132.58296291314454"", ""connection_state"": ""CONNECTED"", ""timestamp"": ""2026-01-01T05:00:00Z""}, ""row_number"": 62, ""terminal_directions"": ""receiving P/Q positive out""}"
2026-01-01T05:05:00.000000+00:00,TL_001,synthetic,SOLVED,rev_6e24672c52e849e3b7890d53aaeb4d40.TL_001,rev_6e24672c52e849e3b7890d53aaeb4d40,125.16303486032191,125.25920808524548,-0.09617322492356095,2.5484078794320197,67.57308047997802,05014d6f66b27398d5c2ae789be40dd0e63fd6044ab307b341b2a40c647709ca,132.58567103490662,,,GOOD,,125.16303486032191,125.25920808524548,-0.09617322492356095,GOOD,,86.22684139626523,86.22684139626509,,GOOD,,17.385368279253047,17.385368279252965,,GOOD,,88.81602490295353,88.7752492756971,0.04077562725642281,GOOD,,25.477527285590934,25.47752728559496,-4.0252245980809676e-12,GOOD,,402.18058123335504,402.1805812333632,-8.185452315956354e-12,GOOD,,405.43848287985935,405.4384828798681,-8.753886504564434e-12,GOOD,,,,,MISSING,,,,,MISSING,,ad8d3d8b2c9746b533d840f448cf3c2b1424c3c6ce349859f37861ae783db5a4,run_ec8c1d4095ea480a906b81611a7dc932.ad8d3d8b2c9746b533d840f448cf3c2b1424c3c6ce349859f37861ae783db5a4,2026-10-03T10:46:40.143397+00:00,2026-10-03T10:46:40.143397+00:00,2026-01-01T05:05:00.000000+00:00,demo.generator.v2.map.5c262229d3fe,sha256:e0e03a76b126628a9293c6eff54155b21558e908ffbe39b25f6f484ab14839fa,"{""adapter_version"": ""csv.adapter.v2"", ""declared_timezone"": ""Asia/Colombo"", ""mapping_version"": ""5c262229d3fe6a666ae239aa791a2c308149326550fef3fd18c5634474cb8de6"", ""original_row"": {""Ir_A"": ""405.43848287985935"", ""Is_A"": ""402.18058123335504"", ""Pr_MW"": ""86.22684139626523"", ""Ps_MW"": ""88.81602490295353"", ""Qr_MVAr"": ""17.385368279253047"", ""Qs_MVAr"": ""25.477527285590934"", ""Vr_kV"": ""125.16303486032191"", ""Vs_kV"": ""132.58567103490662"", ""connection_state"": ""CONNECTED"", ""timestamp"": ""2026-01-01T05:05:00Z""}, ""row_number"": 63, ""terminal_directions"": ""receiving P/Q positive out""}"
2026-01-01T05:10:00.000000+00:00,TL_001,synthetic,SOLVED,rev_6e24672c52e849e3b7890d53aaeb4d40.TL_001,rev_6e24672c52e849e3b7890d53aaeb4d40,125.16772482318198,125.2514966781206,-0.08377185493861816,2.554599964197706,67.65486581861937,05014d6f66b27398d5c2ae789be40dd0e63fd6044ab307b341b2a40c647709ca,132.58814800355995,,,GOOD,,125.16772482318198,125.2514966781206,-0.08377185493861816,GOOD,,86.32592014239867,86.32592014239853,,GOOD,,17.405184028479734,17.40518402847959,,GOOD,,88.89122623836994,88.88052010659624,0.010706131773702054,GOOD,,25.52455056401981,25.524550564023723,-3.915090474038152e-12,GOOD,,402.6701700987161,402.67017009872404,-7.958078640513122e-12,GOOD,,405.92919491170767,405.9291949117162,-8.526512829121202e-12,GOOD,,,,,MISSING,,,,,MISSING,,a4e3e0413e23901bf904e98542b94e79dce6078d7da96f6516d1fcbe96085546,run_ec8c1d4095ea480a906b81611a7dc932.a4e3e0413e23901bf904e98542b94e79dce6078d7da96f6516d1fcbe96085546,2026-10-03T10:46:40.338064+00:00,2026-10-03T10:46:40.338064+00:00,2026-01-01T05:10:00.000000+00:00,demo.generator.v2.map.5c262229d3fe,sha256:e0e03a76b126628a9293c6eff54155b21558e908ffbe39b25f6f484ab14839fa,"{""adapter_version"": ""csv.adapter.v2"", ""declared_timezone"": ""Asia/Colombo"", ""mapping_version"": ""5c262229d3fe6a666ae239aa791a2c308149326550fef3fd18c5634474cb8de6"", ""original_row"": {""Ir_A"": ""405.92919491170767"", ""Is_A"": ""402.6701700987161"", ""Pr_MW"": ""86.32592014239867"", ""Ps_MW"": ""88.89122623836994"", ""Qr_MVAr"": ""17.405184028479734"", ""Qs_MVAr"": ""25.52455056401981"", ""Vr_kV"": ""125.16772482318198"", ""Vs_kV"": ""132.58814800355995"", ""connection_state"": ""CONNECTED"", ""timestamp"": ""2026-01-01T05:10:00Z""}, ""row_number"": 64, ""terminal_directions"": ""receiving P/Q positive out""}"
2026-01-01T05:15:00.000000+00:00,TL_001,synthetic,SOLVED,rev_6e24672c52e849e3b7890d53aaeb4d40.TL_001,rev_6e24672c52e849e3b7890d53aaeb4d40,125.17338691149953,125.24450514806632,-0.0711182365667895,2.560218542228668,67.72899049809448,05014d6f66b27398d5c2ae789be40dd0e63fd6044ab307b341b2a40c647709ca,132.5903926402016,,,GOOD,,125.17338691149953,125.24450514806632,-0.0711182365667895,GOOD,,86.4157056080646,86.41570560806444,,GOOD,,17.42314112161292,17.423141121612787,,GOOD,,88.9402612586626,88.97592415029311,-0.0356628916305084,GOOD,,25.56719517381632,25.567195173820455,-4.135358722123783e-12,GOOD,,403.11390079787355,403.113900797882,-8.469669410260394e-12,GOOD,,406.37394298855776,406.37394298856685,-9.094947017729282e-12,GOOD,,,,,MISSING,,,,,MISSING,,adc607b7caa71cfafab34b798add5fdaed86c088cd274cc0d00671fceb3bd7c8,run_ec8c1d4095ea480a906b81611a7dc932.adc607b7caa71cfafab34b798add5fdaed86c088cd274cc0d00671fceb3bd7c8,2026-10-03T10:46:40.527573+00:00,2026-10-03T10:46:40.527573+00:00,2026-01-01T05:15:00.000000+00:00,demo.generator.v2.map.5c262229d3fe,sha256:e0e03a76b126628a9293c6eff54155b21558e908ffbe39b25f6f484ab14839fa,"{""adapter_version"": ""csv.adapter.v2"", ""declared_timezone"": ""Asia/Colombo"", ""mapping_version"": ""5c262229d3fe6a666ae239aa791a2c308149326550fef3fd18c5634474cb8de6"", ""original_row"": {""Ir_A"": ""406.37394298855776"", ""Is_A"": ""403.11390079787355"", ""Pr_MW"": ""86.4157056080646"", ""Ps_MW"": ""88.9402612586626"", ""Qr_MVAr"": ""17.42314112161292"", ""Qs_MVAr"": ""25.56719517381632"", ""Vr_kV"": ""125.17338691149953"", ""Vs_kV"": ""132.5903926402016"", ""connection_state"": ""CONNECTED"", ""timestamp"": ""2026-01-01T05:15:00Z""}, ""row_number"": 65, ""terminal_directions"": ""receiving P/Q positive out""}"
2026-01-01T05:20:00.000000+00:00,TL_001,synthetic,SOLVED,rev_6e24672c52e849e3b7890d53aaeb4d40.TL_001,rev_6e24672c52e849e3b7890d53aaeb4d40,125.12513896005626,125.23823783565027,-0.11309887559400522,2.565258784677738,67.79541612394866,05014d6f66b27398d5c2ae789be40dd0e63fd6044ab307b341b2a40c647709ca,132.5924038765061,,,GOOD,,125.12513896005626,125.23823783565027,-0.11309887559400522,GOOD,,86.49615506024415,86.496155060244,,GOOD,,17.439231012048833,17.43923101204871,,GOOD,,89.03361656667876,89.06141384492174,-0.027797278242985612,GOOD,,25.605431371360993,25.605431371365167,-4.1744385725905886e-12,GOOD,,403.511543317032,403.51154331704055,-8.526512829121202e-12,GOOD,,406.7724967436828,406.7724967436919,-9.094947017729282e-12,GOOD,,,,,MISSING,,,,,MISSING,,94b21b976ac94d36b897e74751863566207ea14440ff8269a776f118739cce53,run_ec8c1d4095ea480a906b81611a7dc932.94b21b976ac94d36b897e74751863566207ea14440ff8269a776f118739cce53,2026-10-03T10:46:40.816700+00:00,2026-10-03T10:46:40.816700+00:00,2026-01-01T05:20:00.000000+00:00,demo.generator.v2.map.5c262229d3fe,sha256:e0e03a76b126628a9293c6eff54155b21558e908ffbe39b25f6f484ab14839fa,"{""adapter_version"": ""csv.adapter.v2"", ""declared_timezone"": ""Asia/Colombo"", ""mapping_version"": ""5c262229d3fe6a666ae239aa791a2c308149326550fef3fd18c5634474cb8de6"", ""original_row"": {""Ir_A"": ""406.7724967436828"", ""Is_A"": ""403.511543317032"", ""Pr_MW"": ""86.49615506024415"", ""Ps_MW"": ""89.03361656667876"", ""Qr_MVAr"": ""17.439231012048833"", ""Qs_MVAr"": ""25.605431371360993"", ""Vr_kV"": ""125.12513896005626"", ""Vs_kV"": ""132.5924038765061"", ""connection_state"": ""CONNECTED"", ""timestamp"": ""2026-01-01T05:20:00Z""}, ""row_number"": 66, ""terminal_directions"": ""receiving P/Q positive out""}"
2026-01-01T05:25:00.000000+00:00,TL_001,synthetic,SOLVED,rev_6e24672c52e849e3b7890d53aaeb4d40.TL_001,rev_6e24672c52e849e3b7890d53aaeb4d40,125.12466967034771,125.2326986362007,-0.10802896585298072,2.5697163522036135,67.85410827405843,05014d6f66b27398d5c2ae789be40dd0e63fd6044ab307b341b2a40c647709ca,132.59418075523388,,,GOOD,,125.12466967034771,125.2326986362007,-0.10802896585298072,GOOD,,86.56723020935522,86.56723020935507,,GOOD,,17.453446041871043,17.45344604187079,,GOOD,,89.09564597713116,89.13694656155869,-0.04130058442753182,GOOD,,25.639232450553273,25.639232450557504,-4.231281991451397e-12,GOOD,,403.862891439703,403.86289143971175,-8.753886504564434e-12,GOOD,,407.1246496443415,407.1246496443506,-9.094947017729282e-12,GOOD,,,,,MISSING,,,,,MISSING,,352c3934dcc4b95183c082b2e47f9f7332ef2da685a3dbfc078849ef8b337ddc,run_ec8c1d4095ea480a906b81611a7dc932.352c3934dcc4b95183c082b2e47f9f7332ef2da685a3dbfc078849ef8b337ddc,2026-10-03T10:46:41.008308+00:00,2026-10-03T10:46:41.008308+00:00,2026-01-01T05:25:00.000000+00:00,demo.generator.v2.map.5c262229d3fe,sha256:e0e03a76b126628a9293c6eff54155b21558e908ffbe39b25f6f484ab14839fa,"{""adapter_version"": ""csv.adapter.v2"", ""declared_timezone"": ""Asia/Colombo"", ""mapping_version"": ""5c262229d3fe6a666ae239aa791a2c308149326550fef3fd18c5634474cb8de6"", ""original_row"": {""Ir_A"": ""407.1246496443415"", ""Is_A"": ""403.862891439703"", ""Pr_MW"": ""86.56723020935522"", ""Ps_MW"": ""89.09564597713116"", ""Qr_MVAr"": ""17.453446041871043"", ""Qs_MVAr"": ""25.639232450553273"", ""Vr_kV"": ""125.12466967034771"", ""Vs_kV"": ""132.59418075523388"", ""connection_state"": ""CONNECTED"", ""timestamp"": ""2026-01-01T05:25:00Z""}, ""row_number"": 67, ""terminal_directions"": ""receiving P/Q positive out""}"
2026-01-01T05:30:00.000000+00:00,TL_001,synthetic,SOLVED,rev_6e24672c52e849e3b7890d53aaeb4d40.TL_001,rev_6e24672c52e849e3b7890d53aaeb4d40,125.14042291211221,125.22789099594769,-0.08746808383547489,2.5735874011816975,67.90503652157464,05014d6f66b27398d5c2ae789be40dd0e63fd6044ab307b341b2a40c647709ca,132.5957224306869,,,GOOD,,125.14042291211221,125.22789099594769,-0.08746808383547489,GOOD,,86.6288972274762,86.62889722747602,,GOOD,,17.46577944549524,17.465779445495,,GOOD,,89.19581794774392,89.20248462865771,-0.006666680913795631,GOOD,,25.668574773699078,25.66857477370334,-4.263256414560601e-12,GOOD,,404.16776288421045,404.16776288421914,-8.697043085703626e-12,GOOD,,407.4302191294388,407.4302191294479,-9.094947017729282e-12,GOOD,,,,,MISSING,,,,,MISSING,,89eb96fafd072f696cf3cfc32f5fe8d92e1b067ae39c2c513021508e75ca045f,run_ec8c1d4095ea480a906b81611a7dc932.89eb96fafd072f696cf3cfc32f5fe8d92e1b067ae39c2c513021508e75ca045f,2026-10-03T10:46:41.213968+00:00,2026-10-03T10:46:41.213968+00:00,2026-01-01T05:30:00.000000+00:00,demo.generator.v2.map.5c262229d3fe,sha256:e0e03a76b126628a9293c6eff54155b21558e908ffbe39b25f6f484ab14839fa,"{""adapter_version"": ""csv.adapter.v2"", ""declared_timezone"": ""Asia/Colombo"", ""mapping_version"": ""5c262229d3fe6a666ae239aa791a2c308149326550fef3fd18c5634474cb8de6"", ""original_row"": {""Ir_A"": ""407.4302191294388"", ""Is_A"": ""404.16776288421045"", ""Pr_MW"": ""86.6288972274762"", ""Ps_MW"": ""89.19581794774392"", ""Qr_MVAr"": ""17.46577944549524"", ""Qs_MVAr"": ""25.668574773699078"", ""Vr_kV"": ""125.14042291211221"", ""Vs_kV"": ""132.5957224306869"", ""connection_state"": ""CONNECTED"", ""timestamp"": ""2026-01-01T05:30:00Z""}, ""row_number"": 68, ""terminal_directions"": ""receiving P/Q positive out""}"
2026-01-01T05:35:00.000000+00:00,TL_001,synthetic,SOLVED,rev_6e24672c52e849e3b7890d53aaeb4d40.TL_001,rev_6e24672c52e849e3b7890d53aaeb4d40,125.09428290947677,125.22381790860163,-0.1295349991248571,2.576868589215678,67.94817445523658,05014d6f66b27398d5c2ae789be40dd0e63fd6044ab307b341b2a40c647709ca,132.59702816911116,,,GOOD,,125.09428290947677,125.22381790860163,-0.1295349991248571,GOOD,,86.68112676444639,86.6811267644462,,GOOD,,17.47622535288928,17.476225352888946,,GOOD,,89.22752798122482,89.25799535366188,-0.03046737243705877,GOOD,,25.69343779890527,25.693437798909468,-4.199307568342192e-12,GOOD,,404.42599942543615,404.42599942544473,-8.58335624798201e-12,GOOD,,407.68904673141043,407.6890467314195,-9.094947017729282e-12,GOOD,,,,,MISSING,,,,,MISSING,,a2fa5abc1fd2978904848e8e28652b62251304a6fe204eadf6596ea883dfaebb,run_ec8c1d4095ea480a906b81611a7dc932.a2fa5abc1fd2978904848e8e28652b62251304a6fe204eadf6596ea883dfaebb,2026-10-03T10:46:41.419308+00:00,2026-10-03T10:46:41.419308+00:00,2026-01-01T05:35:00.000000+00:00,demo.generator.v2.map.5c262229d3fe,sha256:e0e03a76b126628a9293c6eff54155b21558e908ffbe39b25f6f484ab14839fa,"{""adapter_version"": ""csv.adapter.v2"", ""declared_timezone"": ""Asia/Colombo"", ""mapping_version"": ""5c262229d3fe6a666ae239aa791a2c308149326550fef3fd18c5634474cb8de6"", ""original_row"": {""Ir_A"": ""407.68904673141043"", ""Is_A"": ""404.42599942543615"", ""Pr_MW"": ""86.68112676444639"", ""Ps_MW"": ""89.22752798122482"", ""Qr_MVAr"": ""17.47622535288928"", ""Qs_MVAr"": ""25.69343779890527"", ""Vr_kV"": ""125.09428290947677"", ""Vs_kV"": ""132.59702816911116"", ""connection_state"": ""CONNECTED"", ""timestamp"": ""2026-01-01T05:35:00Z""}, ""row_number"": 69, ""terminal_directions"": ""receiving P/Q positive out""}"
2026-01-01T05:40:00.000000+00:00,TL_001,synthetic,SOLVED,rev_6e24672c52e849e3b7890d53aaeb4d40.TL_001,rev_6e24672c52e849e3b7890d53aaeb4d40,125.12667608328641,125.2204819123748,-0.09380582908838164,2.5795570799383967,67.98349969703163,05014d6f66b27398d5c2ae789be40dd0e63fd6044ab307b341b2a40c647709ca,132.59809734904587,,,GOOD,,125.12667608328641,125.2204819123748,-0.09380582908838164,GOOD,,86.7238939618349,86.72389396183475,,GOOD,,17.48477879236698,17.484778792366765,,GOOD,,89.3285948388091,89.30345104177314,0.02514379703595182,GOOD,,25.713804103930137,25.713804103934358,-4.220623850414995e-12,GOOD,,404.6374670006567,404.63746700066554,-8.810729923425242e-12,GOOD,,407.9009981821802,407.90099818218977,-9.549694368615746e-12,GOOD,,,,,MISSING,,,,,MISSING,,a3002fd1fd87c56690fd0fbfed372ce8a40b5768fc9602811528631f276ed661,run_ec8c1d4095ea480a906b81611a7dc932.a3002fd1fd87c56690fd0fbfed372ce8a40b5768fc9602811528631f276ed661,2026-10-03T10:46:41.725509+00:00,2026-10-03T10:46:41.725509+00:00,2026-01-01T05:40:00.000000+00:00,demo.generator.v2.map.5c262229d3fe,sha256:e0e03a76b126628a9293c6eff54155b21558e908ffbe39b25f6f484ab14839fa,"{""adapter_version"": ""csv.adapter.v2"", ""declared_timezone"": ""Asia/Colombo"", ""mapping_version"": ""5c262229d3fe6a666ae239aa791a2c308149326550fef3fd18c5634474cb8de6"", ""original_row"": {""Ir_A"": ""407.9009981821802"", ""Is_A"": ""404.6374670006567"", ""Pr_MW"": ""86.7238939618349"", ""Ps_MW"": ""89.3285948388091"", ""Qr_MVAr"": ""17.48477879236698"", ""Qs_MVAr"": ""25.713804103930137"", ""Vr_kV"": ""125.12667608328641"", ""Vs_kV"": ""132.59809734904587"", ""connection_state"": ""CONNECTED"", ""timestamp"": ""2026-01-01T05:40:00Z""}, ""row_number"": 70, ""terminal_directions"": ""receiving P/Q positive out""}"
2026-01-01T05:45:00.000000+00:00,TL_001,synthetic,SOLVED,rev_6e24672c52e849e3b7890d53aaeb4d40.TL_001,rev_6e24672c52e849e3b7890d53aaeb4d40,125.15777688375161,125.21788508745217,-0.060108203700565355,2.581650547091442,68.01099391717695,05014d6f66b27398d5c2ae789be40dd0e63fd6044ab307b341b2a40c647709ca,132.5989294616193,,,GOOD,,125.15777688375161,125.21788508745217,-0.060108203700565355,GOOD,,86.75717846477207,86.75717846477188,,GOOD,,17.491435692954415,17.49143569295424,,GOOD,,89.42624488584268,89.33882901186333,0.08741587397935291,GOOD,,25.72965940644407,25.72965940644854,-4.46931380793103e-12,GOOD,,404.80205579933306,404.8020557993421,-9.038103598868474e-12,GOOD,,408.06596350305205,408.0659635030616,-9.549694368615746e-12,GOOD,,,,,MISSING,,,,,MISSING,,5376fabf8006cccd7271e73e55e6d366fe962941f774b843c2201e0d6ace7c9d,run_ec8c1d4095ea480a906b81611a7dc932.5376fabf8006cccd7271e73e55e6d366fe962941f774b843c2201e0d6ace7c9d,2026-10-03T10:46:42.004351+00:00,2026-10-03T10:46:42.004351+00:00,2026-01-01T05:45:00.000000+00:00,demo.generator.v2.map.5c262229d3fe,sha256:e0e03a76b126628a9293c6eff54155b21558e908ffbe39b25f6f484ab14839fa,"{""adapter_version"": ""csv.adapter.v2"", ""declared_timezone"": ""Asia/Colombo"", ""mapping_version"": ""5c262229d3fe6a666ae239aa791a2c308149326550fef3fd18c5634474cb8de6"", ""original_row"": {""Ir_A"": ""408.06596350305205"", ""Is_A"": ""404.80205579933306"", ""Pr_MW"": ""86.75717846477207"", ""Ps_MW"": ""89.42624488584268"", ""Qr_MVAr"": ""17.491435692954415"", ""Qs_MVAr"": ""25.72965940644407"", ""Vr_kV"": ""125.15777688375161"", ""Vs_kV"": ""132.5989294616193"", ""connection_state"": ""CONNECTED"", ""timestamp"": ""2026-01-01T05:45:00Z""}, ""row_number"": 71, ""terminal_directions"": ""receiving P/Q positive out""}"
2026-01-01T05:50:00.000000+00:00,TL_001,synthetic,SOLVED,rev_6e24672c52e849e3b7890d53aaeb4d40.TL_001,rev_6e24672c52e849e3b7890d53aaeb4d40,125.12429820701358,125.21602905391562,-0.09173084690203837,2.5831471778749915,68.03064284640448,05014d6f66b27398d5c2ae789be40dd0e63fd6044ab307b341b2a40c647709ca,132.59952411079092,,,GOOD,,125.12429820701358,125.21602905391562,-0.09173084690203837,GOOD,,86.78096443163716,86.78096443163699,,GOOD,,17.49619288632743,17.496192886327172,,GOOD,,89.33442546591012,89.36411160951198,-0.0296861436018645,GOOD,,25.740992580659977,25.740992580664386,-4.408917675391422e-12,GOOD,,404.9196803367328,404.919680336742,-9.15179043659009e-12,GOOD,,408.1838570784171,408.18385707842685,-9.777068044058979e-12,GOOD,,,,,MISSING,,,,,MISSING,,025afc94a28ced716c82a747c193cf924a02c45f82c512c940984e46a30ab6d9,run_ec8c1d4095ea480a906b81611a7dc932.025afc94a28ced716c82a747c193cf924a02c45f82c512c940984e46a30ab6d9,2026-10-03T10:46:42.273772+00:00,2026-10-03T10:46:42.273772+00:00,2026-01-01T05:50:00.000000+00:00,demo.generator.v2.map.5c262229d3fe,sha256:e0e03a76b126628a9293c6eff54155b21558e908ffbe39b25f6f484ab14839fa,"{""adapter_version"": ""csv.adapter.v2"", ""declared_timezone"": ""Asia/Colombo"", ""mapping_version"": ""5c262229d3fe6a666ae239aa791a2c308149326550fef3fd18c5634474cb8de6"", ""original_row"": {""Ir_A"": ""408.1838570784171"", ""Is_A"": ""404.9196803367328"", ""Pr_MW"": ""86.78096443163716"", ""Ps_MW"": ""89.33442546591012"", ""Qr_MVAr"": ""17.49619288632743"", ""Qs_MVAr"": ""25.740992580659977"", ""Vr_kV"": ""125.12429820701358"", ""Vs_kV"": ""132.59952411079092"", ""connection_state"": ""CONNECTED"", ""timestamp"": ""2026-01-01T05:50:00Z""}, ""row_number"": 72, ""terminal_directions"": ""receiving P/Q positive out""}"
2026-01-01T05:55:00.000000+00:00,TL_001,synthetic,SOLVED,rev_6e24672c52e849e3b7890d53aaeb4d40.TL_001,rev_6e24672c52e849e3b7890d53aaeb4d40,125.07226928505268,125.2149149701249,-0.14264568507221043,2.5840456755609154,68.04243628553243,05014d6f66b27398d5c2ae789be40dd0e63fd6044ab307b341b2a40c647709ca,132.59988101353994,,,GOOD,,125.07226928505268,125.2149149701249,-0.14264568507221043,GOOD,,86.79524054159818,86.795240541598,,GOOD,,17.499048108319638,17.499048108319574,,GOOD,,89.38731756102834,89.37928621715892,0.00803134386941906,GOOD,,25.74779567030239,25.74779567030695,-4.558131649901043e-12,GOOD,,404.9902795112958,404.99027951130506,-9.265477274311706e-12,GOOD,,408.25461771318464,408.25461771319453,-9.890754881780595e-12,GOOD,,,,,MISSING,,,,,MISSING,,a0e68c796465d8ecd23ed5ad63a5659e2b9d652ae5c7c9cd0fbed0881bafb209,run_ec8c1d4095ea480a906b81611a7dc932.a0e68c796465d8ecd23ed5ad63a5659e2b9d652ae5c7c9cd0fbed0881bafb209,2026-10-03T10:46:42.505696+00:00,2026-10-03T10:46:42.505696+00:00,2026-01-01T05:55:00.000000+00:00,demo.generator.v2.map.5c262229d3fe,sha256:e0e03a76b126628a9293c6eff54155b21558e908ffbe39b25f6f484ab14839fa,"{""adapter_version"": ""csv.adapter.v2"", ""declared_timezone"": ""Asia/Colombo"", ""mapping_version"": ""5c262229d3fe6a666ae239aa791a2c308149326550fef3fd18c5634474cb8de6"", ""original_row"": {""Ir_A"": ""408.25461771318464"", ""Is_A"": ""404.9902795112958"", ""Pr_MW"": ""86.79524054159818"", ""Ps_MW"": ""89.38731756102834"", ""Qr_MVAr"": ""17.499048108319638"", ""Qs_MVAr"": ""25.74779567030239"", ""Vr_kV"": ""125.07226928505268"", ""Vs_kV"": ""132.59988101353994"", ""connection_state"": ""CONNECTED"", ""timestamp"": ""2026-01-01T05:55:00Z""}, ""row_number"": 73, ""terminal_directions"": ""receiving P/Q positive out""}"
2026-01-01T06:00:00.000000+00:00,TL_001,synthetic,SOLVED,rev_6e24672c52e849e3b7890d53aaeb4d40.TL_001,rev_6e24672c52e849e3b7890d53aaeb4d40,125.09828470965466,125.21454353156004,-0.11625882190537595,2.584345261363012,68.0463681123107,05014d6f66b27398d5c2ae789be40dd0e63fd6044ab307b341b2a40c647709ca,132.6,,,GOOD,,125.09828470965466,125.21454353156004,-0.11625882190537595,GOOD,,86.8,86.79999999999984,,GOOD,,17.5,17.499999999999833,,GOOD,,89.37188454355656,89.38434526136285,-0.012460717806291655,GOOD,,25.750063897887927,25.750063897892456,-4.529709940470639e-12,GOOD,,405.01381664565884,405.0138166456681,-9.265477274311706e-12,GOOD,,408.2782086738544,408.27820867386424,-9.833911462919787e-12,GOOD,,,,,MISSING,,,,,MISSING,,ab704e6e713dfa9fa81fd98b528275e4078fd056fa5abbaed24cf3290d2e366f,run_ec8c1d4095ea480a906b81611a7dc932.ab704e6e713dfa9fa81fd98b528275e4078fd056fa5abbaed24cf3290d2e366f,2026-10-03T10:46:42.683388+00:00,2026-10-03T10:46:42.683388+00:00,2026-01-01T06:00:00.000000+00:00,demo.generator.v2.map.5c262229d3fe,sha256:e0e03a76b126628a9293c6eff54155b21558e908ffbe39b25f6f484ab14839fa,"{""adapter_version"": ""csv.adapter.v2"", ""declared_timezone"": ""Asia/Colombo"", ""mapping_version"": ""5c262229d3fe6a666ae239aa791a2c308149326550fef3fd18c5634474cb8de6"", ""original_row"": {""Ir_A"": ""408.2782086738544"", ""Is_A"": ""405.01381664565884"", ""Pr_MW"": ""86.8"", ""Ps_MW"": ""89.37188454355656"", ""Qr_MVAr"": ""17.5"", ""Qs_MVAr"": ""25.750063897887927"", ""Vr_kV"": ""125.09828470965466"", ""Vs_kV"": ""132.6"", ""connection_state"": ""CONNECTED"", ""timestamp"": ""2026-01-01T06:00:00Z""}, ""row_number"": 74, ""terminal_directions"": ""receiving P/Q positive out""}"
2026-01-01T06:05:00.000000+00:00,TL_001,synthetic,SOLVED,rev_6e24672c52e849e3b7890d53aaeb4d40.TL_001,rev_6e24672c52e849e3b7890d53aaeb4d40,125.10266827468612,125.2149149701249,-0.11224669543877042,2.5840456755609154,68.04243628553243,05014d6f66b27398d5c2ae789be40dd0e63fd6044ab307b341b2a40c647709ca,132.59988101353994,,,GOOD,,125.10266827468612,125.2149149701249,-0.11224669543877042,GOOD,,86.79524054159818,86.795240541598,,GOOD,,17.499048108319638,17.499048108319574,,GOOD,,89.37506249056554,89.37928621715892,-0.004223726593380661,GOOD,,25.74779567030239,25.74779567030695,-4.558131649901043e-12,GOOD,,404.9902795112958,404.99027951130506,-9.265477274311706e-12,GOOD,,408.25461771318464,408.25461771319453,-9.890754881780595e-12,GOOD,,,,,MISSING,,,,,MISSING,,ced7ad4f1dca943310f26c8db0f6fdf2f0ce6024265abcadfe25c14a18fc5fcd,run_ec8c1d4095ea480a906b81611a7dc932.ced7ad4f1dca943310f26c8db0f6fdf2f0ce6024265abcadfe25c14a18fc5fcd,2026-10-03T10:46:42.863019+00:00,2026-10-03T10:46:42.863019+00:00,2026-01-01T06:05:00.000000+00:00,demo.generator.v2.map.5c262229d3fe,sha256:e0e03a76b126628a9293c6eff54155b21558e908ffbe39b25f6f484ab14839fa,"{""adapter_version"": ""csv.adapter.v2"", ""declared_timezone"": ""Asia/Colombo"", ""mapping_version"": ""5c262229d3fe6a666ae239aa791a2c308149326550fef3fd18c5634474cb8de6"", ""original_row"": {""Ir_A"": ""408.25461771318464"", ""Is_A"": ""404.9902795112958"", ""Pr_MW"": ""86.79524054159818"", ""Ps_MW"": ""89.37506249056554"", ""Qr_MVAr"": ""17.499048108319638"", ""Qs_MVAr"": ""25.74779567030239"", ""Vr_kV"": ""125.10266827468612"", ""Vs_kV"": ""132.59988101353994"", ""connection_state"": ""CONNECTED"", ""timestamp"": ""2026-01-01T06:05:00Z""}, ""row_number"": 75, ""terminal_directions"": ""receiving P/Q positive out""}"
2026-01-01T06:10:00.000000+00:00,TL_001,synthetic,SOLVED,rev_6e24672c52e849e3b7890d53aaeb4d40.TL_001,rev_6e24672c52e849e3b7890d53aaeb4d40,125.13732962296382,125.21602905391562,-0.07869943095180076,2.5831471778749915,68.03064284640448,05014d6f66b27398d5c2ae789be40dd0e63fd6044ab307b341b2a40c647709ca,132.59952411079092,,,GOOD,,125.13732962296382,125.21602905391562,-0.07869943095180076,GOOD,,86.78096443163716,86.78096443163699,,GOOD,,17.49619288632743,17.496192886327172,,GOOD,,89.36882306653443,89.36411160951198,0.004711457022452237,GOOD,,25.740992580659977,25.740992580664386,-4.408917675391422e-12,GOOD,,404.9196803367328,404.919680336742,-9.15179043659009e-12,GOOD,,408.1838570784171,408.18385707842685,-9.777068044058979e-12,GOOD,,,,,MISSING,,,,,MISSING,,07c267723cffc9728d760536b66833809c2773431f57b1b3a7345f8fb45e4ac3,run_ec8c1d4095ea480a906b81611a7dc932.07c267723cffc9728d760536b66833809c2773431f57b1b3a7345f8fb45e4ac3,2026-10-03T10:46:43.143179+00:00,2026-10-03T10:46:43.143179+00:00,2026-01-01T06:10:00.000000+00:00,demo.generator.v2.map.5c262229d3fe,sha256:e0e03a76b126628a9293c6eff54155b21558e908ffbe39b25f6f484ab14839fa,"{""adapter_version"": ""csv.adapter.v2"", ""declared_timezone"": ""Asia/Colombo"", ""mapping_version"": ""5c262229d3fe6a666ae239aa791a2c308149326550fef3fd18c5634474cb8de6"", ""original_row"": {""Ir_A"": ""408.1838570784171"", ""Is_A"": ""404.9196803367328"", ""Pr_MW"": ""86.78096443163716"", ""Ps_MW"": ""89.36882306653443"", ""Qr_MVAr"": ""17.49619288632743"", ""Qs_MVAr"": ""25.740992580659977"", ""Vr_kV"": ""125.13732962296382"", ""Vs_kV"": ""132.59952411079092"", ""connection_state"": ""CONNECTED"", ""timestamp"": ""2026-01-01T06:10:00Z""}, ""row_number"": 76, ""terminal_directions"": ""receiving P/Q positive out""}"
2026-01-01T06:15:00.000000+00:00,TL_001,synthetic,SOLVED,rev_6e24672c52e849e3b7890d53aaeb4d40.TL_001,rev_6e24672c52e849e3b7890d53aaeb4d40,125.114669569177,125.21788508745217,-0.10321551827517794,2.581650547091442,68.01099391717695,05014d6f66b27398d5c2ae789be40dd0e63fd6044ab307b341b2a40c647709ca,132.5989294616193,,,GOOD,,125.114669569177,125.21788508745217,-0.10321551827517794,GOOD,,86.75717846477207,86.75717846477188,,GOOD,,17.491435692954415,17.49143569295424,,GOOD,,89.30775939927769,89.33882901186333,-0.03106961258563956,GOOD,,25.72965940644407,25.72965940644854,-4.46931380793103e-12,GOOD,,404.80205579933306,404.8020557993421,-9.038103598868474e-12,GOOD,,408.06596350305205,408.0659635030616,-9.549694368615746e-12,GOOD,,,,,MISSING,,,,,MISSING,,cde4fd61b31ad73daa36c2902d28a3aa90e8ef459762c2f97111135655321aeb,run_ec8c1d4095ea480a906b81611a7dc932.cde4fd61b31ad73daa36c2902d28a3aa90e8ef459762c2f97111135655321aeb,2026-10-03T10:46:43.324753+00:00,2026-10-03T10:46:43.324753+00:00,2026-01-01T06:15:00.000000+00:00,demo.generator.v2.map.5c262229d3fe,sha256:e0e03a76b126628a9293c6eff54155b21558e908ffbe39b25f6f484ab14839fa,"{""adapter_version"": ""csv.adapter.v2"", ""declared_timezone"": ""Asia/Colombo"", ""mapping_version"": ""5c262229d3fe6a666ae239aa791a2c308149326550fef3fd18c5634474cb8de6"", ""original_row"": {""Ir_A"": ""408.06596350305205"", ""Is_A"": ""404.80205579933306"", ""Pr_MW"": ""86.75717846477207"", ""Ps_MW"": ""89.30775939927769"", ""Qr_MVAr"": ""17.491435692954415"", ""Qs_MVAr"": ""25.72965940644407"", ""Vr_kV"": ""125.114669569177"", ""Vs_kV"": ""132.5989294616193"", ""connection_state"": ""CONNECTED"", ""timestamp"": ""2026-01-01T06:15:00Z""}, ""row_number"": 77, ""terminal_directions"": ""receiving P/Q positive out""}"
2026-01-01T06:20:00.000000+00:00,TL_001,synthetic,SOLVED,rev_6e24672c52e849e3b7890d53aaeb4d40.TL_001,rev_6e24672c52e849e3b7890d53aaeb4d40,125.08691214744333,125.2204819123748,-0.13356976493146533,2.5795570799383967,67.98349969703163,05014d6f66b27398d5c2ae789be40dd0e63fd6044ab307b341b2a40c647709ca,132.59809734904587,,,GOOD,,125.08691214744333,125.2204819123748,-0.13356976493146533,GOOD,,86.7238939618349,86.72389396183475,,GOOD,,17.48477879236698,17.484778792366765,,GOOD,,89.28886180450006,89.30345104177314,-0.014589237273085587,GOOD,,25.713804103930137,25.713804103934358,-4.220623850414995e-12,GOOD,,404.6374670006567,404.63746700066554,-8.810729923425242e-12,GOOD,,407.9009981821802,407.90099818218977,-9.549694368615746e-12,GOOD,,,,,MISSING,,,,,MISSING,,e766d0cf0bcd1f669037734aa36e23070d7334287e35f718c3466dceb501c70b,run_ec8c1d4095ea480a906b81611a7dc932.e766d0cf0bcd1f669037734aa36e23070d7334287e35f718c3466dceb501c70b,2026-10-03T10:46:43.500546+00:00,2026-10-03T10:46:43.500546+00:00,2026-01-01T06:20:00.000000+00:00,demo.generator.v2.map.5c262229d3fe,sha256:e0e03a76b126628a9293c6eff54155b21558e908ffbe39b25f6f484ab14839fa,"{""adapter_version"": ""csv.adapter.v2"", ""declared_timezone"": ""Asia/Colombo"", ""mapping_version"": ""5c262229d3fe6a666ae239aa791a2c308149326550fef3fd18c5634474cb8de6"", ""original_row"": {""Ir_A"": ""407.9009981821802"", ""Is_A"": ""404.6374670006567"", ""Pr_MW"": ""86.7238939618349"", ""Ps_MW"": ""89.28886180450006"", ""Qr_MVAr"": ""17.48477879236698"", ""Qs_MVAr"": ""25.713804103930137"", ""Vr_kV"": ""125.08691214744333"", ""Vs_kV"": ""132.59809734904587"", ""connection_state"": ""CONNECTED"", ""timestamp"": ""2026-01-01T06:20:00Z""}, ""row_number"": 78, ""terminal_directions"": ""receiving P/Q positive out""}"
2026-01-01T06:25:00.000000+00:00,TL_001,synthetic,SOLVED,rev_6e24672c52e849e3b7890d53aaeb4d40.TL_001,rev_6e24672c52e849e3b7890d53aaeb4d40,125.12262338435046,125.22381790860163,-0.10119452425117004,2.576868589215678,67.94817445523658,05014d6f66b27398d5c2ae789be40dd0e63fd6044ab307b341b2a40c647709ca,132.59702816911116,,,GOOD,,125.12262338435046,125.22381790860163,-0.10119452425117004,GOOD,,86.68112676444639,86.6811267644462,,GOOD,,17.47622535288928,17.476225352888946,,GOOD,,89.31103325106844,89.25799535366188,0.05303789740655418,GOOD,,25.69343779890527,25.693437798909468,-4.199307568342192e-12,GOOD,,404.42599942543615,404.42599942544473,-8.58335624798201e-12,GOOD,,407.68904673141043,407.6890467314195,-9.094947017729282e-12,GOOD,,,,,MISSING,,,,,MISSING,,66cc38c61af65a25adbd08ddeb3e5429d21a380ad3d4b651bcc4bbdef853c147,run_ec8c1d4095ea480a906b81611a7dc932.66cc38c61af65a25adbd08ddeb3e5429d21a380ad3d4b651bcc4bbdef853c147,2026-10-03T10:46:43.779091+00:00,2026-10-03T10:46:43.779091+00:00,2026-01-01T06:25:00.000000+00:00,demo.generator.v2.map.5c262229d3fe,sha256:e0e03a76b126628a9293c6eff54155b21558e908ffbe39b25f6f484ab14839fa,"{""adapter_version"": ""csv.adapter.v2"", ""declared_timezone"": ""Asia/Colombo"", ""mapping_version"": ""5c262229d3fe6a666ae239aa791a2c308149326550fef3fd18c5634474cb8de6"", ""original_row"": {""Ir_A"": ""407.68904673141043"", ""Is_A"": ""404.42599942543615"", ""Pr_MW"": ""86.68112676444639"", ""Ps_MW"": ""89.31103325106844"", ""Qr_MVAr"": ""17.47622535288928"", ""Qs_MVAr"": ""25.69343779890527"", ""Vr_kV"": ""125.12262338435046"", ""Vs_kV"": ""132.59702816911116"", ""connection_state"": ""CONNECTED"", ""timestamp"": ""2026-01-01T06:25:00Z""}, ""row_number"": 79, ""terminal_directions"": ""receiving P/Q positive out""}"
2026-01-01T06:30:00.000000+00:00,TL_001,synthetic,SOLVED,rev_6e24672c52e849e3b7890d53aaeb4d40.TL_001,rev_6e24672c52e849e3b7890d53aaeb4d40,125.1303253836054,125.2278909959477,-0.09756561234230787,2.5735874011816833,67.90503652157464,05014d6f66b27398d5c2ae789be40dd0e63fd6044ab307b341b2a40c647709ca,132.5957224306869,,,GOOD,,125.1303253836054,125.2278909959477,-0.09756561234230787,GOOD,,86.62889722747622,86.62889722747603,,GOOD,,17.465779445495244,17.46577944549491,,GOOD,,89.23196681398758,89.20248462865771,0.02948218532986857,GOOD,,25.668574773699078,25.668574773703252,-4.1744385725905886e-12,GOOD,,404.1677628842105,404.16776288421903,-8.526512829121202e-12,GOOD,,407.43021912943885,407.4302191294479,-9.038103598868474e-12,GOOD,,,,,MISSING,,,,,MISSING,,190873ec91531f0f2c9e5539e71ef7c319a3f25dc329fa3bcb17a9527e3a5b51,run_ec8c1d4095ea480a906b81611a7dc932.190873ec91531f0f2c9e5539e71ef7c319a3f25dc329fa3bcb17a9527e3a5b51,2026-10-03T10:46:44.058757+00:00,2026-10-03T10:46:44.058757+00:00,2026-01-01T06:30:00.000000+00:00,demo.generator.v2.map.5c262229d3fe,sha256:e0e03a76b126628a9293c6eff54155b21558e908ffbe39b25f6f484ab14839fa,"{""adapter_version"": ""csv.adapter.v2"", ""declared_timezone"": ""Asia/Colombo"", ""mapping_version"": ""5c262229d3fe6a666ae239aa791a2c308149326550fef3fd18c5634474cb8de6"", ""original_row"": {""Ir_A"": ""407.43021912943885"", ""Is_A"": ""404.1677628842105"", ""Pr_MW"": ""86.62889722747622"", ""Ps_MW"": ""89.23196681398758"", ""Qr_MVAr"": ""17.465779445495244"", ""Qs_MVAr"": ""25.668574773699078"", ""Vr_kV"": ""125.1303253836054"", ""Vs_kV"": ""132.5957224306869"", ""connection_state"": ""CONNECTED"", ""timestamp"": ""2026-01-01T06:30:00Z""}, ""row_number"": 80, ""terminal_directions"": ""receiving P/Q positive out""}"
2026-01-01T06:35:00.000000+00:00,TL_001,synthetic,SOLVED,rev_6e24672c52e849e3b7890d53aaeb4d40.TL_001,rev_6e24672c52e849e3b7890d53aaeb4d40,125.12247995444005,125.2326986362007,-0.11021868176064231,2.5697163522036135,67.85410827405843,05014d6f66b27398d5c2ae789be40dd0e63fd6044ab307b341b2a40c647709ca,132.59418075523388,,,GOOD,,125.12247995444005,125.2326986362007,-0.11021868176064231,GOOD,,86.56723020935522,86.56723020935507,,GOOD,,17.453446041871043,17.45344604187079,,GOOD,,89.10139824856533,89.13694656155869,-0.035548312993356035,GOOD,,25.639232450553273,25.639232450557504,-4.231281991451397e-12,GOOD,,403.862891439703,403.86289143971175,-8.753886504564434e-12,GOOD,,407.1246496443415,407.1246496443506,-9.094947017729282e-12,GOOD,,,,,MISSING,,,,,MISSING,,fb84ae6b0ad8f3689bd96530363ceb5913175eb8dd03dbd2f43d0530dbeefd80,run_ec8c1d4095ea480a906b81611a7dc932.fb84ae6b0ad8f3689bd96530363ceb5913175eb8dd03dbd2f43d0530dbeefd80,2026-10-03T10:46:44.324985+00:00,2026-10-03T10:46:44.324985+00:00,2026-01-01T06:35:00.000000+00:00,demo.generator.v2.map.5c262229d3fe,sha256:e0e03a76b126628a9293c6eff54155b21558e908ffbe39b25f6f484ab14839fa,"{""adapter_version"": ""csv.adapter.v2"", ""declared_timezone"": ""Asia/Colombo"", ""mapping_version"": ""5c262229d3fe6a666ae239aa791a2c308149326550fef3fd18c5634474cb8de6"", ""original_row"": {""Ir_A"": ""407.1246496443415"", ""Is_A"": ""403.862891439703"", ""Pr_MW"": ""86.56723020935522"", ""Ps_MW"": ""89.10139824856533"", ""Qr_MVAr"": ""17.453446041871043"", ""Qs_MVAr"": ""25.639232450553273"", ""Vr_kV"": ""125.12247995444005"", ""Vs_kV"": ""132.59418075523388"", ""connection_state"": ""CONNECTED"", ""timestamp"": ""2026-01-01T06:35:00Z""}, ""row_number"": 81, ""terminal_directions"": ""receiving P/Q positive out""}"
2026-01-01T06:40:00.000000+00:00,TL_001,synthetic,SOLVED,rev_6e24672c52e849e3b7890d53aaeb4d40.TL_001,rev_6e24672c52e849e3b7890d53aaeb4d40,125.1186316554666,125.23823783565027,-0.11960618018366631,2.565258784677738,67.79541612394866,05014d6f66b27398d5c2ae789be40dd0e63fd6044ab307b341b2a40c647709ca,132.5924038765061,,,GOOD,,125.1186316554666,125.23823783565027,-0.11960618018366631,GOOD,,86.49615506024415,86.496155060244,,GOOD,,17.439231012048833,17.43923101204871,,GOOD,,89.03965706298484,89.06141384492174,-0.021756781936900893,GOOD,,25.605431371360993,25.605431371365167,-4.1744385725905886e-12,GOOD,,403.511543317032,403.51154331704055,-8.526512829121202e-12,GOOD,,406.7724967436828,406.7724967436919,-9.094947017729282e-12,GOOD,,,,,MISSING,,,,,MISSING,,a04993363ad396a1515e285a30ddf765649427549c07e97d595ef96cbe5459c7,run_ec8c1d4095ea480a906b81611a7dc932.a04993363ad396a1515e285a30ddf765649427549c07e97d595ef96cbe5459c7,2026-10-03T10:46:44.488296+00:00,2026-10-03T10:46:44.488296+00:00,2026-01-01T06:40:00.000000+00:00,demo.generator.v2.map.5c262229d3fe,sha256:e0e03a76b126628a9293c6eff54155b21558e908ffbe39b25f6f484ab14839fa,"{""adapter_version"": ""csv.adapter.v2"", ""declared_timezone"": ""Asia/Colombo"", ""mapping_version"": ""5c262229d3fe6a666ae239aa791a2c308149326550fef3fd18c5634474cb8de6"", ""original_row"": {""Ir_A"": ""406.7724967436828"", ""Is_A"": ""403.511543317032"", ""Pr_MW"": ""86.49615506024415"", ""Ps_MW"": ""89.03965706298484"", ""Qr_MVAr"": ""17.439231012048833"", ""Qs_MVAr"": ""25.605431371360993"", ""Vr_kV"": ""125.1186316554666"", ""Vs_kV"": ""132.5924038765061"", ""connection_state"": ""CONNECTED"", ""timestamp"": ""2026-01-01T06:40:00Z""}, ""row_number"": 82, ""terminal_directions"": ""receiving P/Q positive out""}"
2026-01-01T06:45:00.000000+00:00,TL_001,synthetic,SOLVED,rev_6e24672c52e849e3b7890d53aaeb4d40.TL_001,rev_6e24672c52e849e3b7890d53aaeb4d40,125.18669024832384,125.24450514806632,-0.057814899742481884,2.560218542228668,67.72899049809448,05014d6f66b27398d5c2ae789be40dd0e63fd6044ab307b341b2a40c647709ca,132.5903926402016,,,GOOD,,125.18669024832384,125.24450514806632,-0.057814899742481884,GOOD,,86.4157056080646,86.41570560806444,,GOOD,,17.42314112161292,17.423141121612787,,GOOD,,88.95128254991556,88.97592415029311,-0.024641600377549366,GOOD,,25.56719517381632,25.567195173820455,-4.135358722123783e-12,GOOD,,403.11390079787355,403.113900797882,-8.469669410260394e-12,GOOD,,406.37394298855776,406.37394298856685,-9.094947017729282e-12,GOOD,,,,,MISSING,,,,,MISSING,,7eddccbdb20b6b8ae311ef4661ddf8648d1d39c71e1c057ce142bc121185bd60,run_ec8c1d4095ea480a906b81611a7dc932.7eddccbdb20b6b8ae311ef4661ddf8648d1d39c71e1c057ce142bc121185bd60,2026-10-03T10:46:44.795672+00:00,2026-10-03T10:46:44.795672+00:00,2026-01-01T06:45:00.000000+00:00,demo.generator.v2.map.5c262229d3fe,sha256:e0e03a76b126628a9293c6eff54155b21558e908ffbe39b25f6f484ab14839fa,"{""adapter_version"": ""csv.adapter.v2"", ""declared_timezone"": ""Asia/Colombo"", ""mapping_version"": ""5c262229d3fe6a666ae239aa791a2c308149326550fef3fd18c5634474cb8de6"", ""original_row"": {""Ir_A"": ""406.37394298855776"", ""Is_A"": ""403.11390079787355"", ""Pr_MW"": ""86.4157056080646"", ""Ps_MW"": ""88.95128254991556"", ""Qr_MVAr"": ""17.42314112161292"", ""Qs_MVAr"": ""25.56719517381632"", ""Vr_kV"": ""125.18669024832384"", ""Vs_kV"": ""132.5903926402016"", ""connection_state"": ""CONNECTED"", ""timestamp"": ""2026-01-01T06:45:00Z""}, ""row_number"": 83, ""terminal_directions"": ""receiving P/Q positive out""}"
2026-01-01T06:50:00.000000+00:00,TL_001,synthetic,SOLVED,rev_6e24672c52e849e3b7890d53aaeb4d40.TL_001,rev_6e24672c52e849e3b7890d53aaeb4d40,125.16779238233842,125.2514966781206,-0.08370429578218364,2.554599964197706,67.65486581861937,05014d6f66b27398d5c2ae789be40dd0e63fd6044ab307b341b2a40c647709ca,132.58814800355995,,,GOOD,,125.16779238233842,125.2514966781206,-0.08370429578218364,GOOD,,86.32592014239867,86.32592014239853,,GOOD,,17.405184028479734,17.40518402847959,,GOOD,,88.85343229125284,88.88052010659624,-0.027087815343392663,GOOD,,25.52455056401981,25.524550564023723,-3.915090474038152e-12,GOOD,,402.6701700987161,402.67017009872404,-7.958078640513122e-12,GOOD,,405.92919491170767,405.9291949117162,-8.526512829121202e-12,GOOD,,,,,MISSING,,,,,MISSING,,eb0f21737b697e880d8ceb0d4af6c64f2a3b1fc11aa1bccb09654d3a6ddbfa55,run_ec8c1d4095ea480a906b81611a7dc932.eb0f21737b697e880d8ceb0d4af6c64f2a3b1fc11aa1bccb09654d3a6ddbfa55,2026-10-03T10:46:44.998664+00:00,2026-10-03T10:46:44.998664+00:00,2026-01-01T06:50:00.000000+00:00,demo.generator.v2.map.5c262229d3fe,sha256:e0e03a76b126628a9293c6eff54155b21558e908ffbe39b25f6f484ab14839fa,"{""adapter_version"": ""csv.adapter.v2"", ""declared_timezone"": ""Asia/Colombo"", ""mapping_version"": ""5c262229d3fe6a666ae239aa791a2c308149326550fef3fd18c5634474cb8de6"", ""original_row"": {""Ir_A"": ""405.92919491170767"", ""Is_A"": ""402.6701700987161"", ""Pr_MW"": ""86.32592014239867"", ""Ps_MW"": ""88.85343229125284"", ""Qr_MVAr"": ""17.405184028479734"", ""Qs_MVAr"": ""25.52455056401981"", ""Vr_kV"": ""125.16779238233842"", ""Vs_kV"": ""132.58814800355995"", ""connection_state"": ""CONNECTED"", ""timestamp"": ""2026-01-01T06:50:00Z""}, ""row_number"": 84, ""terminal_directions"": ""receiving P/Q positive out""}"
2026-01-01T06:55:00.000000+00:00,TL_001,synthetic,SOLVED,rev_6e24672c52e849e3b7890d53aaeb4d40.TL_001,rev_6e24672c52e849e3b7890d53aaeb4d40,125.17726638689996,125.25920808524548,-0.08194169834551701,2.5484078794320197,67.57308047997802,05014d6f66b27398d5c2ae789be40dd0e63fd6044ab307b341b2a40c647709ca,132.58567103490662,,,GOOD,,125.17726638689996,125.25920808524548,-0.08194169834551701,GOOD,,86.22684139626523,86.22684139626509,,GOOD,,17.385368279253047,17.385368279252965,,GOOD,,88.78679780467948,88.7752492756971,0.011548528982373796,GOOD,,25.477527285590934,25.47752728559496,-4.0252245980809676e-12,GOOD,,402.18058123335504,402.1805812333632,-8.185452315956354e-12,GOOD,,405.43848287985935,405.4384828798681,-8.753886504564434e-12,GOOD,,,,,MISSING,,,,,MISSING,,9624d43700ea1d96ffc6fbe7b515e8210056e4220572aff98836a91d5757ed75,run_ec8c1d4095ea480a906b81611a7dc932.9624d43700ea1d96ffc6fbe7b515e8210056e4220572aff98836a91d5757ed75,2026-10-03T10:46:45.208345+00:00,2026-10-03T10:46:45.208345+00:00,2026-01-01T06:55:00.000000+00:00,demo.generator.v2.map.5c262229d3fe,sha256:e0e03a76b126628a9293c6eff54155b21558e908ffbe39b25f6f484ab14839fa,"{""adapter_version"": ""csv.adapter.v2"", ""declared_timezone"": ""Asia/Colombo"", ""mapping_version"": ""5c262229d3fe6a666ae239aa791a2c308149326550fef3fd18c5634474cb8de6"", ""original_row"": {""Ir_A"": ""405.43848287985935"", ""Is_A"": ""402.18058123335504"", ""Pr_MW"": ""86.22684139626523"", ""Ps_MW"": ""88.78679780467948"", ""Qr_MVAr"": ""17.385368279253047"", ""Qs_MVAr"": ""25.477527285590934"", ""Vr_kV"": ""125.17726638689996"", ""Vs_kV"": ""132.58567103490662"", ""connection_state"": ""CONNECTED"", ""timestamp"": ""2026-01-01T06:55:00Z""}, ""row_number"": 85, ""terminal_directions"": ""receiving P/Q positive out""}"
2026-01-01T07:00:00.000000+00:00,TL_001,synthetic,SOLVED,rev_6e24672c52e849e3b7890d53aaeb4d40.TL_001,rev_6e24672c52e849e3b7890d53aaeb4d40,125.16382034649608,125.26763458792277,-0.10381424142669005,2.541647599387943,67.48367682341481,05014d6f66b27398d5c2ae789be40dd0e63fd6044ab307b341b2a40c647709ca,132.58296291314454,,,GOOD,,125.16382034649608,125.26763458792277,-0.10381424142669005,GOOD,,86.11851652578136,86.11851652578125,,GOOD,,17.363703305156275,17.36370330515616,,GOOD,,88.65894124938431,88.66016412516919,-0.0012228757848760097,GOOD,,25.426158085351673,25.42615808535555,-3.8760106235713465e-12,GOOD,,401.6453878598206,401.6453878598287,-8.128608897095546e-12,GOOD,,404.9020609404802,404.9020609404889,-8.697043085703626e-12,GOOD,,,,,MISSING,,,,,MISSING,,e8a1d0438d343e7a376acd71bf0e315369fbdc08e551bc4770dafe97d0fa045c,run_ec8c1d4095ea480a906b81611a7dc932.e8a1d0438d343e7a376acd71bf0e315369fbdc08e551bc4770dafe97d0fa045c,2026-10-03T10:46:45.532933+00:00,2026-10-03T10:46:45.532933+00:00,2026-01-01T07:00:00.000000+00:00,demo.generator.v2.map.5c262229d3fe,sha256:e0e03a76b126628a9293c6eff54155b21558e908ffbe39b25f6f484ab14839fa,"{""adapter_version"": ""csv.adapter.v2"", ""declared_timezone"": ""Asia/Colombo"", ""mapping_version"": ""5c262229d3fe6a666ae239aa791a2c308149326550fef3fd18c5634474cb8de6"", ""original_row"": {""Ir_A"": ""404.9020609404802"", ""Is_A"": ""401.6453878598206"", ""Pr_MW"": ""86.11851652578136"", ""Ps_MW"": ""88.65894124938431"", ""Qr_MVAr"": ""17.363703305156275"", ""Qs_MVAr"": ""25.426158085351673"", ""Vr_kV"": ""125.16382034649608"", ""Vs_kV"": ""132.58296291314454"", ""connection_state"": ""CONNECTED"", ""timestamp"": ""2026-01-01T07:00:00Z""}, ""row_number"": 86, ""terminal_directions"": ""receiving P/Q positive out""}"
2026-01-01T07:05:00.000000+00:00,TL_001,synthetic,SOLVED,rev_6e24672c52e849e3b7890d53aaeb4d40.TL_001,rev_6e24672c52e849e3b7890d53aaeb4d40,125.16287621157454,125.27677096839471,-0.11389475682017292,2.5343249105628587,67.38670110885585,05014d6f66b27398d5c2ae789be40dd0e63fd6044ab307b341b2a40c647709ca,132.58002492719297,,,GOOD,,125.16287621157454,125.27677096839471,-0.11389475682017292,GOOD,,86.00099708771857,86.00099708771843,,GOOD,,17.340199417543715,17.340199417543598,,GOOD,,88.548704164325,88.53532199828129,0.013382166043712118,GOOD,,25.370478675641415,25.370478675645263,-3.8475889141409425e-12,GOOD,,401.06486711191565,401.0648671119235,-7.844391802791506e-12,GOOD,,404.32020665312683,404.320206653135,-8.185452315956354e-12,GOOD,,,,,MISSING,,,,,MISSING,,27500bbd9f0195e3440d2e58686bed53b0c96e7da8ce004257398e37f794dd76,run_ec8c1d4095ea480a906b81611a7dc932.27500bbd9f0195e3440d2e58686bed53b0c96e7da8ce004257398e37f794dd76,2026-10-03T10:46:45.741241+00:00,2026-10-03T10:46:45.741241+00:00,2026-01-01T07:05:00.000000+00:00,demo.generator.v2.map.5c262229d3fe,sha256:e0e03a76b126628a9293c6eff54155b21558e908ffbe39b25f6f484ab14839fa,"{""adapter_version"": ""csv.adapter.v2"", ""declared_timezone"": ""Asia/Colombo"", ""mapping_version"": ""5c262229d3fe6a666ae239aa791a2c308149326550fef3fd18c5634474cb8de6"", ""original_row"": {""Ir_A"": ""404.32020665312683"", ""Is_A"": ""401.06486711191565"", ""Pr_MW"": ""86.00099708771857"", ""Ps_MW"": ""88.548704164325"", ""Qr_MVAr"": ""17.340199417543715"", ""Qs_MVAr"": ""25.370478675641415"", ""Vr_kV"": ""125.16287621157454"", ""Vs_kV"": ""132.58002492719297"", ""connection_state"": ""CONNECTED"", ""timestamp"": ""2026-01-01T07:05:00Z""}, ""row_number"": 87, ""terminal_directions"": ""receiving P/Q positive out""}"
2026-01-01T07:10:00.000000+00:00,TL_001,synthetic,SOLVED,rev_6e24672c52e849e3b7890d53aaeb4d40.TL_001,rev_6e24672c52e849e3b7890d53aaeb4d40,125.17658624719805,125.28661157778927,-0.11002533059122754,2.5264460662715607,67.28220348427043,05014d6f66b27398d5c2ae789be40dd0e63fd6044ab307b341b2a40c647709ca,132.5768584753741,,,GOOD,,125.17658624719805,125.28661157778927,-0.11002533059122754,GOOD,,85.87433901496453,85.87433901496439,,GOOD,,17.314867802992907,17.314867802992758,,GOOD,,88.36401690832221,88.40078508123595,-0.036768172913738795,GOOD,,25.310527693339694,25.310527693343314,-3.6202152386977104e-12,GOOD,,400.43931941559094,400.4393194155982,-7.275957614183426e-12,GOOD,,403.6932209056148,403.6932209056226,-7.787548383930698e-12,GOOD,,,,,MISSING,,,,,MISSING,,1c44f86bb9249948fca882e0e2b405347a66b5527442781bdebdbdf281b1cb92,run_ec8c1d4095ea480a906b81611a7dc932.1c44f86bb9249948fca882e0e2b405347a66b5527442781bdebdbdf281b1cb92,2026-10-03T10:46:46.058245+00:00,2026-10-03T10:46:46.058245+00:00,2026-01-01T07:10:00.000000+00:00,demo.generator.v2.map.5c262229d3fe,sha256:e0e03a76b126628a9293c6eff54155b21558e908ffbe39b25f6f484ab14839fa,"{""adapter_version"": ""csv.adapter.v2"", ""declared_timezone"": ""Asia/Colombo"", ""mapping_version"": ""5c262229d3fe6a666ae239aa791a2c308149326550fef3fd18c5634474cb8de6"", ""original_row"": {""Ir_A"": ""403.6932209056148"", ""Is_A"": ""400.43931941559094"", ""Pr_MW"": ""85.87433901496453"", ""Ps_MW"": ""88.36401690832221"", ""Qr_MVAr"": ""17.314867802992907"", ""Qs_MVAr"": ""25.310527693339694"", ""Vr_kV"": ""125.17658624719805"", ""Vs_kV"": ""132.5768584753741"", ""connection_state"": ""CONNECTED"", ""timestamp"": ""2026-01-01T07:10:00Z""}, ""row_number"": 88, ""terminal_directions"": ""receiving P/Q positive out""}"
2026-01-01T07:15:00.000000+00:00,TL_001,synthetic,SOLVED,rev_6e24672c52e849e3b7890d53aaeb4d40.TL_001,rev_6e24672c52e849e3b7890d53aaeb4d40,125.1705301927533,125.29715034164921,-0.12662014889590978,2.518017777784735,67.17023795254138,05014d6f66b27398d5c2ae789be40dd0e63fd6044ab307b341b2a40c647709ca,132.57346506474755,,,GOOD,,125.1705301927533,125.29715034164921,-0.12662014889590978,GOOD,,85.73860258990211,85.73860258990196,,GOOD,,17.28772051798042,17.28772051798027,,GOOD,,88.26179800521773,88.2566203676867,0.005177637531033952,GOOD,,25.24634665567291,25.246346655676327,-3.417710559006082e-12,GOOD,,399.7690682903881,399.76906829039484,-6.764366844436154e-12,GOOD,,403.0214277152411,403.02142771524825,-7.16227077646181e-12,GOOD,,,,,MISSING,,,,,MISSING,,c3bfaef01cc33d00be2a653c2916371fa139c3e03611c3642a09c91bde266ab6,run_ec8c1d4095ea480a906b81611a7dc932.c3bfaef01cc33d00be2a653c2916371fa139c3e03611c3642a09c91bde266ab6,2026-10-03T10:46:46.304527+00:00,2026-10-03T10:46:46.304527+00:00,2026-01-01T07:15:00.000000+00:00,demo.generator.v2.map.5c262229d3fe,sha256:e0e03a76b126628a9293c6eff54155b21558e908ffbe39b25f6f484ab14839fa,"{""adapter_version"": ""csv.adapter.v2"", ""declared_timezone"": ""Asia/Colombo"", ""mapping_version"": ""5c262229d3fe6a666ae239aa791a2c308149326550fef3fd18c5634474cb8de6"", ""original_row"": {""Ir_A"": ""403.0214277152411"", ""Is_A"": ""399.7690682903881"", ""Pr_MW"": ""85.73860258990211"", ""Ps_MW"": ""88.26179800521773"", ""Qr_MVAr"": ""17.28772051798042"", ""Qs_MVAr"": ""25.24634665567291"", ""Vr_kV"": ""125.1705301927533"", ""Vs_kV"": ""132.57346506474755"", ""connection_state"": ""CONNECTED"", ""timestamp"": ""2026-01-01T07:15:00Z""}, ""row_number"": 89, ""terminal_directions"": ""receiving P/Q positive out""}"
2026-01-01T07:20:00.000000+00:00,TL_001,synthetic,SOLVED,rev_6e24672c52e849e3b7890d53aaeb4d40.TL_001,rev_6e24672c52e849e3b7890d53aaeb4d40,125.2387564434011,125.3083807658566,-0.06962432245549621,2.5090472048474908,67.05086233588499,05014d6f66b27398d5c2ae789be40dd0e63fd6044ab307b341b2a40c647709ca,132.56984631039296,,,GOOD,,125.2387564434011,125.3083807658566,-0.06962432245549621,GOOD,,85.59385241571817,85.59385241571803,,GOOD,,17.258770483143635,17.25877048314337,,GOOD,,88.10769936897208,88.10289962056552,0.004799748406554727,GOOD,,25.177979912888766,25.177979912891928,-3.161915174132446e-12,GOOD,,399.0544601361936,399.05446013620013,-6.536993168992922e-12,GOOD,,402.3051740153029,402.3051740153099,-6.991740519879386e-12,GOOD,,,,,MISSING,,,,,MISSING,,ac0ef244483e69bb4c602d77479516b774716168c989b700c55d644956327a3b,run_ec8c1d4095ea480a906b81611a7dc932.ac0ef244483e69bb4c602d77479516b774716168c989b700c55d644956327a3b,2026-10-03T10:46:46.537951+00:00,2026-10-03T10:46:46.537951+00:00,2026-01-01T07:20:00.000000+00:00,demo.generator.v2.map.5c262229d3fe,sha256:e0e03a76b126628a9293c6eff54155b21558e908ffbe39b25f6f484ab14839fa,"{""adapter_version"": ""csv.adapter.v2"", ""declared_timezone"": ""Asia/Colombo"", ""mapping_version"": ""5c262229d3fe6a666ae239aa791a2c308149326550fef3fd18c5634474cb8de6"", ""original_row"": {""Ir_A"": ""402.3051740153029"", ""Is_A"": ""399.0544601361936"", ""Pr_MW"": ""85.59385241571817"", ""Ps_MW"": ""88.10769936897208"", ""Qr_MVAr"": ""17.258770483143635"", ""Qs_MVAr"": ""25.177979912888766"", ""Vr_kV"": ""125.2387564434011"", ""Vs_kV"": ""132.56984631039296"", ""connection_state"": ""CONNECTED"", ""timestamp"": ""2026-01-01T07:20:00Z""}, ""row_number"": 90, ""terminal_directions"": ""receiving P/Q positive out""}"
2026-01-01T07:25:00.000000+00:00,TL_001,synthetic,SOLVED,rev_6e24672c52e849e3b7890d53aaeb4d40.TL_001,rev_6e24672c52e849e3b7890d53aaeb4d40,125.21656333380491,125.32029594294087,-0.10373260913596027,2.49954194559848,66.92413823786593,05014d6f66b27398d5c2ae789be40dd0e63fd6044ab307b341b2a40c647709ca,132.5660039346414,,,GOOD,,125.21656333380491,125.32029594294087,-0.10373260913596027,GOOD,,85.44015738565597,85.44015738565584,,GOOD,,17.228031477131193,17.228031477131093,,GOOD,,87.94827411544176,87.93969933125432,0.008574784187445061,GOOD,,25.10547459788953,25.105474597892723,-3.1938895972416503e-12,GOOD,,398.29586400558014,398.2958640055866,-6.480149750132114e-12,GOOD,,401.54482942718863,401.5448294271956,-6.991740519879386e-12,GOOD,,,,,MISSING,,,,,MISSING,,4eb517290199fb779e32e183674c63cd8e5cf1dd6e18fd34946d296503188754,run_ec8c1d4095ea480a906b81611a7dc932.4eb517290199fb779e32e183674c63cd8e5cf1dd6e18fd34946d296503188754,2026-10-03T10:46:46.839194+00:00,2026-10-03T10:46:46.840288+00:00,2026-01-01T07:25:00.000000+00:00,demo.generator.v2.map.5c262229d3fe,sha256:e0e03a76b126628a9293c6eff54155b21558e908ffbe39b25f6f484ab14839fa,"{""adapter_version"": ""csv.adapter.v2"", ""declared_timezone"": ""Asia/Colombo"", ""mapping_version"": ""5c262229d3fe6a666ae239aa791a2c308149326550fef3fd18c5634474cb8de6"", ""original_row"": {""Ir_A"": ""401.54482942718863"", ""Is_A"": ""398.29586400558014"", ""Pr_MW"": ""85.44015738565597"", ""Ps_MW"": ""87.94827411544176"", ""Qr_MVAr"": ""17.228031477131193"", ""Qs_MVAr"": ""25.10547459788953"", ""Vr_kV"": ""125.21656333380491"", ""Vs_kV"": ""132.5660039346414"", ""connection_state"": ""CONNECTED"", ""timestamp"": ""2026-01-01T07:25:00Z""}, ""row_number"": 91, ""terminal_directions"": ""receiving P/Q positive out""}"
2026-01-01T07:30:00.000000+00:00,TL_001,synthetic,SOLVED,rev_6e24672c52e849e3b7890d53aaeb4d40.TL_001,rev_6e24672c52e849e3b7890d53aaeb4d40,125.25748618424525,125.3328885587603,-0.0754023745150505,2.4895100259098655,66.79013100305352,05014d6f66b27398d5c2ae789be40dd0e63fd6044ab307b341b2a40c647709ca,132.56193976625565,,,GOOD,,125.25748618424525,125.3328885587603,-0.0754023745150505,GOOD,,85.27759065022573,85.2775906502256,,GOOD,,17.195518130045148,17.19551813004501,,GOOD,,87.77368215117578,87.76710067613547,0.006581475040306373,GOOD,,25.02888057291703,25.028880572920105,-3.076650045841234e-12,GOOD,,397.4936713620062,397.4936713620125,-6.30961949354969e-12,GOOD,,400.74078601831434,400.74078601832116,-6.821210263296962e-12,GOOD,,,,,MISSING,,,,,MISSING,,5d4443dc231bf401df9c959d23f379a50bfd0bbc2de970d923faa511ed2588ed,run_ec8c1d4095ea480a906b81611a7dc932.5d4443dc231bf401df9c959d23f379a50bfd0bbc2de970d923faa511ed2588ed,2026-10-03T10:46:47.066933+00:00,2026-10-03T10:46:47.066933+00:00,2026-01-01T07:30:00.000000+00:00,demo.generator.v2.map.5c262229d3fe,sha256:e0e03a76b126628a9293c6eff54155b21558e908ffbe39b25f6f484ab14839fa,"{""adapter_version"": ""csv.adapter.v2"", ""declared_timezone"": ""Asia/Colombo"", ""mapping_version"": ""5c262229d3fe6a666ae239aa791a2c308149326550fef3fd18c5634474cb8de6"", ""original_row"": {""Ir_A"": ""400.74078601831434"", ""Is_A"": ""397.4936713620062"", ""Pr_MW"": ""85.27759065022573"", ""Ps_MW"": ""87.77368215117578"", ""Qr_MVAr"": ""17.195518130045148"", ""Qs_MVAr"": ""25.02888057291703"", ""Vr_kV"": ""125.25748618424525"", ""Vs_kV"": ""132.56193976625565"", ""connection_state"": ""CONNECTED"", ""timestamp"": ""2026-01-01T07:30:00Z""}, ""row_number"": 92, ""terminal_directions"": ""receiving P/Q positive out""}"
2026-01-01T07:35:00.000000+00:00,TL_001,synthetic,SOLVED,rev_6e24672c52e849e3b7890d53aaeb4d40.TL_001,rev_6e24672c52e849e3b7890d53aaeb4d40,125.23623858451035,125.34615089954406,-0.10991231503371068,2.4789598881707633,66.6489096743698,05014d6f66b27398d5c2ae789be40dd0e63fd6044ab307b341b2a40c647709ca,132.55765573955972,,,GOOD,,125.23623858451035,125.34615089954406,-0.10991231503371068,GOOD,,85.10622958238895,85.10622958238882,,GOOD,,17.16124591647779,17.16124591647759,,GOOD,,87.61837813186081,87.58518947055958,0.03318866130122444,GOOD,,24.948250373389875,24.948250373392774,-2.8990143619012088e-12,GOOD,,396.64829582418054,396.64829582418656,-6.0254023992456496e-12,GOOD,,399.89345804621263,399.8934580462188,-6.195932655828074e-12,GOOD,,,,,MISSING,,,,,MISSING,,8c3362cc9cb75d55e282a62fe651c459cbde1200ceb4b9cf31b414adff876b8a,run_ec8c1d4095ea480a906b81611a7dc932.8c3362cc9cb75d55e282a62fe651c459cbde1200ceb4b9cf31b414adff876b8a,2026-10-03T10:46:47.321157+00:00,2026-10-03T10:46:47.321157+00:00,2026-01-01T07:35:00.000000+00:00,demo.generator.v2.map.5c262229d3fe,sha256:e0e03a76b126628a9293c6eff54155b21558e908ffbe39b25f6f484ab14839fa,"{""adapter_version"": ""csv.adapter.v2"", ""declared_timezone"": ""Asia/Colombo"", ""mapping_version"": ""5c262229d3fe6a666ae239aa791a2c308149326550fef3fd18c5634474cb8de6"", ""original_row"": {""Ir_A"": ""399.89345804621263"", ""Is_A"": ""396.64829582418054"", ""Pr_MW"": ""85.10622958238895"", ""Ps_MW"": ""87.61837813186081"", ""Qr_MVAr"": ""17.16124591647779"", ""Qs_MVAr"": ""24.948250373389875"", ""Vr_kV"": ""125.23623858451035"", ""Vs_kV"": ""132.55765573955972"", ""connection_state"": ""CONNECTED"", ""timestamp"": ""2026-01-01T07:35:00Z""}, ""row_number"": 93, ""terminal_directions"": ""receiving P/Q positive out""}"
2026-01-01T07:40:00.000000+00:00,TL_001,synthetic,SOLVED,rev_6e24672c52e849e3b7890d53aaeb4d40.TL_001,rev_6e24672c52e849e3b7890d53aaeb4d40,125.26677614379429,125.36007485928383,-0.09329871548953861,2.467900379536644,66.50054694818057,05014d6f66b27398d5c2ae789be40dd0e63fd6044ab307b341b2a40c647709ca,132.55315389351833,,,GOOD,,125.26677614379429,125.36007485928383,-0.09329871548953861,GOOD,,84.926155740733,84.92615574073288,,GOOD,,17.1252311481466,17.125231148146447,,GOOD,,87.44012880002883,87.39405612026952,0.0460726797593054,GOOD,,24.863639148998185,24.86363914900109,-2.9061197892588098e-12,GOOD,,395.76017289689634,395.7601728969022,-5.8548721426632255e-12,GOOD,,399.00328168907737,399.00328168908345,-6.0822458181064576e-12,GOOD,,,,,MISSING,,,,,MISSING,,8c355f6e4b43d05ce9f94a069145096895ed02fedc4bbf6762dd830e17045426,run_ec8c1d4095ea480a906b81611a7dc932.8c355f6e4b43d05ce9f94a069145096895ed02fedc4bbf6762dd830e17045426,2026-10-03T10:46:47.543043+00:00,2026-10-03T10:46:47.543043+00:00,2026-01-01T07:40:00.000000+00:00,demo.generator.v2.map.5c262229d3fe,sha256:e0e03a76b126628a9293c6eff54155b21558e908ffbe39b25f6f484ab14839fa,"{""adapter_version"": ""csv.adapter.v2"", ""declared_timezone"": ""Asia/Colombo"", ""mapping_version"": ""5c262229d3fe6a666ae239aa791a2c308149326550fef3fd18c5634474cb8de6"", ""original_row"": {""Ir_A"": ""399.00328168907737"", ""Is_A"": ""395.76017289689634"", ""Pr_MW"": ""84.926155740733"", ""Ps_MW"": ""87.44012880002883"", ""Qr_MVAr"": ""17.1252311481466"", ""Qs_MVAr"": ""24.863639148998185"", ""Vr_kV"": ""125.26677614379429"", ""Vs_kV"": ""132.55315389351833"", ""connection_state"": ""CONNECTED"", ""timestamp"": ""2026-01-01T07:40:00Z""}, ""row_number"": 94, ""terminal_directions"": ""receiving P/Q positive out""}"
2026-01-01T07:45:00.000000+00:00,TL_001,synthetic,SOLVED,rev_6e24672c52e849e3b7890d53aaeb4d40.TL_001,rev_6e24672c52e849e3b7890d53aaeb4d40,125.27625409103648,125.37465194746089,-0.09839785642441257,2.4563407396695567,66.34511912718422,05014d6f66b27398d5c2ae789be40dd0e63fd6044ab307b341b2a40c647709ca,132.54843637076632,,,GOOD,,125.27625409103648,125.37465194746089,-0.09839785642441257,GOOD,,84.73745483065376,84.73745483065363,,GOOD,,17.087490966130755,17.0874909661307,,GOOD,,87.15706149937105,87.19379557032319,-0.03673407095213577,GOOD,,24.775104602164024,24.775104602166685,-2.660982545421575e-12,GOOD,,394.8297596886652,394.82975968867055,-5.343281372915953e-12,GOOD,,398.0707147630995,398.0707147631053,-5.7980287238024175e-12,GOOD,,,,,MISSING,,,,,MISSING,,2efbd7d0ecb981e39e4f6fe8167356e7c1758418ea0ec5fd9d9d02381cfe2e33,run_ec8c1d4095ea480a906b81611a7dc932.2efbd7d0ecb981e39e4f6fe8167356e7c1758418ea0ec5fd9d9d02381cfe2e33,2026-10-03T10:46:47.792817+00:00,2026-10-03T10:46:47.792817+00:00,2026-01-01T07:45:00.000000+00:00,demo.generator.v2.map.5c262229d3fe,sha256:e0e03a76b126628a9293c6eff54155b21558e908ffbe39b25f6f484ab14839fa,"{""adapter_version"": ""csv.adapter.v2"", ""declared_timezone"": ""Asia/Colombo"", ""mapping_version"": ""5c262229d3fe6a666ae239aa791a2c308149326550fef3fd18c5634474cb8de6"", ""original_row"": {""Ir_A"": ""398.0707147630995"", ""Is_A"": ""394.8297596886652"", ""Pr_MW"": ""84.73745483065376"", ""Ps_MW"": ""87.15706149937105"", ""Qr_MVAr"": ""17.087490966130755"", ""Qs_MVAr"": ""24.775104602164024"", ""Vr_kV"": ""125.27625409103648"", ""Vs_kV"": ""132.54843637076632"", ""connection_state"": ""CONNECTED"", ""timestamp"": ""2026-01-01T07:45:00Z""}, ""row_number"": 95, ""terminal_directions"": ""receiving P/Q positive out""}"
2026-01-01T07:50:00.000000+00:00,TL_001,synthetic,SOLVED,rev_6e24672c52e849e3b7890d53aaeb4d40.TL_001,rev_6e24672c52e849e3b7890d53aaeb4d40,125.26025032977559,125.38987329709649,-0.1296229673208984,2.444290587993194,66.18270607115451,05014d6f66b27398d5c2ae789be40dd0e63fd6044ab307b341b2a40c647709ca,132.5435054165891,,,GOOD,,125.26025032977559,125.38987329709649,-0.1296229673208984,GOOD,,84.54021666356442,84.54021666356431,,GOOD,,17.048043332712886,17.04804333271271,,GOOD,,87.03403508952397,86.9845072515575,0.04952783796646543,GOOD,,24.68270692398059,24.68270692398301,-2.419398015263141e-12,GOOD,,393.85753461648244,393.85753461648744,-5.002220859751105e-12,GOOD,,397.0962364269216,397.096236426927,-5.4001247917767614e-12,GOOD,,,,,MISSING,,,,,MISSING,,93637c2b130a3a46a64fc0ec70244b48b61ba23fa220e5ba3151f00cfc9e7ef8,run_ec8c1d4095ea480a906b81611a7dc932.93637c2b130a3a46a64fc0ec70244b48b61ba23fa220e5ba3151f00cfc9e7ef8,2026-10-03T10:46:48.038685+00:00,2026-10-03T10:46:48.038685+00:00,2026-01-01T07:50:00.000000+00:00,demo.generator.v2.map.5c262229d3fe,sha256:e0e03a76b126628a9293c6eff54155b21558e908ffbe39b25f6f484ab14839fa,"{""adapter_version"": ""csv.adapter.v2"", ""declared_timezone"": ""Asia/Colombo"", ""mapping_version"": ""5c262229d3fe6a666ae239aa791a2c308149326550fef3fd18c5634474cb8de6"", ""original_row"": {""Ir_A"": ""397.0962364269216"", ""Is_A"": ""393.85753461648244"", ""Pr_MW"": ""84.54021666356442"", ""Ps_MW"": ""87.03403508952397"", ""Qr_MVAr"": ""17.048043332712886"", ""Qs_MVAr"": ""24.68270692398059"", ""Vr_kV"": ""125.26025032977559"", ""Vs_kV"": ""132.5435054165891"", ""connection_state"": ""CONNECTED"", ""timestamp"": ""2026-01-01T07:50:00Z""}, ""row_number"": 96, ""terminal_directions"": ""receiving P/Q positive out""}"
2026-01-01T07:55:00.000000+00:00,TL_001,synthetic,SOLVED,rev_6e24672c52e849e3b7890d53aaeb4d40.TL_001,rev_6e24672c52e849e3b7890d53aaeb4d40,125.33773752264077,125.40572967311051,-0.06799215046974894,2.431759910489518,66.01339114559606,05014d6f66b27398d5c2ae789be40dd0e63fd6044ab307b341b2a40c647709ca,132.53836337785376,,,GOOD,,125.33773752264077,125.40572967311051,-0.06799215046974894,GOOD,,84.33453511415016,84.33453511415006,,GOOD,,17.00690702283003,17.00690702282999,,GOOD,,86.76090944824062,86.76629502463958,-0.00538557639895032,GOOD,,24.58650872774821,24.586508727750715,-2.504663143554353e-12,GOOD,,392.84399709807946,392.8439970980844,-4.945377440890297e-12,GOOD,,396.0803468735711,396.08034687357633,-5.229594535194337e-12,GOOD,,,,,MISSING,,,,,MISSING,,ff6c90e67c74e2977edd341d76fe2181547c8521158447858dde0154d6dff7e3,run_ec8c1d4095ea480a906b81611a7dc932.ff6c90e67c74e2977edd341d76fe2181547c8521158447858dde0154d6dff7e3,2026-10-03T10:46:48.273215+00:00,2026-10-03T10:46:48.273215+00:00,2026-01-01T07:55:00.000000+00:00,demo.generator.v2.map.5c262229d3fe,sha256:e0e03a76b126628a9293c6eff54155b21558e908ffbe39b25f6f484ab14839fa,"{""adapter_version"": ""csv.adapter.v2"", ""declared_timezone"": ""Asia/Colombo"", ""mapping_version"": ""5c262229d3fe6a666ae239aa791a2c308149326550fef3fd18c5634474cb8de6"", ""original_row"": {""Ir_A"": ""396.0803468735711"", ""Is_A"": ""392.84399709807946"", ""Pr_MW"": ""84.33453511415016"", ""Ps_MW"": ""86.76090944824062"", ""Qr_MVAr"": ""17.00690702283003"", ""Qs_MVAr"": ""24.58650872774821"", ""Vr_kV"": ""125.33773752264077"", ""Vs_kV"": ""132.53836337785376"", ""connection_state"": ""CONNECTED"", ""timestamp"": ""2026-01-01T07:55:00Z""}, ""row_number"": 97, ""terminal_directions"": ""receiving P/Q positive out""}"
2026-01-01T08:00:00.000000+00:00,TL_001,synthetic,SOLVED,rev_6e24672c52e849e3b7890d53aaeb4d40.TL_001,rev_6e24672c52e849e3b7890d53aaeb4d40,125.31186824262925,125.42221148097582,-0.110343238346573,2.418759046062803,65.8372611683717,05014d6f66b27398d5c2ae789be40dd0e63fd6044ab307b341b2a40c647709ca,132.5330127018922,,,GOOD,,125.31186824262925,125.42221148097582,-0.110343238346573,GOOD,,84.12050807568878,84.12050807568868,,GOOD,,16.964101615137753,16.964101615137707,,GOOD,,86.5831104505183,86.53926712175148,0.04384332876682606,GOOD,,24.48657498022665,24.486574980229054,-2.405187160547939e-12,GOOD,,391.7896672320167,391.78966723202143,-4.718003765447065e-12,GOOD,,395.0235670102251,395.0235670102302,-5.059064278611913e-12,GOOD,,,,,MISSING,,,,,MISSING,,2099077e060e0dcb903b1d267d7233f33bc53b27c1fcee84b741a16221a8e20e,run_ec8c1d4095ea480a906b81611a7dc932.2099077e060e0dcb903b1d267d7233f33bc53b27c1fcee84b741a16221a8e20e,2026-10-03T10:46:48.535362+00:00,2026-10-03T10:46:48.535362+00:00,2026-01-01T08:00:00.000000+00:00,demo.generator.v2.map.5c262229d3fe,sha256:e0e03a76b126628a9293c6eff54155b21558e908ffbe39b25f6f484ab14839fa,"{""adapter_version"": ""csv.adapter.v2"", ""declared_timezone"": ""Asia/Colombo"", ""mapping_version"": ""5c262229d3fe6a666ae239aa791a2c308149326550fef3fd18c5634474cb8de6"", ""original_row"": {""Ir_A"": ""395.0235670102251"", ""Is_A"": ""391.7896672320167"", ""Pr_MW"": ""84.12050807568878"", ""Ps_MW"": ""86.5831104505183"", ""Qr_MVAr"": ""16.964101615137753"", ""Qs_MVAr"": ""24.48657498022665"", ""Vr_kV"": ""125.31186824262925"", ""Vs_kV"": ""132.5330127018922"", ""connection_state"": ""CONNECTED"", ""timestamp"": ""2026-01-01T08:00:00Z""}, ""row_number"": 98, ""terminal_directions"": ""receiving P/Q positive out""}"
2026-01-01T08:05:00.000000+00:00,TL_001,synthetic,SOLVED,rev_6e24672c52e849e3b7890d53aaeb4d40.TL_001,rev_6e24672c52e849e3b7890d53aaeb4d40,125.31426609942525,125.43930877565226,-0.12504267622701093,2.4052986724989296,65.65440635436484,05014d6f66b27398d5c2ae789be40dd0e63fd6044ab307b341b2a40c647709ca,132.52745593533646,,,GOOD,,125.31426609942525,125.43930877565226,-0.12504267622701093,GOOD,,83.89823741345893,83.89823741345883,,GOOD,,16.919647482691786,16.91964748269162,,GOOD,,86.27669427538869,86.30353608595776,-0.026841810569067093,GOOD,,24.38297293072886,24.382972930730958,-2.0961010704922955e-12,GOOD,,390.6950854659933,390.69508546599764,-4.320099833421409e-12,GOOD,,393.9264381261845,393.926438126189,-4.490630090003833e-12,GOOD,,,,,MISSING,,,,,MISSING,,73688bcfe344f497657d4bcf0a88c96eb155f7ca50be0eead31fac5b77aacaae,run_ec8c1d4095ea480a906b81611a7dc932.73688bcfe344f497657d4bcf0a88c96eb155f7ca50be0eead31fac5b77aacaae,2026-10-03T10:46:48.871158+00:00,2026-10-03T10:46:48.871158+00:00,2026-01-01T08:05:00.000000+00:00,demo.generator.v2.map.5c262229d3fe,sha256:e0e03a76b126628a9293c6eff54155b21558e908ffbe39b25f6f484ab14839fa,"{""adapter_version"": ""csv.adapter.v2"", ""declared_timezone"": ""Asia/Colombo"", ""mapping_version"": ""5c262229d3fe6a666ae239aa791a2c308149326550fef3fd18c5634474cb8de6"", ""original_row"": {""Ir_A"": ""393.9264381261845"", ""Is_A"": ""390.6950854659933"", ""Pr_MW"": ""83.89823741345893"", ""Ps_MW"": ""86.27669427538869"", ""Qr_MVAr"": ""16.919647482691786"", ""Qs_MVAr"": ""24.38297293072886"", ""Vr_kV"": ""125.31426609942525"", ""Vs_kV"": ""132.52745593533646"", ""connection_state"": ""CONNECTED"", ""timestamp"": ""2026-01-01T08:05:00Z""}, ""row_number"": 99, ""terminal_directions"": ""receiving P/Q positive out""}"
2026-01-01T08:10:00.000000+00:00,TL_001,synthetic,SOLVED,rev_6e24672c52e849e3b7890d53aaeb4d40.TL_001,rev_6e24672c52e849e3b7890d53aaeb4d40,125.36674563559676,125.45701127078631,-0.090265635189553,2.3913897920474483,65.46492025823933,05014d6f66b27398d5c2ae789be40dd0e63fd6044ab307b341b2a40c647709ca,132.52169572290643,,,GOOD,,125.36674563559676,125.45701127078631,-0.090265635189553,GOOD,,83.66782891625772,83.66782891625766,,GOOD,,16.873565783251543,16.873565783251525,,GOOD,,86.04738055461885,86.05921870830511,-0.011838153686255737,GOOD,,24.275772038180875,24.275772038183163,-2.2879476091475226e-12,GOOD,,389.56081225374686,389.5608122537517,-4.831690603168681e-12,GOOD,,392.78952154943113,392.78952154943596,-4.831690603168681e-12,GOOD,,,,,MISSING,,,,,MISSING,,43781f17d1fd61f98259e6c54d52e0aa8274b48f10a709b88d5d001bba3a41c3,run_ec8c1d4095ea480a906b81611a7dc932.43781f17d1fd61f98259e6c54d52e0aa8274b48f10a709b88d5d001bba3a41c3,2026-10-03T10:46:49.190044+00:00,2026-10-03T10:46:49.190044+00:00,2026-01-01T08:10:00.000000+00:00,demo.generator.v2.map.5c262229d3fe,sha256:e0e03a76b126628a9293c6eff54155b21558e908ffbe39b25f6f484ab14839fa,"{""adapter_version"": ""csv.adapter.v2"", ""declared_timezone"": ""Asia/Colombo"", ""mapping_version"": ""5c262229d3fe6a666ae239aa791a2c308149326550fef3fd18c5634474cb8de6"", ""original_row"": {""Ir_A"": ""392.78952154943113"", ""Is_A"": ""389.56081225374686"", ""Pr_MW"": ""83.66782891625772"", ""Ps_MW"": ""86.04738055461885"", ""Qr_MVAr"": ""16.873565783251543"", ""Qs_MVAr"": ""24.275772038180875"", ""Vr_kV"": ""125.36674563559676"", ""Vs_kV"": ""132.52169572290643"", ""connection_state"": ""CONNECTED"", ""timestamp"": ""2026-01-01T08:10:00Z""}, ""row_number"": 100, ""terminal_directions"": ""receiving P/Q positive out""}"
2026-01-01T08:15:00.000000+00:00,TL_001,synthetic,SOLVED,rev_6e24672c52e849e3b7890d53aaeb4d40.TL_001,rev_6e24672c52e849e3b7890d53aaeb4d40,125.37183530307321,125.47530834816116,-0.10347304508795219,2.3770437166549954,65.26889971536109,05014d6f66b27398d5c2ae789be40dd0e63fd6044ab307b341b2a40c647709ca,132.51573480615127,,,GOOD,,125.37183530307321,125.47530834816116,-0.10347304508795219,GOOD,,83.4293922460509,83.42939224605082,,GOOD,,16.82587844921018,16.825878449210236,,GOOD,,85.80153267574967,85.80643596270582,-0.004903286956150055,GOOD,,24.16504389628029,24.165043896282498,-2.206235194535111e-12,GOOD,,388.38742770093523,388.3874277009396,-4.376943252282217e-12,GOOD,,391.61339829216183,391.61339829216644,-4.604316927725449e-12,GOOD,,,,,MISSING,,,,,MISSING,,10243f686569be36c154f4eabb648b942c86628ce33c2a475c3347b55343bbac,run_ec8c1d4095ea480a906b81611a7dc932.10243f686569be36c154f4eabb648b942c86628ce33c2a475c3347b55343bbac,2026-10-03T10:46:49.432247+00:00,2026-10-03T10:46:49.432247+00:00,2026-01-01T08:15:00.000000+00:00,demo.generator.v2.map.5c262229d3fe,sha256:e0e03a76b126628a9293c6eff54155b21558e908ffbe39b25f6f484ab14839fa,"{""adapter_version"": ""csv.adapter.v2"", ""declared_timezone"": ""Asia/Colombo"", ""mapping_version"": ""5c262229d3fe6a666ae239aa791a2c308149326550fef3fd18c5634474cb8de6"", ""original_row"": {""Ir_A"": ""391.61339829216183"", ""Is_A"": ""388.38742770093523"", ""Pr_MW"": ""83.4293922460509"", ""Ps_MW"": ""85.80153267574967"", ""Qr_MVAr"": ""16.82587844921018"", ""Qs_MVAr"": ""24.16504389628029"", ""Vr_kV"": ""125.37183530307321"", ""Vs_kV"": ""132.51573480615127"", ""connection_state"": ""CONNECTED"", ""timestamp"": ""2026-01-01T08:15:00Z""}, ""row_number"": 101, ""terminal_directions"": ""receiving P/Q positive out""}"
2026-01-01T08:20:00.000000+00:00,TL_001,synthetic,SOLVED,rev_6e24672c52e849e3b7890d53aaeb4d40.TL_001,rev_6e24672c52e849e3b7890d53aaeb4d40,125.39732359924378,125.49418906738173,-0.09686546813794905,2.3622720528791916,65.06644478094891,05014d6f66b27398d5c2ae789be40dd0e63fd6044ab307b341b2a40c647709ca,132.5095760221445,,,GOOD,,125.39732359924378,125.49418906738173,-0.09686546813794905,GOOD,,83.18304088577983,83.18304088577975,,GOOD,,16.776608177155968,16.77660817715591,,GOOD,,85.587537394498,85.54531293865894,0.04222445583906165,GOOD,,24.050862156881877,24.050862156883788,-1.9113599591946695e-12,GOOD,,387.17553120039014,387.1755312003939,-3.751665644813329e-12,GOOD,,390.39866868568953,390.39866868569345,-3.922195901395753e-12,GOOD,,,,,MISSING,,,,,MISSING,,52b16b3629847db751918ae8e126676c4023bd85f64f2111a67216a1ae56266c,run_ec8c1d4095ea480a906b81611a7dc932.52b16b3629847db751918ae8e126676c4023bd85f64f2111a67216a1ae56266c,2026-10-03T10:46:49.751071+00:00,2026-10-03T10:46:49.751071+00:00,2026-01-01T08:20:00.000000+00:00,demo.generator.v2.map.5c262229d3fe,sha256:e0e03a76b126628a9293c6eff54155b21558e908ffbe39b25f6f484ab14839fa,"{""adapter_version"": ""csv.adapter.v2"", ""declared_timezone"": ""Asia/Colombo"", ""mapping_version"": ""5c262229d3fe6a666ae239aa791a2c308149326550fef3fd18c5634474cb8de6"", ""original_row"": {""Ir_A"": ""390.39866868568953"", ""Is_A"": ""387.17553120039014"", ""Pr_MW"": ""83.18304088577983"", ""Ps_MW"": ""85.587537394498"", ""Qr_MVAr"": ""16.776608177155968"", ""Qs_MVAr"": ""24.050862156881877"", ""Vr_kV"": ""125.39732359924378"", ""Vs_kV"": ""132.5095760221445"", ""connection_state"": ""CONNECTED"", ""timestamp"": ""2026-01-01T08:20:00Z""}, ""row_number"": 102, ""terminal_directions"": ""receiving P/Q positive out""}"
2026-01-01T08:25:00.000000+00:00,TL_001,synthetic,SOLVED,rev_6e24672c52e849e3b7890d53aaeb4d40.TL_001,rev_6e24672c52e849e3b7890d53aaeb4d40,125.41158276600224,125.51364217577854,-0.10205940977630235,2.347086686511844,64.8576586675199,05014d6f66b27398d5c2ae789be40dd0e63fd6044ab307b341b2a40c647709ca,132.50322230213374,,,GOOD,,125.41158276600224,125.51364217577854,-0.10205940977630235,GOOD,,82.92889208534964,82.92889208534955,,GOOD,,16.72577841706993,16.725778417069776,,GOOD,,85.2952969356594,85.27597877186139,0.01931816379800466,GOOD,,23.933302451745572,23.933302451747167,-1.595168441781425e-12,GOOD,,385.92574105714596,385.9257410571491,-3.126388037344441e-12,GOOD,,389.14595200511593,389.1459520051194,-3.467448550509289e-12,GOOD,,,,,MISSING,,,,,MISSING,,2f94ea171e5e1b1669f69d55d07afeacdf61c110a1a7532ab16ce48350c63165,run_ec8c1d4095ea480a906b81611a7dc932.2f94ea171e5e1b1669f69d55d07afeacdf61c110a1a7532ab16ce48350c63165,2026-10-03T10:46:49.982157+00:00,2026-10-03T10:46:49.982157+00:00,2026-01-01T08:25:00.000000+00:00,demo.generator.v2.map.5c262229d3fe,sha256:e0e03a76b126628a9293c6eff54155b21558e908ffbe39b25f6f484ab14839fa,"{""adapter_version"": ""csv.adapter.v2"", ""declared_timezone"": ""Asia/Colombo"", ""mapping_version"": ""5c262229d3fe6a666ae239aa791a2c308149326550fef3fd18c5634474cb8de6"", ""original_row"": {""Ir_A"": ""389.14595200511593"", ""Is_A"": ""385.92574105714596"", ""Pr_MW"": ""82.92889208534964"", ""Ps_MW"": ""85.2952969356594"", ""Qr_MVAr"": ""16.72577841706993"", ""Qs_MVAr"": ""23.933302451745572"", ""Vr_kV"": ""125.41158276600224"", ""Vs_kV"": ""132.50322230213374"", ""connection_state"": ""CONNECTED"", ""timestamp"": ""2026-01-01T08:25:00Z""}, ""row_number"": 103, ""terminal_directions"": ""receiving P/Q positive out""}"
2026-01-01T08:30:00.000000+00:00,TL_001,synthetic,SOLVED,rev_6e24672c52e849e3b7890d53aaeb4d40.TL_001,rev_6e24672c52e849e3b7890d53aaeb4d40,125.38851974330144,125.53365611851596,-0.14513637521451983,2.3314997669416044,64.64264768069783,05014d6f66b27398d5c2ae789be40dd0e63fd6044ab307b341b2a40c647709ca,132.4966766701456,,,GOOD,,125.38851974330144,125.53365611851596,-0.14513637521451983,GOOD,,82.6670668058247,82.66706680582465,,GOOD,,16.67341336116494,16.673413361164894,,GOOD,,84.997105020708,84.99856657276625,-0.0014615520582452746,GOOD,,23.812442312781954,23.8124423127836,-1.644906433284632e-12,GOOD,,384.6386941036496,384.63869410365294,-3.353761712787673e-12,GOOD,,387.85588608418357,387.85588608418703,-3.467448550509289e-12,GOOD,,,,,MISSING,,,,,MISSING,,1a6e54139e34761c8bea3e0c46732ec3143d9f3c754094c18926ab1f69a84621,run_ec8c1d4095ea480a906b81611a7dc932.1a6e54139e34761c8bea3e0c46732ec3143d9f3c754094c18926ab1f69a84621,2026-10-03T10:46:50.210491+00:00,2026-10-03T10:46:50.210491+00:00,2026-01-01T08:30:00.000000+00:00,demo.generator.v2.map.5c262229d3fe,sha256:e0e03a76b126628a9293c6eff54155b21558e908ffbe39b25f6f484ab14839fa,"{""adapter_version"": ""csv.adapter.v2"", ""declared_timezone"": ""Asia/Colombo"", ""mapping_version"": ""5c262229d3fe6a666ae239aa791a2c308149326550fef3fd18c5634474cb8de6"", ""original_row"": {""Ir_A"": ""387.85588608418357"", ""Is_A"": ""384.6386941036496"", ""Pr_MW"": ""82.6670668058247"", ""Ps_MW"": ""84.997105020708"", ""Qr_MVAr"": ""16.67341336116494"", ""Qs_MVAr"": ""23.812442312781954"", ""Vr_kV"": ""125.38851974330144"", ""Vs_kV"": ""132.4966766701456"", ""connection_state"": ""CONNECTED"", ""timestamp"": ""2026-01-01T08:30:00Z""}, ""row_number"": 104, ""terminal_directions"": ""receiving P/Q positive out""}"
2026-01-01T08:35:00.000000+00:00,TL_001,synthetic,SOLVED,rev_6e24672c52e849e3b7890d53aaeb4d40.TL_001,rev_6e24672c52e849e3b7890d53aaeb4d40,125.43295213314366,125.55421904888742,-0.12126691574376025,2.31552369128579,64.421521153453,05014d6f66b27398d5c2ae789be40dd0e63fd6044ab307b341b2a40c647709ca,132.48994224154643,,,GOOD,,125.43295213314366,125.55421904888742,-0.12126691574376025,GOOD,,82.39768966185764,82.39768966185757,,GOOD,,16.61953793237153,16.619537932371312,,GOOD,,84.67664896133037,84.71321335314336,-0.03656439181298765,GOOD,,23.688361090930897,23.68836109093218,-1.2825296380469808e-12,GOOD,,383.3150453055599,383.3150453055627,-2.7853275241795927e-12,GOOD,,386.52912692071504,386.52912692071794,-2.8990143619012088e-12,GOOD,,,,,MISSING,,,,,MISSING,,1a07876c66d69a29b4599142355faf7e127a186fa4ac306b7ddf968baf29d855,run_ec8c1d4095ea480a906b81611a7dc932.1a07876c66d69a29b4599142355faf7e127a186fa4ac306b7ddf968baf29d855,2026-10-03T10:46:50.464087+00:00,2026-10-03T10:46:50.464087+00:00,2026-01-01T08:35:00.000000+00:00,demo.generator.v2.map.5c262229d3fe,sha256:e0e03a76b126628a9293c6eff54155b21558e908ffbe39b25f6f484ab14839fa,"{""adapter_version"": ""csv.adapter.v2"", ""declared_timezone"": ""Asia/Colombo"", ""mapping_version"": ""5c262229d3fe6a666ae239aa791a2c308149326550fef3fd18c5634474cb8de6"", ""original_row"": {""Ir_A"": ""386.52912692071504"", ""Is_A"": ""383.3150453055599"", ""Pr_MW"": ""82.39768966185764"", ""Ps_MW"": ""84.67664896133037"", ""Qr_MVAr"": ""16.61953793237153"", ""Qs_MVAr"": ""23.688361090930897"", ""Vr_kV"": ""125.43295213314366"", ""Vs_kV"": ""132.48994224154643"", ""connection_state"": ""CONNECTED"", ""timestamp"": ""2026-01-01T08:35:00Z""}, ""row_number"": 105, ""terminal_directions"": ""receiving P/Q positive out""}"
2026-01-01T08:40:00.000000+00:00,TL_001,synthetic,SOLVED,rev_6e24672c52e849e3b7890d53aaeb4d40.TL_001,rev_6e24672c52e849e3b7890d53aaeb4d40,125.4530766803064,125.57531883878231,-0.12224215847591324,2.299171088321245,64.19439137884349,05014d6f66b27398d5c2ae789be40dd0e63fd6044ab307b341b2a40c647709ca,132.48302222155948,,,GOOD,,125.4530766803064,125.57531883878231,-0.12224215847591324,GOOD,,82.12088886237956,82.12088886237952,,GOOD,,16.56417777247591,16.56417777247589,,GOOD,,84.41003624747945,84.42005995070076,-0.0100237032213073,GOOD,,23.561139873811307,23.561139873812735,-1.4281908988778014e-12,GOOD,,381.955467358551,381.955467358554,-3.0127011996228248e-12,GOOD,,385.1663482730576,385.1663482730609,-3.296918293926865e-12,GOOD,,,,,MISSING,,,,,MISSING,,fcae36e9220acbe2243d0fa66b7341746f8d43a9f9f2dede0ba396b5082d9c7e,run_ec8c1d4095ea480a906b81611a7dc932.fcae36e9220acbe2243d0fa66b7341746f8d43a9f9f2dede0ba396b5082d9c7e,2026-10-03T10:46:50.695862+00:00,2026-10-03T10:46:50.695862+00:00,2026-01-01T08:40:00.000000+00:00,demo.generator.v2.map.5c262229d3fe,sha256:e0e03a76b126628a9293c6eff54155b21558e908ffbe39b25f6f484ab14839fa,"{""adapter_version"": ""csv.adapter.v2"", ""declared_timezone"": ""Asia/Colombo"", ""mapping_version"": ""5c262229d3fe6a666ae239aa791a2c308149326550fef3fd18c5634474cb8de6"", ""original_row"": {""Ir_A"": ""385.1663482730576"", ""Is_A"": ""381.955467358551"", ""Pr_MW"": ""82.12088886237956"", ""Ps_MW"": ""84.41003624747945"", ""Qr_MVAr"": ""16.56417777247591"", ""Qs_MVAr"": ""23.561139873811307"", ""Vr_kV"": ""125.4530766803064"", ""Vs_kV"": ""132.48302222155948"", ""connection_state"": ""CONNECTED"", ""timestamp"": ""2026-01-01T08:40:00Z""}, ""row_number"": 106, ""terminal_directions"": ""receiving P/Q positive out""}"
2026-01-01T08:45:00.000000+00:00,TL_001,synthetic,SOLVED,rev_6e24672c52e849e3b7890d53aaeb4d40.TL_001,rev_6e24672c52e849e3b7890d53aaeb4d40,125.51029793630605,125.59694308930914,-0.08664515300309006,2.2824548022448283,63.96137354132547,05014d6f66b27398d5c2ae789be40dd0e63fd6044ab307b341b2a40c647709ca,132.47591990373948,,,GOOD,,125.51029793630605,125.59694308930914,-0.08664515300309006,GOOD,,81.83679614957954,81.8367961495795,,GOOD,,16.50735922991591,16.507359229915945,,GOOD,,84.07945917029188,84.11925095182433,-0.03979178153244334,GOOD,,23.43086140227972,23.430861402281046,-1.3251622021925868e-12,GOOD,,380.5606502765368,380.5606502765395,-2.6716406864579767e-12,GOOD,,383.76824124794985,383.76824124795286,-3.0127011996228248e-12,GOOD,,,,,MISSING,,,,,MISSING,,c378ec65d0786a125f6ee8e3a27aa4320c5419594526185e9cf73587c830a60f,run_ec8c1d4095ea480a906b81611a7dc932.c378ec65d0786a125f6ee8e3a27aa4320c5419594526185e9cf73587c830a60f,2026-10-03T10:46:51.033151+00:00,2026-10-03T10:46:51.033151+00:00,2026-01-01T08:45:00.000000+00:00,demo.generator.v2.map.5c262229d3fe,sha256:e0e03a76b126628a9293c6eff54155b21558e908ffbe39b25f6f484ab14839fa,"{""adapter_version"": ""csv.adapter.v2"", ""declared_timezone"": ""Asia/Colombo"", ""mapping_version"": ""5c262229d3fe6a666ae239aa791a2c308149326550fef3fd18c5634474cb8de6"", ""original_row"": {""Ir_A"": ""383.76824124794985"", ""Is_A"": ""380.5606502765368"", ""Pr_MW"": ""81.83679614957954"", ""Ps_MW"": ""84.07945917029188"", ""Qr_MVAr"": ""16.50735922991591"", ""Qs_MVAr"": ""23.43086140227972"", ""Vr_kV"": ""125.51029793630605"", ""Vs_kV"": ""132.47591990373948"", ""connection_state"": ""CONNECTED"", ""timestamp"": ""2026-01-01T08:45:00Z""}, ""row_number"": 107, ""terminal_directions"": ""receiving P/Q positive out""}"
2026-01-01T08:50:00.000000+00:00,TL_001,synthetic,SOLVED,rev_6e24672c52e849e3b7890d53aaeb4d40.TL_001,rev_6e24672c52e849e3b7890d53aaeb4d40,125.51443731814531,125.619079141557,-0.10464182341168282,2.2653878762934454,63.72258564670522,05014d6f66b27398d5c2ae789be40dd0e63fd6044ab307b341b2a40c647709ca,132.46863866840505,,,GOOD,,125.51443731814531,125.619079141557,-0.10464182341168282,GOOD,,81.54554673620248,81.54554673620243,,GOOD,,16.449109347240498,16.449109347240533,,GOOD,,83.79640952949562,83.81093461249587,-0.014525083000251016,GOOD,,23.297609986036264,23.29760998603762,-1.3571366253017914e-12,GOOD,,379.1313009717343,379.13130097173683,-2.5579538487363607e-12,GOOD,,382.33551388022863,382.3355138802313,-2.6716406864579767e-12,GOOD,,,,,MISSING,,,,,MISSING,,dc14a6203e832beba7f7aa9442a2dd91187df7913c5bd87e9da7ef7b0f4567dc,run_ec8c1d4095ea480a906b81611a7dc932.dc14a6203e832beba7f7aa9442a2dd91187df7913c5bd87e9da7ef7b0f4567dc,2026-10-03T10:46:51.290750+00:00,2026-10-03T10:46:51.290750+00:00,2026-01-01T08:50:00.000000+00:00,demo.generator.v2.map.5c262229d3fe,sha256:e0e03a76b126628a9293c6eff54155b21558e908ffbe39b25f6f484ab14839fa,"{""adapter_version"": ""csv.adapter.v2"", ""declared_timezone"": ""Asia/Colombo"", ""mapping_version"": ""5c262229d3fe6a666ae239aa791a2c308149326550fef3fd18c5634474cb8de6"", ""original_row"": {""Ir_A"": ""382.33551388022863"", ""Is_A"": ""379.1313009717343"", ""Pr_MW"": ""81.54554673620248"", ""Ps_MW"": ""83.79640952949562"", ""Qr_MVAr"": ""16.449109347240498"", ""Qs_MVAr"": ""23.297609986036264"", ""Vr_kV"": ""125.51443731814531"", ""Vs_kV"": ""132.46863866840505"", ""connection_state"": ""CONNECTED"", ""timestamp"": ""2026-01-01T08:50:00Z""}, ""row_number"": 108, ""terminal_directions"": ""receiving P/Q positive out""}"
2026-01-01T08:55:00.000000+00:00,TL_001,synthetic,SOLVED,rev_6e24672c52e849e3b7890d53aaeb4d40.TL_001,rev_6e24672c52e849e3b7890d53aaeb4d40,125.5296079048361,125.64171408748199,-0.11210618264588845,2.2479835362535994,63.47814845079991,05014d6f66b27398d5c2ae789be40dd0e63fd6044ab307b341b2a40c647709ca,132.46118198102988,,,GOOD,,125.5296079048361,125.64171408748199,-0.11210618264588845,GOOD,,81.24727924119512,81.24727924119506,,GOOD,,16.389455848239024,16.38945584823883,,GOOD,,83.52534551220761,83.49526277744866,0.03008273475894896,GOOD,,23.161471418415477,23.16147141841635,-8.739675649849232e-13,GOOD,,377.6681428269829,377.6681428269849,-1.9895196601282805e-12,GOOD,,380.8688907047974,380.86889070479947,-2.0463630789890885e-12,GOOD,,,,,MISSING,,,,,MISSING,,250a00f904bc7cd62c53cb9f7da01e561dba58d5a199f63583827ac826db28f1,run_ec8c1d4095ea480a906b81611a7dc932.250a00f904bc7cd62c53cb9f7da01e561dba58d5a199f63583827ac826db28f1,2026-10-03T10:46:51.526991+00:00,2026-10-03T10:46:51.526991+00:00,2026-01-01T08:55:00.000000+00:00,demo.generator.v2.map.5c262229d3fe,sha256:e0e03a76b126628a9293c6eff54155b21558e908ffbe39b25f6f484ab14839fa,"{""adapter_version"": ""csv.adapter.v2"", ""declared_timezone"": ""Asia/Colombo"", ""mapping_version"": ""5c262229d3fe6a666ae239aa791a2c308149326550fef3fd18c5634474cb8de6"", ""original_row"": {""Ir_A"": ""380.8688907047974"", ""Is_A"": ""377.6681428269829"", ""Pr_MW"": ""81.24727924119512"", ""Ps_MW"": ""83.52534551220761"", ""Qr_MVAr"": ""16.389455848239024"", ""Qs_MVAr"": ""23.161471418415477"", ""Vr_kV"": ""125.5296079048361"", ""Vs_kV"": ""132.46118198102988"", ""connection_state"": ""CONNECTED"", ""timestamp"": ""2026-01-01T08:55:00Z""}, ""row_number"": 109, ""terminal_directions"": ""receiving P/Q positive out""}"
2026-01-01T09:00:00.000000+00:00,TL_001,synthetic,SOLVED,rev_6e24672c52e849e3b7890d53aaeb4d40.TL_001,rev_6e24672c52e849e3b7890d53aaeb4d40,125.56973922526349,125.6648347808995,-0.09509555563600713,2.2302551738912513,63.228185386880085,05014d6f66b27398d5c2ae789be40dd0e63fd6044ab307b341b2a40c647709ca,132.45355339059327,,,GOOD,,125.56973922526349,125.6648347808995,-0.09509555563600713,GOOD,,80.94213562373095,80.94213562373092,,GOOD,,16.32842712474619,16.328427124746195,,GOOD,,83.21251274084528,83.17239079762217,0.04012194322311302,GOOD,,23.022532890500806,23.022532890501733,-9.272582701669307e-13,GOOD,,376.1719152607435,376.1719152607453,-1.8189894035458565e-12,GOOD,,379.36911232127835,379.3691123212805,-2.1600499167107046e-12,GOOD,,,,,MISSING,,,,,MISSING,,db834ec5ac72b597a2fa668c561edd138a6542fe86006b7fdb5d57d7ef89ce0d,run_ec8c1d4095ea480a906b81611a7dc932.db834ec5ac72b597a2fa668c561edd138a6542fe86006b7fdb5d57d7ef89ce0d,2026-10-03T10:46:51.820478+00:00,2026-10-03T10:46:51.820478+00:00,2026-01-01T09:00:00.000000+00:00,demo.generator.v2.map.5c262229d3fe,sha256:e0e03a76b126628a9293c6eff54155b21558e908ffbe39b25f6f484ab14839fa,"{""adapter_version"": ""csv.adapter.v2"", ""declared_timezone"": ""Asia/Colombo"", ""mapping_version"": ""5c262229d3fe6a666ae239aa791a2c308149326550fef3fd18c5634474cb8de6"", ""original_row"": {""Ir_A"": ""379.36911232127835"", ""Is_A"": ""376.1719152607435"", ""Pr_MW"": ""80.94213562373095"", ""Ps_MW"": ""83.21251274084528"", ""Qr_MVAr"": ""16.32842712474619"", ""Qs_MVAr"": ""23.022532890500806"", ""Vr_kV"": ""125.56973922526349"", ""Vs_kV"": ""132.45355339059327"", ""connection_state"": ""CONNECTED"", ""timestamp"": ""2026-01-01T09:00:00Z""}, ""row_number"": 110, ""terminal_directions"": ""receiving P/Q positive out""}"
2026-01-01T09:05:00.000000+00:00,TL_001,synthetic,SOLVED,rev_6e24672c52e849e3b7890d53aaeb4d40.TL_001,rev_6e24672c52e849e3b7890d53aaeb4d40,125.57916799610057,125.68842784856976,-0.10925985246919367,2.2122163303310174,62.972822491961,05014d6f66b27398d5c2ae789be40dd0e63fd6044ab307b341b2a40c647709ca,132.44575652789112,,,GOOD,,125.57916799610057,125.68842784856976,-0.10925985246919367,GOOD,,80.63026111564538,80.63026111564534,,GOOD,,16.266052223129076,16.266052223128987,,GOOD,,82.82159916762606,82.84247744597636,-0.02087827835029543,GOOD,,22.88088290470005,22.88088290470091,-8.597567102697212e-13,GOOD,,374.6433732851904,374.6433732851922,-1.7621459846850485e-12,GOOD,,377.83693495176414,377.83693495176595,-1.8189894035458565e-12,GOOD,,,,,MISSING,,,,,MISSING,,6d33093a19b1af52c2266c77cb3828c05cf14b978e9add59294d22589902342a,run_ec8c1d4095ea480a906b81611a7dc932.6d33093a19b1af52c2266c77cb3828c05cf14b978e9add59294d22589902342a,2026-10-03T10:46:52.068287+00:00,2026-10-03T10:46:52.068287+00:00,2026-01-01T09:05:00.000000+00:00,demo.generator.v2.map.5c262229d3fe,sha256:e0e03a76b126628a9293c6eff54155b21558e908ffbe39b25f6f484ab14839fa,"{""adapter_version"": ""csv.adapter.v2"", ""declared_timezone"": ""Asia/Colombo"", ""mapping_version"": ""5c262229d3fe6a666ae239aa791a2c308149326550fef3fd18c5634474cb8de6"", ""original_row"": {""Ir_A"": ""377.83693495176414"", ""Is_A"": ""374.6433732851904"", ""Pr_MW"": ""80.63026111564538"", ""Ps_MW"": ""82.82159916762606"", ""Qr_MVAr"": ""16.266052223129076"", ""Qs_MVAr"": ""22.88088290470005"", ""Vr_kV"": ""125.57916799610057"", ""Vs_kV"": ""132.44575652789112"", ""connection_state"": ""CONNECTED"", ""timestamp"": ""2026-01-01T09:05:00Z""}, ""row_number"": 111, ""terminal_directions"": ""receiving P/Q positive out""}"
2026-01-01T09:10:00.000000+00:00,TL_001,synthetic,SOLVED,rev_6e24672c52e849e3b7890d53aaeb4d40.TL_001,rev_6e24672c52e849e3b7890d53aaeb4d40,125.60151432917257,125.71247970135771,-0.11096537218513447,2.193880679414704,62.71218833201547,05014d6f66b27398d5c2ae789be40dd0e63fd6044ab307b341b2a40c647709ca,132.43779510380782,,,GOOD,,125.60151432917257,125.71247970135771,-0.11096537218513447,GOOD,,80.3118041523132,80.31180415231316,,GOOD,,16.20236083046264,16.202360830462645,,GOOD,,82.51295973546587,82.50568483172786,0.007274903738007765,GOOD,,22.736611187917138,22.736611187918037,-8.988365607365267e-13,GOOD,,373.08328705781685,373.0832870578185,-1.6484591469634324e-12,GOOD,,376.27312999209096,376.27312999209283,-1.8758328224066645e-12,GOOD,,,,,MISSING,,,,,MISSING,,892a6f952b7a020285a28012e9352f17e8cd697b3764e36211e2d8145bd1c0f1,run_ec8c1d4095ea480a906b81611a7dc932.892a6f952b7a020285a28012e9352f17e8cd697b3764e36211e2d8145bd1c0f1,2026-10-03T10:46:52.409358+00:00,2026-10-03T10:46:52.409358+00:00,2026-01-01T09:10:00.000000+00:00,demo.generator.v2.map.5c262229d3fe,sha256:e0e03a76b126628a9293c6eff54155b21558e908ffbe39b25f6f484ab14839fa,"{""adapter_version"": ""csv.adapter.v2"", ""declared_timezone"": ""Asia/Colombo"", ""mapping_version"": ""5c262229d3fe6a666ae239aa791a2c308149326550fef3fd18c5634474cb8de6"", ""original_row"": {""Ir_A"": ""376.27312999209096"", ""Is_A"": ""373.08328705781685"", ""Pr_MW"": ""80.3118041523132"", ""Ps_MW"": ""82.51295973546587"", ""Qr_MVAr"": ""16.20236083046264"", ""Qs_MVAr"": ""22.736611187917138"", ""Vr_kV"": ""125.60151432917257"", ""Vs_kV"": ""132.43779510380782"", ""connection_state"": ""CONNECTED"", ""timestamp"": ""2026-01-01T09:10:00Z""}, ""row_number"": 112, ""terminal_directions"": ""receiving P/Q positive out""}"
2026-01-01T09:15:00.000000+00:00,TL_001,synthetic,SOLVED,rev_6e24672c52e849e3b7890d53aaeb4d40.TL_001,rev_6e24672c52e849e3b7890d53aaeb4d40,125.63369492892508,125.73697654545387,-0.10328161652878975,2.1752620110688383,62.446413926174905,05014d6f66b27398d5c2ae789be40dd0e63fd6044ab307b341b2a40c647709ca,132.42967290755004,,,GOOD,,125.63369492892508,125.73697654545387,-0.10328161652878975,GOOD,,79.98691630200138,79.98691630200133,,GOOD,,16.137383260400277,16.13738326040021,,GOOD,,82.12964667090301,82.16217831307017,-0.032531642167157315,GOOD,,22.5898086044568,22.589808604457616,-8.171241461241152e-13,GOOD,,371.4924414269674,371.492441426969,-1.5916157281026244e-12,GOOD,,374.6784835570478,374.6784835570494,-1.5916157281026244e-12,GOOD,,,,,MISSING,,,,,MISSING,,909f8e23e5e0f2a3529e30b533a3d45c5ceb863d91ab254150ed5236006a4bff,run_ec8c1d4095ea480a906b81611a7dc932.909f8e23e5e0f2a3529e30b533a3d45c5ceb863d91ab254150ed5236006a4bff,2026-10-03T10:46:52.621419+00:00,2026-10-03T10:46:52.621419+00:00,2026-01-01T09:15:00.000000+00:00,demo.generator.v2.map.5c262229d3fe,sha256:e0e03a76b126628a9293c6eff54155b21558e908ffbe39b25f6f484ab14839fa,"{""adapter_version"": ""csv.adapter.v2"", ""declared_timezone"": ""Asia/Colombo"", ""mapping_version"": ""5c262229d3fe6a666ae239aa791a2c308149326550fef3fd18c5634474cb8de6"", ""original_row"": {""Ir_A"": ""374.6784835570478"", ""Is_A"": ""371.4924414269674"", ""Pr_MW"": ""79.98691630200138"", ""Ps_MW"": ""82.12964667090301"", ""Qr_MVAr"": ""16.137383260400277"", ""Qs_MVAr"": ""22.5898086044568"", ""Vr_kV"": ""125.63369492892508"", ""Vs_kV"": ""132.42967290755004"", ""connection_state"": ""CONNECTED"", ""timestamp"": ""2026-01-01T09:15:00Z""}, ""row_number"": 113, ""terminal_directions"": ""receiving P/Q positive out""}"
2026-01-01T09:20:00.000000+00:00,TL_001,synthetic,SOLVED,rev_6e24672c52e849e3b7890d53aaeb4d40.TL_001,rev_6e24672c52e849e3b7890d53aaeb4d40,125.65656994146605,125.76190439363963,-0.10533445217357951,2.1563742147094302,62.17563266998937,05014d6f66b27398d5c2ae789be40dd0e63fd6044ab307b341b2a40c647709ca,132.42139380484326,,,GOOD,,125.65656994146605,125.76190439363963,-0.10533445217357951,GOOD,,79.65575219373079,79.65575219373075,,GOOD,,16.07115043874616,16.071150438745978,,GOOD,,81.81897325834419,81.81212640844018,0.006846849904007968,GOOD,,22.440567068794024,22.44056706879465,-6.252776074688882e-13,GOOD,,369.87163547170906,369.87163547171053,-1.4779288903810084e-12,GOOD,,373.0537960199347,373.05379601993616,-1.4779288903810084e-12,GOOD,,,,,MISSING,,,,,MISSING,,7616c33a28024f9333508cbde57392ec5e57ed5a934e09d38b2f9305d38daf2b,run_ec8c1d4095ea480a906b81611a7dc932.7616c33a28024f9333508cbde57392ec5e57ed5a934e09d38b2f9305d38daf2b,2026-10-03T10:46:52.917401+00:00,2026-10-03T10:46:52.917401+00:00,2026-01-01T09:20:00.000000+00:00,demo.generator.v2.map.5c262229d3fe,sha256:e0e03a76b126628a9293c6eff54155b21558e908ffbe39b25f6f484ab14839fa,"{""adapter_version"": ""csv.adapter.v2"", ""declared_timezone"": ""Asia/Colombo"", ""mapping_version"": ""5c262229d3fe6a666ae239aa791a2c308149326550fef3fd18c5634474cb8de6"", ""original_row"": {""Ir_A"": ""373.0537960199347"", ""Is_A"": ""369.87163547170906"", ""Pr_MW"": ""79.65575219373079"", ""Ps_MW"": ""81.81897325834419"", ""Qr_MVAr"": ""16.07115043874616"", ""Qs_MVAr"": ""22.440567068794024"", ""Vr_kV"": ""125.65656994146605"", ""Vs_kV"": ""132.42139380484326"", ""connection_state"": ""CONNECTED"", ""timestamp"": ""2026-01-01T09:20:00Z""}, ""row_number"": 114, ""terminal_directions"": ""receiving P/Q positive out""}"
2026-01-01T09:25:00.000000+00:00,TL_001,synthetic,SOLVED,rev_6e24672c52e849e3b7890d53aaeb4d40.TL_001,rev_6e24672c52e849e3b7890d53aaeb4d40,125.73011702677667,125.7872490765822,-0.05713204980553144,2.1372312627131294,61.89998025781367,05014d6f66b27398d5c2ae789be40dd0e63fd6044ab307b341b2a40c647709ca,132.41296173609203,,,GOOD,,125.73011702677667,125.7872490765822,-0.05713204980553144,GOOD,,79.31846944368118,79.31846944368117,,GOOD,,16.003693888736237,16.00369388873632,,GOOD,,81.51200604473263,81.4557007063943,0.0563053383383334,GOOD,,22.288979458342716,22.288979458343462,-7.460698725481052e-13,GOOD,,368.22168203645043,368.2216820364519,-1.4779288903810084e-12,GOOD,,371.39988154688035,371.39988154688194,-1.5916157281026244e-12,GOOD,,,,,MISSING,,,,,MISSING,,39646026e1a4c65d2847f2f232dd744271b65d00b63698193b783cc1ef8f3bb8,run_ec8c1d4095ea480a906b81611a7dc932.39646026e1a4c65d2847f2f232dd744271b65d00b63698193b783cc1ef8f3bb8,2026-10-03T10:46:53.093789+00:00,2026-10-03T10:46:53.093789+00:00,2026-01-01T09:25:00.000000+00:00,demo.generator.v2.map.5c262229d3fe,sha256:e0e03a76b126628a9293c6eff54155b21558e908ffbe39b25f6f484ab14839fa,"{""adapter_version"": ""csv.adapter.v2"", ""declared_timezone"": ""Asia/Colombo"", ""mapping_version"": ""5c262229d3fe6a666ae239aa791a2c308149326550fef3fd18c5634474cb8de6"", ""original_row"": {""Ir_A"": ""371.39988154688035"", ""Is_A"": ""368.22168203645043"", ""Pr_MW"": ""79.31846944368118"", ""Ps_MW"": ""81.51200604473263"", ""Qr_MVAr"": ""16.003693888736237"", ""Qs_MVAr"": ""22.288979458342716"", ""Vr_kV"": ""125.73011702677667"", ""Vs_kV"": ""132.41296173609203"", ""connection_state"": ""CONNECTED"", ""timestamp"": ""2026-01-01T09:25:00Z""}, ""row_number"": 115, ""terminal_directions"": ""receiving P/Q positive out""}"
2026-01-01T09:30:00.000000+00:00,TL_001,synthetic,SOLVED,rev_6e24672c52e849e3b7890d53aaeb4d40.TL_001,rev_6e24672c52e849e3b7890d53aaeb4d40,125.68810661571327,125.81299625414415,-0.12488963843088641,2.1178471939825556,61.619594604387565,05014d6f66b27398d5c2ae789be40dd0e63fd6044ab307b341b2a40c647709ca,132.40438071450436,,,GOOD,,125.68810661571327,125.81299625414415,-0.12488963843088641,GOOD,,78.97522858017442,78.97522858017439,,GOOD,,15.935045716034884,15.935045716034818,,GOOD,,81.08445427331039,81.09307577415694,-0.00862150084655866,GOOD,,22.135139526350965,22.135139526351544,-5.790923296444817e-13,GOOD,,366.54340726071064,366.5434072607117,-1.0800249583553523e-12,GOOD,,369.7175676263242,369.7175676263254,-1.1937117960769683e-12,GOOD,,,,,MISSING,,,,,MISSING,,299e7ef16775e03b29ca18efa63bb51a93adfa4f7c8e975270b62b1583330d23,run_ec8c1d4095ea480a906b81611a7dc932.299e7ef16775e03b29ca18efa63bb51a93adfa4f7c8e975270b62b1583330d23,2026-10-03T10:46:53.371819+00:00,2026-10-03T10:46:53.371819+00:00,2026-01-01T09:30:00.000000+00:00,demo.generator.v2.map.5c262229d3fe,sha256:e0e03a76b126628a9293c6eff54155b21558e908ffbe39b25f6f484ab14839fa,"{""adapter_version"": ""csv.adapter.v2"", ""declared_timezone"": ""Asia/Colombo"", ""mapping_version"": ""5c262229d3fe6a666ae239aa791a2c308149326550fef3fd18c5634474cb8de6"", ""original_row"": {""Ir_A"": ""369.7175676263242"", ""Is_A"": ""366.54340726071064"", ""Pr_MW"": ""78.97522858017442"", ""Ps_MW"": ""81.08445427331039"", ""Qr_MVAr"": ""15.935045716034884"", ""Qs_MVAr"": ""22.135139526350965"", ""Vr_kV"": ""125.68810661571327"", ""Vs_kV"": ""132.40438071450436"", ""connection_state"": ""CONNECTED"", ""timestamp"": ""2026-01-01T09:30:00Z""}, ""row_number"": 116, ""terminal_directions"": ""receiving P/Q positive out""}"
2026-01-01T09:35:00.000000+00:00,TL_001,synthetic,SOLVED,rev_6e24672c52e849e3b7890d53aaeb4d40.TL_001,rev_6e24672c52e849e3b7890d53aaeb4d40,125.70168877962317,125.83913142669257,-0.13744264706940612,2.0982360976329915,61.334615765677384,05014d6f66b27398d5c2ae789be40dd0e63fd6044ab307b341b2a40c647709ca,132.39565482418178,,,GOOD,,125.70168877962317,125.83913142669257,-0.13744264706940612,GOOD,,78.62619296727163,78.62619296727159,,GOOD,,15.865238593454329,15.865238593454233,,GOOD,,80.70670785448563,80.72442906490458,-0.017721210418955025,GOOD,,21.9791418150522,21.97914181505262,-4.227729277772596e-13,GOOD,,364.83765010443983,364.83765010444074,-9.094947017729282e-13,GOOD,,368.0076945940633,368.0076945940643,-9.663381206337363e-13,GOOD,,,,,MISSING,,,,,MISSING,,a283441e5aa50b3da957fca3ad36e43e6e54726156006e0e531787a0c87a6c32,run_ec8c1d4095ea480a906b81611a7dc932.a283441e5aa50b3da957fca3ad36e43e6e54726156006e0e531787a0c87a6c32,2026-10-03T10:46:53.649665+00:00,2026-10-03T10:46:53.649665+00:00,2026-01-01T09:35:00.000000+00:00,demo.generator.v2.map.5c262229d3fe,sha256:e0e03a76b126628a9293c6eff54155b21558e908ffbe39b25f6f484ab14839fa,"{""adapter_version"": ""csv.adapter.v2"", ""declared_timezone"": ""Asia/Colombo"", ""mapping_version"": ""5c262229d3fe6a666ae239aa791a2c308149326550fef3fd18c5634474cb8de6"", ""original_row"": {""Ir_A"": ""368.0076945940633"", ""Is_A"": ""364.83765010443983"", ""Pr_MW"": ""78.62619296727163"", ""Ps_MW"": ""80.70670785448563"", ""Qr_MVAr"": ""15.865238593454329"", ""Qs_MVAr"": ""21.9791418150522"", ""Vr_kV"": ""125.70168877962317"", ""Vs_kV"": ""132.39565482418178"", ""connection_state"": ""CONNECTED"", ""timestamp"": ""2026-01-01T09:35:00Z""}, ""row_number"": 117, ""terminal_directions"": ""receiving P/Q positive out""}"
2026-01-01T09:40:00.000000+00:00,TL_001,synthetic,SOLVED,rev_6e24672c52e849e3b7890d53aaeb4d40.TL_001,rev_6e24672c52e849e3b7890d53aaeb4d40,125.76342357519279,125.86563994639387,-0.10221637120108085,2.078412096828174,61.04518585904371,05014d6f66b27398d5c2ae789be40dd0e63fd6044ab307b341b2a40c647709ca,132.38678821817552,,,GOOD,,125.76342357519279,125.86563994639387,-0.10221637120108085,GOOD,,78.27152872702092,78.27152872702091,,GOOD,,15.794305745404184,15.794305745404108,,GOOD,,80.38611643247565,80.34994082384908,0.036175608626564326,GOOD,,21.82108156919712,21.821081569197474,-3.552713678800501e-13,GOOD,,363.10526186928496,363.10526186928575,-7.958078640513122e-13,GOOD,,366.27111515426134,366.27111515426225,-9.094947017729282e-13,GOOD,,,,,MISSING,,,,,MISSING,,9fdae4ab6a4a6c5ae7b642dcf976a2c72a0fab5df8cf023c3931fae57090f8d5,run_ec8c1d4095ea480a906b81611a7dc932.9fdae4ab6a4a6c5ae7b642dcf976a2c72a0fab5df8cf023c3931fae57090f8d5,2026-10-03T10:46:53.909407+00:00,2026-10-03T10:46:53.909407+00:00,2026-01-01T09:40:00.000000+00:00,demo.generator.v2.map.5c262229d3fe,sha256:e0e03a76b126628a9293c6eff54155b21558e908ffbe39b25f6f484ab14839fa,"{""adapter_version"": ""csv.adapter.v2"", ""declared_timezone"": ""Asia/Colombo"", ""mapping_version"": ""5c262229d3fe6a666ae239aa791a2c308149326550fef3fd18c5634474cb8de6"", ""original_row"": {""Ir_A"": ""366.27111515426134"", ""Is_A"": ""363.10526186928496"", ""Pr_MW"": ""78.27152872702092"", ""Ps_MW"": ""80.38611643247565"", ""Qr_MVAr"": ""15.794305745404184"", ""Qs_MVAr"": ""21.82108156919712"", ""Vr_kV"": ""125.76342357519279"", ""Vs_kV"": ""132.38678821817552"", ""connection_state"": ""CONNECTED"", ""timestamp"": ""2026-01-01T09:40:00Z""}, ""row_number"": 118, ""terminal_directions"": ""receiving P/Q positive out""}"
2026-01-01T09:45:00.000000+00:00,TL_001,synthetic,SOLVED,rev_6e24672c52e849e3b7890d53aaeb4d40.TL_001,rev_6e24672c52e849e3b7890d53aaeb4d40,125.7690367563857,125.89250702848007,-0.1234702720943659,2.05838933279027,60.7514489828007,05014d6f66b27398d5c2ae789be40dd0e63fd6044ab307b341b2a40c647709ca,132.37778511650978,,,GOOD,,125.7690367563857,125.89250702848007,-0.1234702720943659,GOOD,,77.91140466039204,77.91140466039201,,GOOD,,15.722280932078409,15.722280932078403,,GOOD,,79.95016959998014,79.96979399318228,-0.019624393202136048,GOOD,,21.661054650088253,21.661054650088648,-3.943512183468556e-13,GOOD,,361.34710571618393,361.3471057161849,-9.663381206337363e-13,GOOD,,364.50869389680304,364.50869389680423,-1.1937117960769683e-12,GOOD,,,,,MISSING,,,,,MISSING,,b65629a64029316624a5c518348700e3c30386572b1d3df0431def10487648a9,run_ec8c1d4095ea480a906b81611a7dc932.b65629a64029316624a5c518348700e3c30386572b1d3df0431def10487648a9,2026-10-03T10:46:54.066455+00:00,2026-10-03T10:46:54.066455+00:00,2026-01-01T09:45:00.000000+00:00,demo.generator.v2.map.5c262229d3fe,sha256:e0e03a76b126628a9293c6eff54155b21558e908ffbe39b25f6f484ab14839fa,"{""adapter_version"": ""csv.adapter.v2"", ""declared_timezone"": ""Asia/Colombo"", ""mapping_version"": ""5c262229d3fe6a666ae239aa791a2c308149326550fef3fd18c5634474cb8de6"", ""original_row"": {""Ir_A"": ""364.50869389680304"", ""Is_A"": ""361.34710571618393"", ""Pr_MW"": ""77.91140466039204"", ""Ps_MW"": ""79.95016959998014"", ""Qr_MVAr"": ""15.722280932078409"", ""Qs_MVAr"": ""21.661054650088253"", ""Vr_kV"": ""125.7690367563857"", ""Vs_kV"": ""132.37778511650978"", ""connection_state"": ""CONNECTED"", ""timestamp"": ""2026-01-01T09:45:00Z""}, ""row_number"": 119, ""terminal_directions"": ""receiving P/Q positive out""}"
2026-01-01T09:50:00.000000+00:00,TL_001,synthetic,SOLVED,rev_6e24672c52e849e3b7890d53aaeb4d40.TL_001,rev_6e24672c52e849e3b7890d53aaeb4d40,125.7675179740448,125.9197177624726,-0.1521997884278079,2.0381819490108626,60.45355113523134,05014d6f66b27398d5c2ae789be40dd0e63fd6044ab307b341b2a40c647709ca,132.3686498041734,,,GOOD,,125.7675179740448,125.9197177624726,-0.1521997884278079,GOOD,,77.54599216693649,77.54599216693646,,GOOD,,15.649198433387296,15.649198433387253,,GOOD,,79.57929413833091,79.58417411594732,-0.004879977616411679,GOOD,,21.499157450238158,21.499157450238517,-3.588240815588506e-13,GOOD,,359.56405617967926,359.5640561796799,-6.252776074688882e-13,GOOD,,362.7213068113873,362.72130681138805,-7.389644451905042e-13,GOOD,,,,,MISSING,,,,,MISSING,,6d10733c5f129586ee6d5e2af9445c1c8fc79510d4c23ef589b0d4713e2ee4cc,run_ec8c1d4095ea480a906b81611a7dc932.6d10733c5f129586ee6d5e2af9445c1c8fc79510d4c23ef589b0d4713e2ee4cc,2026-10-03T10:46:54.267782+00:00,2026-10-03T10:46:54.267782+00:00,2026-01-01T09:50:00.000000+00:00,demo.generator.v2.map.5c262229d3fe,sha256:e0e03a76b126628a9293c6eff54155b21558e908ffbe39b25f6f484ab14839fa,"{""adapter_version"": ""csv.adapter.v2"", ""declared_timezone"": ""Asia/Colombo"", ""mapping_version"": ""5c262229d3fe6a666ae239aa791a2c308149326550fef3fd18c5634474cb8de6"", ""original_row"": {""Ir_A"": ""362.7213068113873"", ""Is_A"": ""359.56405617967926"", ""Pr_MW"": ""77.54599216693649"", ""Ps_MW"": ""79.57929413833091"", ""Qr_MVAr"": ""15.649198433387296"", ""Qs_MVAr"": ""21.499157450238158"", ""Vr_kV"": ""125.7675179740448"", ""Vs_kV"": ""132.3686498041734"", ""connection_state"": ""CONNECTED"", ""timestamp"": ""2026-01-01T09:50:00Z""}, ""row_number"": 120, ""terminal_directions"": ""receiving P/Q positive out""}"
2026-01-01T09:55:00.000000+00:00,TL_001,synthetic,SOLVED,rev_6e24672c52e849e3b7890d53aaeb4d40.TL_001,rev_6e24672c52e849e3b7890d53aaeb4d40,125.81638430027657,125.94725712335045,-0.13087282307388648,2.0178040756864988,60.15164013312012,05014d6f66b27398d5c2ae789be40dd0e63fd6044ab307b341b2a40c647709ca,132.35938662908026,,,GOOD,,125.81638430027657,125.94725712335045,-0.13087282307388648,GOOD,,77.17546516321043,77.17546516321042,,GOOD,,15.575093032642087,15.575093032642096,,GOOD,,79.17738605607583,79.19326923889692,-0.01588318282108503,GOOD,,21.335486808765594,21.335486808766056,-4.618527782440651e-13,GOOD,,357.75699867931127,357.75699867931223,-9.663381206337363e-13,GOOD,,360.9098407987198,360.9098407987207,-9.094947017729282e-13,GOOD,,,,,MISSING,,,,,MISSING,,b3157f8aedae902bb4154367de01895f42438366f65feb87ef7051b203c8fa7e,run_ec8c1d4095ea480a906b81611a7dc932.b3157f8aedae902bb4154367de01895f42438366f65feb87ef7051b203c8fa7e,2026-10-03T10:46:54.528198+00:00,2026-10-03T10:46:54.528198+00:00,2026-01-01T09:55:00.000000+00:00,demo.generator.v2.map.5c262229d3fe,sha256:e0e03a76b126628a9293c6eff54155b21558e908ffbe39b25f6f484ab14839fa,"{""adapter_version"": ""csv.adapter.v2"", ""declared_timezone"": ""Asia/Colombo"", ""mapping_version"": ""5c262229d3fe6a666ae239aa791a2c308149326550fef3fd18c5634474cb8de6"", ""original_row"": {""Ir_A"": ""360.9098407987198"", ""Is_A"": ""357.75699867931127"", ""Pr_MW"": ""77.17546516321043"", ""Ps_MW"": ""79.17738605607583"", ""Qr_MVAr"": ""15.575093032642087"", ""Qs_MVAr"": ""21.335486808765594"", ""Vr_kV"": ""125.81638430027657"", ""Vs_kV"": ""132.35938662908026"", ""connection_state"": ""CONNECTED"", ""timestamp"": ""2026-01-01T09:55:00Z""}, ""row_number"": 121, ""terminal_directions"": ""receiving P/Q positive out""}"
2026-01-01T10:00:00.000000+00:00,TL_001,synthetic,SOLVED,rev_6e24672c52e849e3b7890d53aaeb4d40.TL_001,rev_6e24672c52e849e3b7890d53aaeb4d40,125.84757276708672,125.97510998265004,-0.1275372155633221,1.997269814403893,59.84586552986547,05014d6f66b27398d5c2ae789be40dd0e63fd6044ab307b341b2a40c647709ca,132.35,,,GOOD,,125.84757276708672,125.97510998265004,-0.1275372155633221,GOOD,,76.80000000000001,76.80000000000003,,GOOD,,15.500000000000002,15.500000000000055,,GOOD,,78.79444193777627,78.79726981440392,-0.0028278766276486067,GOOD,,21.17013992764522,21.170139927645575,-3.552713678800501e-13,GOOD,,355.92682902847616,355.9268290284769,-7.389644451905042e-13,GOOD,,359.075193179192,359.07519317919287,-8.526512829121202e-13,GOOD,,,,,MISSING,,,,,MISSING,,43d7f650907379f66099b3b7c2a6a2ab0e6cbd15614d3f17271fdce1e857a1ce,run_ec8c1d4095ea480a906b81611a7dc932.43d7f650907379f66099b3b7c2a6a2ab0e6cbd15614d3f17271fdce1e857a1ce,2026-10-03T10:46:54.689255+00:00,2026-10-03T10:46:54.689255+00:00,2026-01-01T10:00:00.000000+00:00,demo.generator.v2.map.5c262229d3fe,sha256:e0e03a76b126628a9293c6eff54155b21558e908ffbe39b25f6f484ab14839fa,"{""adapter_version"": ""csv.adapter.v2"", ""declared_timezone"": ""Asia/Colombo"", ""mapping_version"": ""5c262229d3fe6a666ae239aa791a2c308149326550fef3fd18c5634474cb8de6"", ""original_row"": {""Ir_A"": ""359.075193179192"", ""Is_A"": ""355.92682902847616"", ""Pr_MW"": ""76.80000000000001"", ""Ps_MW"": ""78.79444193777627"", ""Qr_MVAr"": ""15.500000000000002"", ""Qs_MVAr"": ""21.17013992764522"", ""Vr_kV"": ""125.84757276708672"", ""Vs_kV"": ""132.35"", ""connection_state"": ""CONNECTED"", ""timestamp"": ""2026-01-01T10:00:00Z""}, ""row_number"": 122, ""terminal_directions"": ""receiving P/Q positive out""}"
2026-01-01T10:05:00.000000+00:00,TL_001,synthetic,SOLVED,rev_6e24672c52e849e3b7890d53aaeb4d40.TL_001,rev_6e24672c52e849e3b7890d53aaeb4d40,125.85772632703454,126.0032611194832,-0.1455347924486574,1.9765932230974386,59.53637853323171,05014d6f66b27398d5c2ae789be40dd0e63fd6044ab307b341b2a40c647709ca,132.34049438445967,,,GOOD,,125.85772632703454,126.0032611194832,-0.1455347924486574,GOOD,,76.41977537838775,76.41977537838775,,GOOD,,15.42395507567755,15.42395507567761,,GOOD,,78.3523572441234,78.3963686014852,-0.0440113573617964,GOOD,,21.003214288918205,21.003214288918517,-3.126388037344441e-13,GOOD,,354.07445294108976,354.07445294109044,-6.821210263296962e-13,GOOD,,357.2182711993894,357.21827119939024,-8.526512829121202e-13,GOOD,,,,,MISSING,,,,,MISSING,,73beaeff3ed455db0a3ff850c39ce01afc1fd9da546facf9b8474cb684e836c6,run_ec8c1d4095ea480a906b81611a7dc932.73beaeff3ed455db0a3ff850c39ce01afc1fd9da546facf9b8474cb684e836c6,2026-10-03T10:46:55.012216+00:00,2026-10-03T10:46:55.012216+00:00,2026-01-01T10:05:00.000000+00:00,demo.generator.v2.map.5c262229d3fe,sha256:e0e03a76b126628a9293c6eff54155b21558e908ffbe39b25f6f484ab14839fa,"{""adapter_version"": ""csv.adapter.v2"", ""declared_timezone"": ""Asia/Colombo"", ""mapping_version"": ""5c262229d3fe6a666ae239aa791a2c308149326550fef3fd18c5634474cb8de6"", ""original_row"": {""Ir_A"": ""357.2182711993894"", ""Is_A"": ""354.07445294108976"", ""Pr_MW"": ""76.41977537838775"", ""Ps_MW"": ""78.3523572441234"", ""Qr_MVAr"": ""15.42395507567755"", ""Qs_MVAr"": ""21.003214288918205"", ""Vr_kV"": ""125.85772632703454"", ""Vs_kV"": ""132.34049438445967"", ""connection_state"": ""CONNECTED"", ""timestamp"": ""2026-01-01T10:05:00Z""}, ""row_number"": 123, ""terminal_directions"": ""receiving P/Q positive out""}"
2026-01-01T10:10:00.000000+00:00,TL_001,synthetic,SOLVED,rev_6e24672c52e849e3b7890d53aaeb4d40.TL_001,rev_6e24672c52e849e3b7890d53aaeb4d40,125.96351514596826,126.03169523146296,-0.06818008549470278,1.955788301301368,59.2233319227995,05014d6f66b27398d5c2ae789be40dd0e63fd6044ab307b341b2a40c647709ca,132.33087430661752,,,GOOD,,125.96351514596826,126.03169523146296,-0.06818008549470278,GOOD,,76.03497226470067,76.03497226470066,,GOOD,,15.346994452940136,15.346994452940127,,GOOD,,77.95213788856377,77.99076056600202,-0.03862267743825498,GOOD,,20.83480757297255,20.8348075729728,-2.4868995751603507e-13,GOOD,,352.2007855364248,352.20078553642526,-4.547473508864641e-13,GOOD,,355.33999153679645,355.339991536797,-5.684341886080801e-13,GOOD,,,,,MISSING,,,,,MISSING,,7f84f7f6a5c9c4947f06017a85de4a7098d92c73fcae6d9fa679b21b46772cbd,run_ec8c1d4095ea480a906b81611a7dc932.7f84f7f6a5c9c4947f06017a85de4a7098d92c73fcae6d9fa679b21b46772cbd,2026-10-03T10:46:55.307239+00:00,2026-10-03T10:46:55.307239+00:00,2026-01-01T10:10:00.000000+00:00,demo.generator.v2.map.5c262229d3fe,sha256:e0e03a76b126628a9293c6eff54155b21558e908ffbe39b25f6f484ab14839fa,"{""adapter_version"": ""csv.adapter.v2"", ""declared_timezone"": ""Asia/Colombo"", ""mapping_version"": ""5c262229d3fe6a666ae239aa791a2c308149326550fef3fd18c5634474cb8de6"", ""original_row"": {""Ir_A"": ""355.33999153679645"", ""Is_A"": ""352.2007855364248"", ""Pr_MW"": ""76.03497226470067"", ""Ps_MW"": ""77.95213788856377"", ""Qr_MVAr"": ""15.346994452940136"", ""Qs_MVAr"": ""20.83480757297255"", ""Vr_kV"": ""125.96351514596826"", ""Vs_kV"": ""132.33087430661752"", ""connection_state"": ""CONNECTED"", ""timestamp"": ""2026-01-01T10:10:00Z""}, ""row_number"": 124, ""terminal_directions"": ""receiving P/Q positive out""}"
2026-01-01T10:15:00.000000+00:00,TL_001,synthetic,SOLVED,rev_6e24672c52e849e3b7890d53aaeb4d40.TL_001,rev_6e24672c52e849e3b7890d53aaeb4d40,125.92730700775837,126.06039694552304,-0.13308993776466593,1.9348689757183308,58.906879967172166,05014d6f66b27398d5c2ae789be40dd0e63fd6044ab307b341b2a40c647709ca,132.3211443451095,,,GOOD,,125.92730700775837,126.06039694552304,-0.13308993776466593,GOOD,,75.64577380438003,75.64577380438003,,GOOD,,15.269154760876006,15.269154760876111,,GOOD,,77.63575018594797,77.58064278009836,0.05510740584961127,GOOD,,20.665017577992035,20.665017577992415,-3.801403636316536e-13,GOOD,,350.3067508424523,350.30675084245286,-5.684341886080801e-13,GOOD,,353.4412798030324,353.44127980303296,-5.684341886080801e-13,GOOD,,,,,MISSING,,,,,MISSING,,91d87d29538e3d3adb30932c08c6bc65ec3835f7af5c31313909d5de9b389077,run_ec8c1d4095ea480a906b81611a7dc932.91d87d29538e3d3adb30932c08c6bc65ec3835f7af5c31313909d5de9b389077,2026-10-03T10:46:55.499011+00:00,2026-10-03T10:46:55.499011+00:00,2026-01-01T10:15:00.000000+00:00,demo.generator.v2.map.5c262229d3fe,sha256:e0e03a76b126628a9293c6eff54155b21558e908ffbe39b25f6f484ab14839fa,"{""adapter_version"": ""csv.adapter.v2"", ""declared_timezone"": ""Asia/Colombo"", ""mapping_version"": ""5c262229d3fe6a666ae239aa791a2c308149326550fef3fd18c5634474cb8de6"", ""original_row"": {""Ir_A"": ""353.4412798030324"", ""Is_A"": ""350.3067508424523"", ""Pr_MW"": ""75.64577380438003"", ""Ps_MW"": ""77.63575018594797"", ""Qr_MVAr"": ""15.269154760876006"", ""Qs_MVAr"": ""20.665017577992035"", ""Vr_kV"": ""125.92730700775837"", ""Vs_kV"": ""132.3211443451095"", ""connection_state"": ""CONNECTED"", ""timestamp"": ""2026-01-01T10:15:00Z""}, ""row_number"": 125, ""terminal_directions"": ""receiving P/Q positive out""}"
2026-01-01T10:20:00.000000+00:00,TL_001,synthetic,SOLVED,rev_6e24672c52e849e3b7890d53aaeb4d40.TL_001,rev_6e24672c52e849e3b7890d53aaeb4d40,126.03590453724203,126.08935082862237,-0.05344629138033952,1.913849086124813,58.58717834099343,05014d6f66b27398d5c2ae789be40dd0e63fd6044ab307b341b2a40c647709ca,132.31130913087034,,,GOOD,,126.03590453724203,126.08935082862237,-0.05344629138033952,GOOD,,75.252365234814,75.252365234814,,GOOD,,15.190473046962797,15.190473046962843,,GOOD,,77.13106732207403,77.1662143209388,-0.035146998864775014,GOOD,,20.49394214067515,20.493942140675266,-1.1723955140041653e-13,GOOD,,348.3932812980303,348.3932812980305,-2.2737367544323206e-13,GOOD,,351.5230700459601,351.52307004596054,-4.547473508864641e-13,GOOD,,,,,MISSING,,,,,MISSING,,c408633fc5c9e852dc884f6412ff65b3ad2dc636cfea90d200d9cd2ff24382c6,run_ec8c1d4095ea480a906b81611a7dc932.c408633fc5c9e852dc884f6412ff65b3ad2dc636cfea90d200d9cd2ff24382c6,2026-10-03T10:46:55.796808+00:00,2026-10-03T10:46:55.796808+00:00,2026-01-01T10:20:00.000000+00:00,demo.generator.v2.map.5c262229d3fe,sha256:e0e03a76b126628a9293c6eff54155b21558e908ffbe39b25f6f484ab14839fa,"{""adapter_version"": ""csv.adapter.v2"", ""declared_timezone"": ""Asia/Colombo"", ""mapping_version"": ""5c262229d3fe6a666ae239aa791a2c308149326550fef3fd18c5634474cb8de6"", ""original_row"": {""Ir_A"": ""351.5230700459601"", ""Is_A"": ""348.3932812980303"", ""Pr_MW"": ""75.252365234814"", ""Ps_MW"": ""77.13106732207403"", ""Qr_MVAr"": ""15.190473046962797"", ""Qs_MVAr"": ""20.49394214067515"", ""Vr_kV"": ""126.03590453724203"", ""Vs_kV"": ""132.31130913087034"", ""connection_state"": ""CONNECTED"", ""timestamp"": ""2026-01-01T10:20:00Z""}, ""row_number"": 126, ""terminal_directions"": ""receiving P/Q positive out""}"
2026-01-01T10:25:00.000000+00:00,TL_001,synthetic,SOLVED,rev_6e24672c52e849e3b7890d53aaeb4d40.TL_001,rev_6e24672c52e849e3b7890d53aaeb4d40,125.99923135298326,126.11854139832182,-0.11931004533856537,1.892742371632977,58.26438404183206,05014d6f66b27398d5c2ae789be40dd0e63fd6044ab307b341b2a40c647709ca,132.30137334492937,,,GOOD,,125.99923135298326,126.11854139832182,-0.11931004533856537,GOOD,,74.85493379717474,74.85493379717474,,GOOD,,15.11098675943495,15.110986759434883,,GOOD,,76.75792283533589,76.74767616880771,0.010246666528175297,GOOD,,20.321679058316445,20.32167905831653,-8.526512829121202e-14,GOOD,,346.46131725426096,346.4613172542613,-3.410605131648481e-13,GOOD,,349.58630425099204,349.5863042509923,-2.8421709430404007e-13,GOOD,,,,,MISSING,,,,,MISSING,,98148211b71a8389add388fa7d86b67271f713086ae424d2075d8e71fa35e8be,run_ec8c1d4095ea480a906b81611a7dc932.98148211b71a8389add388fa7d86b67271f713086ae424d2075d8e71fa35e8be,2026-10-03T10:46:56.065798+00:00,2026-10-03T10:46:56.065798+00:00,2026-01-01T10:25:00.000000+00:00,demo.generator.v2.map.5c262229d3fe,sha256:e0e03a76b126628a9293c6eff54155b21558e908ffbe39b25f6f484ab14839fa,"{""adapter_version"": ""csv.adapter.v2"", ""declared_timezone"": ""Asia/Colombo"", ""mapping_version"": ""5c262229d3fe6a666ae239aa791a2c308149326550fef3fd18c5634474cb8de6"", ""original_row"": {""Ir_A"": ""349.58630425099204"", ""Is_A"": ""346.46131725426096"", ""Pr_MW"": ""74.85493379717474"", ""Ps_MW"": ""76.75792283533589"", ""Qr_MVAr"": ""15.11098675943495"", ""Qs_MVAr"": ""20.321679058316445"", ""Vr_kV"": ""125.99923135298326"", ""Vs_kV"": ""132.30137334492937"", ""connection_state"": ""CONNECTED"", ""timestamp"": ""2026-01-01T10:25:00Z""}, ""row_number"": 127, ""terminal_directions"": ""receiving P/Q positive out""}"
2026-01-01T10:30:00.000000+00:00,TL_001,synthetic,SOLVED,rev_6e24672c52e849e3b7890d53aaeb4d40.TL_001,rev_6e24672c52e849e3b7890d53aaeb4d40,126.07018075475933,126.14795313322388,-0.07777237846454454,1.8715624573274283,57.93865530698571,05014d6f66b27398d5c2ae789be40dd0e63fd6044ab307b341b2a40c647709ca,132.29134171618253,,,GOOD,,126.07018075475933,126.14795313322388,-0.07777237846454454,GOOD,,74.4536686473018,74.4536686473018,,GOOD,,15.03073372946036,15.030733729460449,,GOOD,,76.2956253922763,76.32523110462922,-0.02960571235291809,GOOD,,20.148326012341872,20.148326012342167,-2.948752353404416e-13,GOOD,,344.51180647533613,344.51180647533675,-6.252776074688882e-13,GOOD,,347.6319318419135,347.63193184191425,-7.389644451905042e-13,GOOD,,,,,MISSING,,,,,MISSING,,b7ee354eac5ccf25b702e66d2d75fe6732c33dc5bd9405d9c1cc79f38f9ca8df,run_ec8c1d4095ea480a906b81611a7dc932.b7ee354eac5ccf25b702e66d2d75fe6732c33dc5bd9405d9c1cc79f38f9ca8df,2026-10-03T10:46:56.276558+00:00,2026-10-03T10:46:56.276558+00:00,2026-01-01T10:30:00.000000+00:00,demo.generator.v2.map.5c262229d3fe,sha256:e0e03a76b126628a9293c6eff54155b21558e908ffbe39b25f6f484ab14839fa,"{""adapter_version"": ""csv.adapter.v2"", ""declared_timezone"": ""Asia/Colombo"", ""mapping_version"": ""5c262229d3fe6a666ae239aa791a2c308149326550fef3fd18c5634474cb8de6"", ""original_row"": {""Ir_A"": ""347.6319318419135"", ""Is_A"": ""344.51180647533613"", ""Pr_MW"": ""74.4536686473018"", ""Ps_MW"": ""76.2956253922763"", ""Qr_MVAr"": ""15.03073372946036"", ""Qs_MVAr"": ""20.148326012341872"", ""Vr_kV"": ""126.07018075475933"", ""Vs_kV"": ""132.29134171618253"", ""connection_state"": ""CONNECTED"", ""timestamp"": ""2026-01-01T10:30:00Z""}, ""row_number"": 128, ""terminal_directions"": ""receiving P/Q positive out""}"
2026-01-01T10:35:00.000000+00:00,TL_001,synthetic,SOLVED,rev_6e24672c52e849e3b7890d53aaeb4d40.TL_001,rev_6e24672c52e849e3b7890d53aaeb4d40,126.05991368711244,126.17757048326564,-0.11765679615319868,1.850322841294954,57.610151530254825,05014d6f66b27398d5c2ae789be40dd0e63fd6044ab307b341b2a40c647709ca,132.28121901914184,,,GOOD,,126.05991368711244,126.17757048326564,-0.11765679615319868,GOOD,,74.04876076567403,74.04876076567402,,GOOD,,14.949752153134806,14.949752153134696,,GOOD,,75.92240373425082,75.89908360696897,0.023320127281849068,GOOD,,19.97398049338237,19.973980493382342,2.842170943040401e-14,GOOD,,342.54570363917566,342.5457036391756,5.684341886080802e-14,GOOD,,345.660909181529,345.66090918152895,5.684341886080802e-14,GOOD,,,,,MISSING,,,,,MISSING,,efd29441e08e7ff01dfc500cf28731b77f2b3d1342de68d53508a04f657e52bf,run_ec8c1d4095ea480a906b81611a7dc932.efd29441e08e7ff01dfc500cf28731b77f2b3d1342de68d53508a04f657e52bf,2026-10-03T10:46:56.548439+00:00,2026-10-03T10:46:56.548439+00:00,2026-01-01T10:35:00.000000+00:00,demo.generator.v2.map.5c262229d3fe,sha256:e0e03a76b126628a9293c6eff54155b21558e908ffbe39b25f6f484ab14839fa,"{""adapter_version"": ""csv.adapter.v2"", ""declared_timezone"": ""Asia/Colombo"", ""mapping_version"": ""5c262229d3fe6a666ae239aa791a2c308149326550fef3fd18c5634474cb8de6"", ""original_row"": {""Ir_A"": ""345.660909181529"", ""Is_A"": ""342.54570363917566"", ""Pr_MW"": ""74.04876076567403"", ""Ps_MW"": ""75.92240373425082"", ""Qr_MVAr"": ""14.949752153134806"", ""Qs_MVAr"": ""19.97398049338237"", ""Vr_kV"": ""126.05991368711244"", ""Vs_kV"": ""132.28121901914184"", ""connection_state"": ""CONNECTED"", ""timestamp"": ""2026-01-01T10:35:00Z""}, ""row_number"": 129, ""terminal_directions"": ""receiving P/Q positive out""}"
2026-01-01T10:40:00.000000+00:00,TL_001,synthetic,SOLVED,rev_6e24672c52e849e3b7890d53aaeb4d40.TL_001,rev_6e24672c52e849e3b7890d53aaeb4d40,126.10291360421036,126.20737787985443,-0.10446427564407657,1.8290368820636047,57.27903317873895,05014d6f66b27398d5c2ae789be40dd0e63fd6044ab307b341b2a40c647709ca,132.27101007166283,,,GOOD,,126.10291360421036,126.20737787985443,-0.10446427564407657,GOOD,,73.64040286651337,73.64040286651337,,GOOD,,14.868080573302676,14.86808057330282,,GOOD,,75.45815506644001,75.46943974857697,-0.0112846821369601,GOOD,,19.798739727968346,19.798739727968726,-3.801403636316536e-13,GOOD,,340.56396983815904,340.5639698381598,-7.389644451905042e-13,GOOD,,343.67419907243305,343.6741990724337,-6.252776074688882e-13,GOOD,,,,,MISSING,,,,,MISSING,,708ac051dc2f16d1dee147a93073347c3436a64860b210b96f070de7a9ebcafc,run_ec8c1d4095ea480a906b81611a7dc932.708ac051dc2f16d1dee147a93073347c3436a64860b210b96f070de7a9ebcafc,2026-10-03T10:46:56.821275+00:00,2026-10-03T10:46:56.821275+00:00,2026-01-01T10:40:00.000000+00:00,demo.generator.v2.map.5c262229d3fe,sha256:e0e03a76b126628a9293c6eff54155b21558e908ffbe39b25f6f484ab14839fa,"{""adapter_version"": ""csv.adapter.v2"", ""declared_timezone"": ""Asia/Colombo"", ""mapping_version"": ""5c262229d3fe6a666ae239aa791a2c308149326550fef3fd18c5634474cb8de6"", ""original_row"": {""Ir_A"": ""343.67419907243305"", ""Is_A"": ""340.56396983815904"", ""Pr_MW"": ""73.64040286651337"", ""Ps_MW"": ""75.45815506644001"", ""Qr_MVAr"": ""14.868080573302676"", ""Qs_MVAr"": ""19.798739727968346"", ""Vr_kV"": ""126.10291360421036"", ""Vs_kV"": ""132.27101007166283"", ""connection_state"": ""CONNECTED"", ""timestamp"": ""2026-01-01T10:40:00Z""}, ""row_number"": 130, ""terminal_directions"": ""receiving P/Q positive out""}"
2026-01-01T10:45:00.000000+00:00,TL_001,synthetic,SOLVED,rev_6e24672c52e849e3b7890d53aaeb4d40.TL_001,rev_6e24672c52e849e3b7890d53aaeb4d40,126.12111207585538,126.23735974583964,-0.11624766998426139,1.8077177864664975,56.94546170969996,05014d6f66b27398d5c2ae789be40dd0e63fd6044ab307b341b2a40c647709ca,132.26071973265158,,,GOOD,,126.12111207585538,126.23735974583964,-0.11624766998426139,GOOD,,73.22878930606323,73.22878930606323,,GOOD,,14.785757861212646,14.785757861212574,,GOOD,,74.99526021827864,75.03650709252973,-0.04124687425108675,GOOD,,19.622700606923004,19.62270060692295,5.3290705182007514e-14,GOOD,,338.56757208024356,338.5675720802435,5.684341886080802e-14,GOOD,,341.67277025819965,341.67277025819976,-1.1368683772161603e-13,GOOD,,,,,MISSING,,,,,MISSING,,686137ca2dbcda0651933fec2d7062c0823bc6f81198b92aab778dbd5dbe8901,run_ec8c1d4095ea480a906b81611a7dc932.686137ca2dbcda0651933fec2d7062c0823bc6f81198b92aab778dbd5dbe8901,2026-10-03T10:46:57.001149+00:00,2026-10-03T10:46:57.001149+00:00,2026-01-01T10:45:00.000000+00:00,demo.generator.v2.map.5c262229d3fe,sha256:e0e03a76b126628a9293c6eff54155b21558e908ffbe39b25f6f484ab14839fa,"{""adapter_version"": ""csv.adapter.v2"", ""declared_timezone"": ""Asia/Colombo"", ""mapping_version"": ""5c262229d3fe6a666ae239aa791a2c308149326550fef3fd18c5634474cb8de6"", ""original_row"": {""Ir_A"": ""341.67277025819965"", ""Is_A"": ""338.56757208024356"", ""Pr_MW"": ""73.22878930606323"", ""Ps_MW"": ""74.99526021827864"", ""Qr_MVAr"": ""14.785757861212646"", ""Qs_MVAr"": ""19.622700606923004"", ""Vr_kV"": ""126.12111207585538"", ""Vs_kV"": ""132.26071973265158"", ""connection_state"": ""CONNECTED"", ""timestamp"": ""2026-01-01T10:45:00Z""}, ""row_number"": 131, ""terminal_directions"": ""receiving P/Q positive out""}"
2026-01-01T10:50:00.000000+00:00,TL_001,synthetic,SOLVED,rev_6e24672c52e849e3b7890d53aaeb4d40.TL_001,rev_6e24672c52e849e3b7890d53aaeb4d40,126.14875114641993,126.26750050530933,-0.11874935888940286,1.7863785979457276,56.609599487543406,05014d6f66b27398d5c2ae789be40dd0e63fd6044ab307b341b2a40c647709ca,132.25035289975213,,,GOOD,,126.14875114641993,126.26750050530933,-0.11874935888940286,GOOD,,72.81411599008547,72.81411599008545,,GOOD,,14.702823198017093,14.702823198017043,,GOOD,,74.59250296333087,74.60049458803118,-0.007991624700309785,GOOD,,19.44595961552435,19.44595961552445,-9.947598300641403e-14,GOOD,,336.5574827907377,336.557482790738,-2.8421709430404007e-13,GOOD,,339.6575969252602,339.6575969252604,-2.2737367544323206e-13,GOOD,,,,,MISSING,,,,,MISSING,,30f2faf4bcb72361c1ac199dc57e8f0956dde5c653e453e832f4db63364261b6,run_ec8c1d4095ea480a906b81611a7dc932.30f2faf4bcb72361c1ac199dc57e8f0956dde5c653e453e832f4db63364261b6,2026-10-03T10:46:57.287569+00:00,2026-10-03T10:46:57.287569+00:00,2026-01-01T10:50:00.000000+00:00,demo.generator.v2.map.5c262229d3fe,sha256:e0e03a76b126628a9293c6eff54155b21558e908ffbe39b25f6f484ab14839fa,"{""adapter_version"": ""csv.adapter.v2"", ""declared_timezone"": ""Asia/Colombo"", ""mapping_version"": ""5c262229d3fe6a666ae239aa791a2c308149326550fef3fd18c5634474cb8de6"", ""original_row"": {""Ir_A"": ""339.6575969252602"", ""Is_A"": ""336.5574827907377"", ""Pr_MW"": ""72.81411599008547"", ""Ps_MW"": ""74.59250296333087"", ""Qr_MVAr"": ""14.702823198017093"", ""Qs_MVAr"": ""19.44595961552435"", ""Vr_kV"": ""126.14875114641993"", ""Vs_kV"": ""132.25035289975213"", ""connection_state"": ""CONNECTED"", ""timestamp"": ""2026-01-01T10:50:00Z""}, ""row_number"": 132, ""terminal_directions"": ""receiving P/Q positive out""}"
2026-01-01T10:55:00.000000+00:00,TL_001,synthetic,SOLVED,rev_6e24672c52e849e3b7890d53aaeb4d40.TL_001,rev_6e24672c52e849e3b7890d53aaeb4d40,126.18802457128011,126.29778459320694,-0.10976002192683154,1.765032185308769,56.27160970095942,05014d6f66b27398d5c2ae789be40dd0e63fd6044ab307b341b2a40c647709ca,132.2399145070155,,,GOOD,,126.18802457128011,126.29778459320694,-0.10976002192683154,GOOD,,72.39658028061983,72.3965802806198,,GOOD,,14.619316056123967,14.619316056123974,,GOOD,,74.14495264936401,74.16161246592857,-0.016659816564555285,GOOD,,19.26861276550827,19.268612765508365,-9.592326932761353e-14,GOOD,,334.53467931501564,334.53467931501575,-1.1368683772161603e-13,GOOD,,337.6296582057563,337.62965820575647,-1.7053025658242404e-13,GOOD,,,,,MISSING,,,,,MISSING,,8b8553f55667e3cc7bdcfd1d6a2044c92297f0df791bca7bc9fa5972c1e029b4,run_ec8c1d4095ea480a906b81611a7dc932.8b8553f55667e3cc7bdcfd1d6a2044c92297f0df791bca7bc9fa5972c1e029b4,2026-10-03T10:46:57.471711+00:00,2026-10-03T10:46:57.471711+00:00,2026-01-01T10:55:00.000000+00:00,demo.generator.v2.map.5c262229d3fe,sha256:e0e03a76b126628a9293c6eff54155b21558e908ffbe39b25f6f484ab14839fa,"{""adapter_version"": ""csv.adapter.v2"", ""declared_timezone"": ""Asia/Colombo"", ""mapping_version"": ""5c262229d3fe6a666ae239aa791a2c308149326550fef3fd18c5634474cb8de6"", ""original_row"": {""Ir_A"": ""337.6296582057563"", ""Is_A"": ""334.53467931501564"", ""Pr_MW"": ""72.39658028061983"", ""Ps_MW"": ""74.14495264936401"", ""Qr_MVAr"": ""14.619316056123967"", ""Qs_MVAr"": ""19.26861276550827"", ""Vr_kV"": ""126.18802457128011"", ""Vs_kV"": ""132.2399145070155"", ""connection_state"": ""CONNECTED"", ""timestamp"": ""2026-01-01T10:55:00Z""}, ""row_number"": 133, ""terminal_directions"": ""receiving P/Q positive out""}"
2026-01-01T11:00:00.000000+00:00,TL_001,synthetic,SOLVED,rev_6e24672c52e849e3b7890d53aaeb4d40.TL_001,rev_6e24672c52e849e3b7890d53aaeb4d40,126.22280361611149,126.32819646475853,-0.10539284864704257,1.74369123195099,55.931656280269046,05014d6f66b27398d5c2ae789be40dd0e63fd6044ab307b341b2a40c647709ca,132.22940952255126,,,GOOD,,126.22280361611149,126.32819646475853,-0.10539284864704257,GOOD,,71.97638090205041,71.97638090205041,,GOOD,,14.535276180410083,14.53527618041014,,GOOD,,73.75045360853598,73.7200721340014,0.030381474534578956,GOOD,,19.0907555289713,19.090755528971393,-9.237055564881302e-14,GOOD,,332.5001434224193,332.50014342241946,-1.7053025658242404e-13,GOOD,,335.58993768161406,335.5899376816143,-2.2737367544323206e-13,GOOD,,,,,MISSING,,,,,MISSING,,41eff3bcc8fc35d86d9ade12aa102406df66014eb3c8444dbaf3cf30ad9bcb20,run_ec8c1d4095ea480a906b81611a7dc932.41eff3bcc8fc35d86d9ade12aa102406df66014eb3c8444dbaf3cf30ad9bcb20,2026-10-03T10:46:57.668758+00:00,2026-10-03T10:46:57.668758+00:00,2026-01-01T11:00:00.000000+00:00,demo.generator.v2.map.5c262229d3fe,sha256:e0e03a76b126628a9293c6eff54155b21558e908ffbe39b25f6f484ab14839fa,"{""adapter_version"": ""csv.adapter.v2"", ""declared_timezone"": ""Asia/Colombo"", ""mapping_version"": ""5c262229d3fe6a666ae239aa791a2c308149326550fef3fd18c5634474cb8de6"", ""original_row"": {""Ir_A"": ""335.58993768161406"", ""Is_A"": ""332.5001434224193"", ""Pr_MW"": ""71.97638090205041"", ""Ps_MW"": ""73.75045360853598"", ""Qr_MVAr"": ""14.535276180410083"", ""Qs_MVAr"": ""19.0907555289713"", ""Vr_kV"": ""126.22280361611149"", ""Vs_kV"": ""132.22940952255126"", ""connection_state"": ""CONNECTED"", ""timestamp"": ""2026-01-01T11:00:00Z""}, ""row_number"": 134, ""terminal_directions"": ""receiving P/Q positive out""}"
2026-01-01T11:05:00.000000+00:00,TL_001,synthetic,SOLVED,rev_6e24672c52e849e3b7890d53aaeb4d40.TL_001,rev_6e24672c52e849e3b7890d53aaeb4d40,126.2465829091045,126.35872060470464,-0.11213769560013986,1.722368225554817,55.589903815017315,05014d6f66b27398d5c2ae789be40dd0e63fd6044ab307b341b2a40c647709ca,132.21884294616308,,,GOOD,,126.2465829091045,126.35872060470464,-0.11213769560013986,GOOD,,71.55371784652347,71.55371784652348,,GOOD,,14.450743569304693,14.450743569304688,,GOOD,,73.28663876433025,73.2760860720783,0.01055269225194877,GOOD,,18.912482774236462,18.91248277423635,1.1368683772161603e-13,GOOD,,330.45486081161033,330.45486081161033,0.0,GOOD,,333.5394228901038,333.53942289010394,-1.1368683772161603e-13,GOOD,,,,,MISSING,,,,,MISSING,,b4fdf15feb24d32bf7d6787b609fb1e95bbd7af59610700bafdce38e1d5f21df,run_ec8c1d4095ea480a906b81611a7dc932.b4fdf15feb24d32bf7d6787b609fb1e95bbd7af59610700bafdce38e1d5f21df,2026-10-03T10:46:57.867464+00:00,2026-10-03T10:46:57.867464+00:00,2026-01-01T11:05:00.000000+00:00,demo.generator.v2.map.5c262229d3fe,sha256:e0e03a76b126628a9293c6eff54155b21558e908ffbe39b25f6f484ab14839fa,"{""adapter_version"": ""csv.adapter.v2"", ""declared_timezone"": ""Asia/Colombo"", ""mapping_version"": ""5c262229d3fe6a666ae239aa791a2c308149326550fef3fd18c5634474cb8de6"", ""original_row"": {""Ir_A"": ""333.5394228901038"", ""Is_A"": ""330.45486081161033"", ""Pr_MW"": ""71.55371784652347"", ""Ps_MW"": ""73.28663876433025"", ""Qr_MVAr"": ""14.450743569304693"", ""Qs_MVAr"": ""18.912482774236462"", ""Vr_kV"": ""126.2465829091045"", ""Vs_kV"": ""132.21884294616308"", ""connection_state"": ""CONNECTED"", ""timestamp"": ""2026-01-01T11:05:00Z""}, ""row_number"": 135, ""terminal_directions"": ""receiving P/Q positive out""}"
2026-01-01T11:10:00.000000+00:00,TL_001,synthetic,SOLVED,rev_6e24672c52e849e3b7890d53aaeb4d40.TL_001,rev_6e24672c52e849e3b7890d53aaeb4d40,126.27473343556078,126.3893415363305,-0.11460810076972905,1.7010754482763275,55.24651747185377,05014d6f66b27398d5c2ae789be40dd0e63fd6044ab307b341b2a40c647709ca,132.20821980696905,,,GOOD,,126.27473343556078,126.3893415363305,-0.11460810076972905,GOOD,,71.12879227876206,71.12879227876205,,GOOD,,14.365758455752413,14.36575845575245,,GOOD,,72.82987025883114,72.82986772703838,2.531792759441487e-06,GOOD,,18.73388870373411,18.733888703734085,2.4868995751603507e-14,GOOD,,328.39982061761015,328.3998206176102,-5.684341886080802e-14,GOOD,,331.47910483112247,331.47910483112264,-1.7053025658242404e-13,GOOD,,,,,MISSING,,,,,MISSING,,06605fc2186dfdcb199bf99675b0ffa677917cd60dd9e57002eb40a37cede569,run_ec8c1d4095ea480a906b81611a7dc932.06605fc2186dfdcb199bf99675b0ffa677917cd60dd9e57002eb40a37cede569,2026-10-03T10:46:58.162995+00:00,2026-10-03T10:46:58.162995+00:00,2026-01-01T11:10:00.000000+00:00,demo.generator.v2.map.5c262229d3fe,sha256:e0e03a76b126628a9293c6eff54155b21558e908ffbe39b25f6f484ab14839fa,"{""adapter_version"": ""csv.adapter.v2"", ""declared_timezone"": ""Asia/Colombo"", ""mapping_version"": ""5c262229d3fe6a666ae239aa791a2c308149326550fef3fd18c5634474cb8de6"", ""original_row"": {""Ir_A"": ""331.47910483112247"", ""Is_A"": ""328.39982061761015"", ""Pr_MW"": ""71.12879227876206"", ""Ps_MW"": ""72.82987025883114"", ""Qr_MVAr"": ""14.365758455752413"", ""Qs_MVAr"": ""18.73388870373411"", ""Vr_kV"": ""126.27473343556078"", ""Vs_kV"": ""132.20821980696905"", ""connection_state"": ""CONNECTED"", ""timestamp"": ""2026-01-01T11:10:00Z""}, ""row_number"": 136, ""terminal_directions"": ""receiving P/Q positive out""}"
2026-01-01T11:15:00.000000+00:00,TL_001,synthetic,SOLVED,rev_6e24672c52e849e3b7890d53aaeb4d40.TL_001,rev_6e24672c52e849e3b7890d53aaeb4d40,126.28951447605819,126.42004383028872,-0.13052935423053214,1.6798249674285017,54.90166291273909,05014d6f66b27398d5c2ae789be40dd0e63fd6044ab307b341b2a40c647709ca,132.19754516100807,,,GOOD,,126.28951447605819,126.42004383028872,-0.13052935423053214,GOOD,,70.70180644032257,70.70180644032253,,GOOD,,14.280361288064514,14.280361288064336,,GOOD,,72.39112623560129,72.38163140775103,0.009494827850261345,GOOD,,18.555066793948036,18.555066793947823,2.1316282072803006e-13,GOOD,,326.33601492076264,326.3360149207623,3.410605131648481e-13,GOOD,,329.40997747643485,329.4099774764345,3.410605131648481e-13,GOOD,,,,,MISSING,,,,,MISSING,,b306c3e3a74dd98f4e228c519f2889662578b7baffa45565ef444237ea4b56f0,run_ec8c1d4095ea480a906b81611a7dc932.b306c3e3a74dd98f4e228c519f2889662578b7baffa45565ef444237ea4b56f0,2026-10-03T10:46:58.537747+00:00,2026-10-03T10:46:58.537747+00:00,2026-01-01T11:15:00.000000+00:00,demo.generator.v2.map.5c262229d3fe,sha256:e0e03a76b126628a9293c6eff54155b21558e908ffbe39b25f6f484ab14839fa,"{""adapter_version"": ""csv.adapter.v2"", ""declared_timezone"": ""Asia/Colombo"", ""mapping_version"": ""5c262229d3fe6a666ae239aa791a2c308149326550fef3fd18c5634474cb8de6"", ""original_row"": {""Ir_A"": ""329.40997747643485"", ""Is_A"": ""326.33601492076264"", ""Pr_MW"": ""70.70180644032257"", ""Ps_MW"": ""72.39112623560129"", ""Qr_MVAr"": ""14.280361288064514"", ""Qs_MVAr"": ""18.555066793948036"", ""Vr_kV"": ""126.28951447605819"", ""Vs_kV"": ""132.19754516100807"", ""connection_state"": ""CONNECTED"", ""timestamp"": ""2026-01-01T11:15:00Z""}, ""row_number"": 137, ""terminal_directions"": ""receiving P/Q positive out""}"
2026-01-01T11:20:00.000000+00:00,TL_001,synthetic,SOLVED,rev_6e24672c52e849e3b7890d53aaeb4d40.TL_001,rev_6e24672c52e849e3b7890d53aaeb4d40,126.33233934479394,126.45081211320887,-0.11847276841493226,1.6586286266691133,54.55550621351585,05014d6f66b27398d5c2ae789be40dd0e63fd6044ab307b341b2a40c647709ca,132.18682408883345,,,GOOD,,126.33233934479394,126.45081211320887,-0.11847276841493226,GOOD,,70.2729635533386,70.27296355333857,,GOOD,,14.19459271066772,14.194592710667662,,GOOD,,71.9943872292756,71.93159218000768,0.06279504926791901,GOOD,,18.37610973747171,18.37610973747168,3.197442310920451e-14,GOOD,,324.26443825784264,324.2644382578427,-5.684341886080802e-14,GOOD,,327.333037281095,327.3330372810951,-5.684341886080802e-14,GOOD,,,,,MISSING,,,,,MISSING,,8f9dea4b158d4ca02fa692c73c83b6c29c7bb3731732d601b6aa14e8cc598ad5,run_ec8c1d4095ea480a906b81611a7dc932.8f9dea4b158d4ca02fa692c73c83b6c29c7bb3731732d601b6aa14e8cc598ad5,2026-10-03T10:46:58.713018+00:00,2026-10-03T10:46:58.713018+00:00,2026-01-01T11:20:00.000000+00:00,demo.generator.v2.map.5c262229d3fe,sha256:e0e03a76b126628a9293c6eff54155b21558e908ffbe39b25f6f484ab14839fa,"{""adapter_version"": ""csv.adapter.v2"", ""declared_timezone"": ""Asia/Colombo"", ""mapping_version"": ""5c262229d3fe6a666ae239aa791a2c308149326550fef3fd18c5634474cb8de6"", ""original_row"": {""Ir_A"": ""327.333037281095"", ""Is_A"": ""324.26443825784264"", ""Pr_MW"": ""70.2729635533386"", ""Ps_MW"": ""71.9943872292756"", ""Qr_MVAr"": ""14.19459271066772"", ""Qs_MVAr"": ""18.37610973747171"", ""Vr_kV"": ""126.33233934479394"", ""Vs_kV"": ""132.18682408883345"", ""connection_state"": ""CONNECTED"", ""timestamp"": ""2026-01-01T11:20:00Z""}, ""row_number"": 138, ""terminal_directions"": ""receiving P/Q positive out""}"
2026-01-01T11:25:00.000000+00:00,TL_001,synthetic,SOLVED,rev_6e24672c52e849e3b7890d53aaeb4d40.TL_001,rev_6e24672c52e849e3b7890d53aaeb4d40,126.39614064186317,126.48163107608985,-0.0854904342266849,1.6374980377006807,54.20821378287831,05014d6f66b27398d5c2ae789be40dd0e63fd6044ab307b341b2a40c647709ca,132.17606169309497,,,GOOD,,126.39614064186317,126.48163107608985,-0.0854904342266849,GOOD,,69.84246772379834,69.84246772379834,,GOOD,,14.108493544759666,14.108493544759677,,GOOD,,71.49154115807568,71.47996576149902,0.011575396576660069,GOOD,,18.197109387216123,18.19710938721615,-2.4868995751603507e-14,GOOD,,322.1860871355299,322.18608713553,-1.1368683772161603e-13,GOOD,,325.2492826972697,325.2492826972699,-2.2737367544323206e-13,GOOD,,,,,MISSING,,,,,MISSING,,50db502c1a54b7a866448288179e3a32ec59a27381aaec5547f41fabd0f97565,run_ec8c1d4095ea480a906b81611a7dc932.50db502c1a54b7a866448288179e3a32ec59a27381aaec5547f41fabd0f97565,2026-10-03T10:46:59.013660+00:00,2026-10-03T10:46:59.013660+00:00,2026-01-01T11:25:00.000000+00:00,demo.generator.v2.map.5c262229d3fe,sha256:e0e03a76b126628a9293c6eff54155b21558e908ffbe39b25f6f484ab14839fa,"{""adapter_version"": ""csv.adapter.v2"", ""declared_timezone"": ""Asia/Colombo"", ""mapping_version"": ""5c262229d3fe6a666ae239aa791a2c308149326550fef3fd18c5634474cb8de6"", ""original_row"": {""Ir_A"": ""325.2492826972697"", ""Is_A"": ""322.1860871355299"", ""Pr_MW"": ""69.84246772379834"", ""Ps_MW"": ""71.49154115807568"", ""Qr_MVAr"": ""14.108493544759666"", ""Qs_MVAr"": ""18.197109387216123"", ""Vr_kV"": ""126.39614064186317"", ""Vs_kV"": ""132.17606169309497"", ""connection_state"": ""CONNECTED"", ""timestamp"": ""2026-01-01T11:25:00Z""}, ""row_number"": 139, ""terminal_directions"": ""receiving P/Q positive out""}"
2026-01-01T11:30:00.000000+00:00,TL_001,synthetic,SOLVED,rev_6e24672c52e849e3b7890d53aaeb4d40.TL_001,rev_6e24672c52e849e3b7890d53aaeb4d40,126.37983486212003,126.51248548246953,-0.13265062034949437,1.6164445724884189,53.85995228177719,05014d6f66b27398d5c2ae789be40dd0e63fd6044ab307b341b2a40c647709ca,132.16526309611,,,GOOD,,126.37983486212003,126.51248548246953,-0.13265062034949437,GOOD,,69.41052384440103,69.41052384440103,,GOOD,,14.022104768880206,14.022104768880078,,GOOD,,70.99359607272993,71.02696841688945,-0.03337234415951684,GOOD,,18.01815670280352,18.018156702803548,-2.842170943040401e-14,GOOD,,320.1019595464508,320.1019595464509,-1.1368683772161603e-13,GOOD,,323.15971369066307,323.1597136906631,-5.684341886080802e-14,GOOD,,,,,MISSING,,,,,MISSING,,d70fba079279c91c828086f682b22b8d9ce4368fcf883063afd1196ea3d5b0c2,run_ec8c1d4095ea480a906b81611a7dc932.d70fba079279c91c828086f682b22b8d9ce4368fcf883063afd1196ea3d5b0c2,2026-10-03T10:46:59.218638+00:00,2026-10-03T10:46:59.218638+00:00,2026-01-01T11:30:00.000000+00:00,demo.generator.v2.map.5c262229d3fe,sha256:e0e03a76b126628a9293c6eff54155b21558e908ffbe39b25f6f484ab14839fa,"{""adapter_version"": ""csv.adapter.v2"", ""declared_timezone"": ""Asia/Colombo"", ""mapping_version"": ""5c262229d3fe6a666ae239aa791a2c308149326550fef3fd18c5634474cb8de6"", ""original_row"": {""Ir_A"": ""323.15971369066307"", ""Is_A"": ""320.1019595464508"", ""Pr_MW"": ""69.41052384440103"", ""Ps_MW"": ""70.99359607272993"", ""Qr_MVAr"": ""14.022104768880206"", ""Qs_MVAr"": ""18.01815670280352"", ""Vr_kV"": ""126.37983486212003"", ""Vs_kV"": ""132.16526309611"", ""connection_state"": ""CONNECTED"", ""timestamp"": ""2026-01-01T11:30:00Z""}, ""row_number"": 140, ""terminal_directions"": ""receiving P/Q positive out""}"
2026-01-01T11:35:00.000000+00:00,TL_001,synthetic,SOLVED,rev_6e24672c52e849e3b7890d53aaeb4d40.TL_001,rev_6e24672c52e849e3b7890d53aaeb4d40,126.44936037292844,126.54336017636956,-0.0939998034411218,1.5954793560011211,53.5108885432911,05014d6f66b27398d5c2ae789be40dd0e63fd6044ab307b341b2a40c647709ca,132.15443343742598,,,GOOD,,126.44936037292844,126.54336017636956,-0.0939998034411218,GOOD,,68.97733749703929,68.97733749703929,,GOOD,,13.935467499407858,13.935467499407755,,GOOD,,70.58069932979478,70.57281685304041,0.007882476754375034,GOOD,,17.83934169917992,17.839341699179947,-2.842170943040401e-14,GOOD,,318.01305448798934,318.0130544879897,-3.410605131648481e-13,GOOD,,321.0653312597463,321.06533125974664,-3.410605131648481e-13,GOOD,,,,,MISSING,,,,,MISSING,,f30de65a7df7479a539ee1b4c76af124a6b70469430b827ca631797f49293e2b,run_ec8c1d4095ea480a906b81611a7dc932.f30de65a7df7479a539ee1b4c76af124a6b70469430b827ca631797f49293e2b,2026-10-03T10:46:59.498559+00:00,2026-10-03T10:46:59.498559+00:00,2026-01-01T11:35:00.000000+00:00,demo.generator.v2.map.5c262229d3fe,sha256:e0e03a76b126628a9293c6eff54155b21558e908ffbe39b25f6f484ab14839fa,"{""adapter_version"": ""csv.adapter.v2"", ""declared_timezone"": ""Asia/Colombo"", ""mapping_version"": ""5c262229d3fe6a666ae239aa791a2c308149326550fef3fd18c5634474cb8de6"", ""original_row"": {""Ir_A"": ""321.0653312597463"", ""Is_A"": ""318.01305448798934"", ""Pr_MW"": ""68.97733749703929"", ""Ps_MW"": ""70.58069932979478"", ""Qr_MVAr"": ""13.935467499407858"", ""Qs_MVAr"": ""17.83934169917992"", ""Vr_kV"": ""126.44936037292844"", ""Vs_kV"": ""132.15443343742598"", ""connection_state"": ""CONNECTED"", ""timestamp"": ""2026-01-01T11:35:00Z""}, ""row_number"": 141, ""terminal_directions"": ""receiving P/Q positive out""}"
2026-01-01T11:40:00.000000+00:00,TL_001,synthetic,SOLVED,rev_6e24672c52e849e3b7890d53aaeb4d40.TL_001,rev_6e24672c52e849e3b7890d53aaeb4d40,126.46558607293329,126.57424009001045,-0.10865401707715705,1.5746132594790652,53.161189492996755,05014d6f66b27398d5c2ae789be40dd0e63fd6044ab307b341b2a40c647709ca,132.14357787137382,,,GOOD,,126.46558607293329,126.57424009001045,-0.10865401707715705,GOOD,,68.54311485495316,68.54311485495317,,GOOD,,13.848622970990633,13.848622970990752,,GOOD,,70.065390534823,70.11772811443224,-0.05233757960924379,GOOD,,17.660753397472195,17.66075339747235,-1.5631940186722204e-13,GOOD,,315.92037148405836,315.9203714840586,-2.2737367544323206e-13,GOOD,,318.96713695798013,318.96713695798053,-3.979039320256561e-13,GOOD,,,,,MISSING,,,,,MISSING,,e5eaad4f01b5306796731778ec5dc16fd8b839ca30012656ff11289d0a2936c8,run_ec8c1d4095ea480a906b81611a7dc932.e5eaad4f01b5306796731778ec5dc16fd8b839ca30012656ff11289d0a2936c8,2026-10-03T10:46:59.768495+00:00,2026-10-03T10:46:59.768495+00:00,2026-01-01T11:40:00.000000+00:00,demo.generator.v2.map.5c262229d3fe,sha256:e0e03a76b126628a9293c6eff54155b21558e908ffbe39b25f6f484ab14839fa,"{""adapter_version"": ""csv.adapter.v2"", ""declared_timezone"": ""Asia/Colombo"", ""mapping_version"": ""5c262229d3fe6a666ae239aa791a2c308149326550fef3fd18c5634474cb8de6"", ""original_row"": {""Ir_A"": ""318.96713695798013"", ""Is_A"": ""315.92037148405836"", ""Pr_MW"": ""68.54311485495316"", ""Ps_MW"": ""70.065390534823"", ""Qr_MVAr"": ""13.848622970990633"", ""Qs_MVAr"": ""17.660753397472195"", ""Vr_kV"": ""126.46558607293329"", ""Vs_kV"": ""132.14357787137382"", ""connection_state"": ""CONNECTED"", ""timestamp"": ""2026-01-01T11:40:00Z""}, ""row_number"": 142, ""terminal_directions"": ""receiving P/Q positive out""}"
2026-01-01T11:45:00.000000+00:00,TL_001,synthetic,SOLVED,rev_6e24672c52e849e3b7890d53aaeb4d40.TL_001,rev_6e24672c52e849e3b7890d53aaeb4d40,126.50496708351075,126.60511025129495,-0.10014316778419641,1.5538568942321405,52.81102206986803,05014d6f66b27398d5c2ae789be40dd0e63fd6044ab307b341b2a40c647709ca,132.13270156461508,,,GOOD,,126.50496708351075,126.60511025129495,-0.10014316778419641,GOOD,,68.10806258460286,68.10806258460288,,GOOD,,13.761612516920573,13.761612516920607,,GOOD,,69.67555208898139,69.66191947883502,0.013632610146373736,GOOD,,17.48247977811162,17.48247977811179,-1.7053025658242404e-13,GOOD,,313.8249101100087,313.8249101100091,-3.979039320256561e-13,GOOD,,316.8661324192079,316.8661324192082,-3.410605131648481e-13,GOOD,,,,,MISSING,,,,,MISSING,,3b2fd7f072811858f5b63654b233a6ec69d886b5c331db86ca36a5cff5ca5da3,run_ec8c1d4095ea480a906b81611a7dc932.3b2fd7f072811858f5b63654b233a6ec69d886b5c331db86ca36a5cff5ca5da3,2026-10-03T10:47:00.037314+00:00,2026-10-03T10:47:00.037314+00:00,2026-01-01T11:45:00.000000+00:00,demo.generator.v2.map.5c262229d3fe,sha256:e0e03a76b126628a9293c6eff54155b21558e908ffbe39b25f6f484ab14839fa,"{""adapter_version"": ""csv.adapter.v2"", ""declared_timezone"": ""Asia/Colombo"", ""mapping_version"": ""5c262229d3fe6a666ae239aa791a2c308149326550fef3fd18c5634474cb8de6"", ""original_row"": {""Ir_A"": ""316.8661324192079"", ""Is_A"": ""313.8249101100087"", ""Pr_MW"": ""68.10806258460286"", ""Ps_MW"": ""69.67555208898139"", ""Qr_MVAr"": ""13.761612516920573"", ""Qs_MVAr"": ""17.48247977811162"", ""Vr_kV"": ""126.50496708351075"", ""Vs_kV"": ""132.13270156461508"", ""connection_state"": ""CONNECTED"", ""timestamp"": ""2026-01-01T11:45:00Z""}, ""row_number"": 143, ""terminal_directions"": ""receiving P/Q positive out""}"
2026-01-01T11:50:00.000000+00:00,TL_001,synthetic,SOLVED,rev_6e24672c52e849e3b7890d53aaeb4d40.TL_001,rev_6e24672c52e849e3b7890d53aaeb4d40,126.49461956511588,126.63595579105686,-0.14133622594097517,1.5332206059692766,52.460553147733435,05014d6f66b27398d5c2ae789be40dd0e63fd6044ab307b341b2a40c647709ca,132.12180969368265,,,GOOD,,126.49461956511588,126.63595579105686,-0.14133622594097517,GOOD,,67.67238774730671,67.67238774730674,,GOOD,,13.674477549461344,13.674477549461429,,GOOD,,69.19146260905252,69.20560835327602,-0.014145744223498014,GOOD,,17.304607736243934,17.304607736244073,-1.3855583347321954e-13,GOOD,,311.7276695208592,311.7276695208595,-2.8421709430404007e-13,GOOD,,314.76331888640027,314.76331888640055,-2.8421709430404007e-13,GOOD,,,,,MISSING,,,,,MISSING,,25db835787d84e6dd6f5fcfba2f6ddb0b0188794c857f158c517c6575b358f49,run_ec8c1d4095ea480a906b81611a7dc932.25db835787d84e6dd6f5fcfba2f6ddb0b0188794c857f158c517c6575b358f49,2026-10-03T10:47:00.327884+00:00,2026-10-03T10:47:00.327884+00:00,2026-01-01T11:50:00.000000+00:00,demo.generator.v2.map.5c262229d3fe,sha256:e0e03a76b126628a9293c6eff54155b21558e908ffbe39b25f6f484ab14839fa,"{""adapter_version"": ""csv.adapter.v2"", ""declared_timezone"": ""Asia/Colombo"", ""mapping_version"": ""5c262229d3fe6a666ae239aa791a2c308149326550fef3fd18c5634474cb8de6"", ""original_row"": {""Ir_A"": ""314.76331888640027"", ""Is_A"": ""311.7276695208592"", ""Pr_MW"": ""67.67238774730671"", ""Ps_MW"": ""69.19146260905252"", ""Qr_MVAr"": ""13.674477549461344"", ""Qs_MVAr"": ""17.304607736243934"", ""Vr_kV"": ""126.49461956511588"", ""Vs_kV"": ""132.12180969368265"", ""connection_state"": ""CONNECTED"", ""timestamp"": ""2026-01-01T11:50:00Z""}, ""row_number"": 144, ""terminal_directions"": ""receiving P/Q positive out""}"
2026-01-01T11:55:00.000000+00:00,TL_001,synthetic,SOLVED,rev_6e24672c52e849e3b7890d53aaeb4d40.TL_001,rev_6e24672c52e849e3b7890d53aaeb4d40,126.55247259186189,126.66676195007405,-0.11428935821216157,1.512714469661546,52.1099494573178,05014d6f66b27398d5c2ae789be40dd0e63fd6044ab307b341b2a40c647709ca,132.1109074425173,,,GOOD,,126.55247259186189,126.66676195007405,-0.11428935821216157,GOOD,,67.23629770069122,67.23629770069121,,GOOD,,13.587259540138245,13.587259540138207,,GOOD,,68.75058617430344,68.74901217035276,0.0015740039506795256,GOOD,,17.12722303943574,17.12722303943572,2.1316282072803006e-14,GOOD,,309.62964798300345,309.62964798300345,0.0,GOOD,,312.6596967439067,312.6596967439068,-1.1368683772161603e-13,GOOD,,,,,MISSING,,,,,MISSING,,d9258f8bcbfc542e52377645e7aa266d75c195fa42a35a8e2ff4870702e6d3bc,run_ec8c1d4095ea480a906b81611a7dc932.d9258f8bcbfc542e52377645e7aa266d75c195fa42a35a8e2ff4870702e6d3bc,2026-10-03T10:47:00.625687+00:00,2026-10-03T10:47:00.625687+00:00,2026-01-01T11:55:00.000000+00:00,demo.generator.v2.map.5c262229d3fe,sha256:e0e03a76b126628a9293c6eff54155b21558e908ffbe39b25f6f484ab14839fa,"{""adapter_version"": ""csv.adapter.v2"", ""declared_timezone"": ""Asia/Colombo"", ""mapping_version"": ""5c262229d3fe6a666ae239aa791a2c308149326550fef3fd18c5634474cb8de6"", ""original_row"": {""Ir_A"": ""312.6596967439067"", ""Is_A"": ""309.62964798300345"", ""Pr_MW"": ""67.23629770069122"", ""Ps_MW"": ""68.75058617430344"", ""Qr_MVAr"": ""13.587259540138245"", ""Qs_MVAr"": ""17.12722303943574"", ""Vr_kV"": ""126.55247259186189"", ""Vs_kV"": ""132.1109074425173"", ""connection_state"": ""CONNECTED"", ""timestamp"": ""2026-01-01T11:55:00Z""}, ""row_number"": 145, ""terminal_directions"": ""receiving P/Q positive out""}"
2026-01-01T12:00:00.000000+00:00,TL_001,synthetic,SOLVED,rev_6e24672c52e849e3b7890d53aaeb4d40.TL_001,rev_6e24672c52e849e3b7890d53aaeb4d40,126.57167066212686,126.69751408584294,-0.12584342371607704,1.4923482849370373,51.75937750889694,05014d6f66b27398d5c2ae789be40dd0e63fd6044ab307b341b2a40c647709ca,132.1,,,GOOD,,126.57167066212686,126.69751408584294,-0.12584342371607704,GOOD,,66.8,66.80000000000003,,GOOD,,13.5,13.500000000000073,,GOOD,,68.28924363689505,68.29234828493706,-0.003104648042011604,GOOD,,16.950410287690232,16.950410287690232,0.0,GOOD,,307.5318424095645,307.5318424095646,-1.1368683772161603e-13,GOOD,,310.5562650533815,310.55626505338165,-1.7053025658242404e-13,GOOD,,,,,MISSING,,,,,MISSING,,f38ea63674e5e02a758508b5ccdf625ab4a66885caecb254983e0fde811a63aa,run_ec8c1d4095ea480a906b81611a7dc932.f38ea63674e5e02a758508b5ccdf625ab4a66885caecb254983e0fde811a63aa,2026-10-03T10:47:00.843347+00:00,2026-10-03T10:47:00.843347+00:00,2026-01-01T12:00:00.000000+00:00,demo.generator.v2.map.5c262229d3fe,sha256:e0e03a76b126628a9293c6eff54155b21558e908ffbe39b25f6f484ab14839fa,"{""adapter_version"": ""csv.adapter.v2"", ""declared_timezone"": ""Asia/Colombo"", ""mapping_version"": ""5c262229d3fe6a666ae239aa791a2c308149326550fef3fd18c5634474cb8de6"", ""original_row"": {""Ir_A"": ""310.5562650533815"", ""Is_A"": ""307.5318424095645"", ""Pr_MW"": ""66.8"", ""Ps_MW"": ""68.28924363689505"", ""Qr_MVAr"": ""13.5"", ""Qs_MVAr"": ""16.950410287690232"", ""Vr_kV"": ""126.57167066212686"", ""Vs_kV"": ""132.1"", ""connection_state"": ""CONNECTED"", ""timestamp"": ""2026-01-01T12:00:00Z""}, ""row_number"": 146, ""terminal_directions"": ""receiving P/Q positive out""}"
2026-01-01T12:05:00.000000+00:00,TL_001,synthetic,SOLVED,rev_6e24672c52e849e3b7890d53aaeb4d40.TL_001,rev_6e24672c52e849e3b7890d53aaeb4d40,126.60272183385031,126.72819767911517,-0.12547584526485878,1.4721315720082941,51.409003515587294,05014d6f66b27398d5c2ae789be40dd0e63fd6044ab307b341b2a40c647709ca,132.0890925574827,,,GOOD,,126.60272183385031,126.72819767911517,-0.12547584526485878,GOOD,,66.36370229930878,66.36370229930878,,GOOD,,13.412740459861755,13.412740459861647,,GOOD,,67.84041074668016,67.83583387131708,0.004576875363085264,GOOD,,16.774252875773435,16.774252875773303,1.3145040611561853e-13,GOOD,,305.4352478995385,305.4352478995384,1.1368683772161603e-13,GOOD,,308.4540210935238,308.4540210935237,1.1368683772161603e-13,GOOD,,,,,MISSING,,,,,MISSING,,a63daccb9f34570b3e144d95b2e3f8fecc09d69b72fe7be9783b0eb3d1e32732,run_ec8c1d4095ea480a906b81611a7dc932.a63daccb9f34570b3e144d95b2e3f8fecc09d69b72fe7be9783b0eb3d1e32732,2026-10-03T10:47:01.073332+00:00,2026-10-03T10:47:01.073332+00:00,2026-01-01T12:05:00.000000+00:00,demo.generator.v2.map.5c262229d3fe,sha256:e0e03a76b126628a9293c6eff54155b21558e908ffbe39b25f6f484ab14839fa,"{""adapter_version"": ""csv.adapter.v2"", ""declared_timezone"": ""Asia/Colombo"", ""mapping_version"": ""5c262229d3fe6a666ae239aa791a2c308149326550fef3fd18c5634474cb8de6"", ""original_row"": {""Ir_A"": ""308.4540210935238"", ""Is_A"": ""305.4352478995385"", ""Pr_MW"": ""66.36370229930878"", ""Ps_MW"": ""67.84041074668016"", ""Qr_MVAr"": ""13.412740459861755"", ""Qs_MVAr"": ""16.774252875773435"", ""Vr_kV"": ""126.60272183385031"", ""Vs_kV"": ""132.0890925574827"", ""connection_state"": ""CONNECTED"", ""timestamp"": ""2026-01-01T12:05:00Z""}, ""row_number"": 147, ""terminal_directions"": ""receiving P/Q positive out""}"
2026-01-01T12:10:00.000000+00:00,TL_001,synthetic,SOLVED,rev_6e24672c52e849e3b7890d53aaeb4d40.TL_001,rev_6e24672c52e849e3b7890d53aaeb4d40,126.66735579190633,126.75879834019374,-0.09144254828740372,1.4520735681288954,51.058993317297876,05014d6f66b27398d5c2ae789be40dd0e63fd6044ab307b341b2a40c647709ca,132.07819030631734,,,GOOD,,126.66735579190633,126.75879834019374,-0.09144254828740372,GOOD,,65.92761225269328,65.92761225269331,,GOOD,,13.325522450538656,13.325522450538859,,GOOD,,67.30268606759424,67.3796858208222,-0.07699975322796604,GOOD,,16.598832957855386,16.59883295785559,-2.0250467969162855e-13,GOOD,,303.3408572808842,303.3408572808846,-3.979039320256561e-13,GOOD,,306.3539599037868,306.3539599037872,-3.979039320256561e-13,GOOD,,,,,MISSING,,,,,MISSING,,a85c3125f021659efa0bd635739bfeefe5e23eaa4be861301d00c0442a8c1192,run_ec8c1d4095ea480a906b81611a7dc932.a85c3125f021659efa0bd635739bfeefe5e23eaa4be861301d00c0442a8c1192,2026-10-03T10:47:01.252344+00:00,2026-10-03T10:47:01.252344+00:00,2026-01-01T12:10:00.000000+00:00,demo.generator.v2.map.5c262229d3fe,sha256:e0e03a76b126628a9293c6eff54155b21558e908ffbe39b25f6f484ab14839fa,"{""adapter_version"": ""csv.adapter.v2"", ""declared_timezone"": ""Asia/Colombo"", ""mapping_version"": ""5c262229d3fe6a666ae239aa791a2c308149326550fef3fd18c5634474cb8de6"", ""original_row"": {""Ir_A"": ""306.3539599037868"", ""Is_A"": ""303.3408572808842"", ""Pr_MW"": ""65.92761225269328"", ""Ps_MW"": ""67.30268606759424"", ""Qr_MVAr"": ""13.325522450538656"", ""Qs_MVAr"": ""16.598832957855386"", ""Vr_kV"": ""126.66735579190633"", ""Vs_kV"": ""132.07819030631734"", ""connection_state"": ""CONNECTED"", ""timestamp"": ""2026-01-01T12:10:00Z""}, ""row_number"": 148, ""terminal_directions"": ""receiving P/Q positive out""}"
2026-01-01T12:15:00.000000+00:00,TL_001,synthetic,SOLVED,rev_6e24672c52e849e3b7890d53aaeb4d40.TL_001,rev_6e24672c52e849e3b7890d53aaeb4d40,126.6632567471157,126.7893018149905,-0.12604506787479863,1.432183224577102,50.70951230536357,05014d6f66b27398d5c2ae789be40dd0e63fd6044ab307b341b2a40c647709ca,132.0672984353849,,,GOOD,,126.6632567471157,126.7893018149905,-0.12604506787479863,GOOD,,65.49193741539713,65.49193741539713,,GOOD,,13.238387483079427,13.238387483079473,,GOOD,,66.92941601261542,66.92412063997423,0.005295372641185736,GOOD,,16.42423141445944,16.424231414459488,-4.618527782440651e-14,GOOD,,301.2496606576892,301.2496606576892,0.0,GOOD,,304.2570738321814,304.25707383218145,-5.684341886080802e-14,GOOD,,,,,MISSING,,,,,MISSING,,78e398e247dcf5383632181b52a53332bdaa50f6d3bae027240be368ddae0761,run_ec8c1d4095ea480a906b81611a7dc932.78e398e247dcf5383632181b52a53332bdaa50f6d3bae027240be368ddae0761,2026-10-03T10:47:01.425785+00:00,2026-10-03T10:47:01.425785+00:00,2026-01-01T12:15:00.000000+00:00,demo.generator.v2.map.5c262229d3fe,sha256:e0e03a76b126628a9293c6eff54155b21558e908ffbe39b25f6f484ab14839fa,"{""adapter_version"": ""csv.adapter.v2"", ""declared_timezone"": ""Asia/Colombo"", ""mapping_version"": ""5c262229d3fe6a666ae239aa791a2c308149326550fef3fd18c5634474cb8de6"", ""original_row"": {""Ir_A"": ""304.2570738321814"", ""Is_A"": ""301.2496606576892"", ""Pr_MW"": ""65.49193741539713"", ""Ps_MW"": ""66.92941601261542"", ""Qr_MVAr"": ""13.238387483079427"", ""Qs_MVAr"": ""16.42423141445944"", ""Vr_kV"": ""126.6632567471157"", ""Vs_kV"": ""132.0672984353849"", ""connection_state"": ""CONNECTED"", ""timestamp"": ""2026-01-01T12:15:00Z""}, ""row_number"": 149, ""terminal_directions"": ""receiving P/Q positive out""}"
2026-01-01T12:20:00.000000+00:00,TL_001,synthetic,SOLVED,rev_6e24672c52e849e3b7890d53aaeb4d40.TL_001,rev_6e24672c52e849e3b7890d53aaeb4d40,126.7038707557823,126.81969399084355,-0.11582323506124226,1.4124692041622637,50.360725347884895,05014d6f66b27398d5c2ae789be40dd0e63fd6044ab307b341b2a40c647709ca,132.05642212862617,,,GOOD,,126.7038707557823,126.81969399084355,-0.11582323506124226,GOOD,,65.05688514504683,65.0568851450468,,GOOD,,13.151377029009367,13.151377029009371,,GOOD,,66.45819691176945,66.46935434920907,-0.011157437439621276,GOOD,,16.25052782171415,16.250527821714087,6.394884621840902e-14,GOOD,,299.162644961549,299.1626449615489,1.1368683772161603e-13,GOOD,,302.16435208730957,302.16435208730934,2.2737367544323206e-13,GOOD,,,,,MISSING,,,,,MISSING,,d48944cc9a12772f3cf6019f95694eb2c333403b2b3b35caf874bfb6615466f4,run_ec8c1d4095ea480a906b81611a7dc932.d48944cc9a12772f3cf6019f95694eb2c333403b2b3b35caf874bfb6615466f4,2026-10-03T10:47:01.683967+00:00,2026-10-03T10:47:01.683967+00:00,2026-01-01T12:20:00.000000+00:00,demo.generator.v2.map.5c262229d3fe,sha256:e0e03a76b126628a9293c6eff54155b21558e908ffbe39b25f6f484ab14839fa,"{""adapter_version"": ""csv.adapter.v2"", ""declared_timezone"": ""Asia/Colombo"", ""mapping_version"": ""5c262229d3fe6a666ae239aa791a2c308149326550fef3fd18c5634474cb8de6"", ""original_row"": {""Ir_A"": ""302.16435208730957"", ""Is_A"": ""299.162644961549"", ""Pr_MW"": ""65.05688514504683"", ""Ps_MW"": ""66.45819691176945"", ""Qr_MVAr"": ""13.151377029009367"", ""Qs_MVAr"": ""16.25052782171415"", ""Vr_kV"": ""126.7038707557823"", ""Vs_kV"": ""132.05642212862617"", ""connection_state"": ""CONNECTED"", ""timestamp"": ""2026-01-01T12:20:00Z""}, ""row_number"": 150, ""terminal_directions"": ""receiving P/Q positive out""}"
2026-01-01T12:25:00.000000+00:00,TL_001,synthetic,SOLVED,rev_6e24672c52e849e3b7890d53aaeb4d40.TL_001,rev_6e24672c52e849e3b7890d53aaeb4d40,126.69264912894913,126.8499609020957,-0.1573117731465743,1.3929398792495675,50.01279671579204,05014d6f66b27398d5c2ae789be40dd0e63fd6044ab307b341b2a40c647709ca,132.045566562574,,,GOOD,,126.69264912894913,126.8499609020957,-0.1573117731465743,GOOD,,64.62266250296071,64.62266250296071,,GOOD,,13.064532500592144,13.064532500592133,,GOOD,,66.02544224672171,66.01560238221028,0.00983986451143437,GOOD,,16.077800422896335,16.07780042289634,-3.552713678800501e-15,GOOD,,297.08079350728866,297.08079350728866,0.0,GOOD,,300.07678029475204,300.0767802947522,-1.7053025658242404e-13,GOOD,,,,,MISSING,,,,,MISSING,,d59269fc35469e9ef1883ae83f24f18668aa2e197f163587e439132816338e13,run_ec8c1d4095ea480a906b81611a7dc932.d59269fc35469e9ef1883ae83f24f18668aa2e197f163587e439132816338e13,2026-10-03T10:47:01.933525+00:00,2026-10-03T10:47:01.933525+00:00,2026-01-01T12:25:00.000000+00:00,demo.generator.v2.map.5c262229d3fe,sha256:e0e03a76b126628a9293c6eff54155b21558e908ffbe39b25f6f484ab14839fa,"{""adapter_version"": ""csv.adapter.v2"", ""declared_timezone"": ""Asia/Colombo"", ""mapping_version"": ""5c262229d3fe6a666ae239aa791a2c308149326550fef3fd18c5634474cb8de6"", ""original_row"": {""Ir_A"": ""300.07678029475204"", ""Is_A"": ""297.08079350728866"", ""Pr_MW"": ""64.62266250296071"", ""Ps_MW"": ""66.02544224672171"", ""Qr_MVAr"": ""13.064532500592144"", ""Qs_MVAr"": ""16.077800422896335"", ""Vr_kV"": ""126.69264912894913"", ""Vs_kV"": ""132.045566562574"", ""connection_state"": ""CONNECTED"", ""timestamp"": ""2026-01-01T12:25:00Z""}, ""row_number"": 151, ""terminal_directions"": ""receiving P/Q positive out""}"
2026-01-01T12:30:00.000000+00:00,TL_001,synthetic,SOLVED,rev_6e24672c52e849e3b7890d53aaeb4d40.TL_001,rev_6e24672c52e849e3b7890d53aaeb4d40,126.79202521587493,126.88008873543605,-0.08806351956111769,1.3736033302974562,49.66589000965385,05014d6f66b27398d5c2ae789be40dd0e63fd6044ab307b341b2a40c647709ca,132.03473690388998,,,GOOD,,126.79202521587493,126.88008873543605,-0.08806351956111769,GOOD,,64.18947615559897,64.189476155599,,GOOD,,12.977895231119795,12.97789523111982,,GOOD,,65.51706364374897,65.56307948589645,-0.046015842147483,GOOD,,15.906126102249791,15.90612610224972,7.105427357601002e-14,GOOD,,295.0050855531448,295.00508555314474,5.684341886080802e-14,GOOD,,297.99534005792304,297.9953400579231,-5.684341886080802e-14,GOOD,,,,,MISSING,,,,,MISSING,,86314711596c91f87df03df6c19d7ddd3db1286474f4969469304edb64a5f60d,run_ec8c1d4095ea480a906b81611a7dc932.86314711596c91f87df03df6c19d7ddd3db1286474f4969469304edb64a5f60d,2026-10-03T10:47:02.185156+00:00,2026-10-03T10:47:02.185156+00:00,2026-01-01T12:30:00.000000+00:00,demo.generator.v2.map.5c262229d3fe,sha256:e0e03a76b126628a9293c6eff54155b21558e908ffbe39b25f6f484ab14839fa,"{""adapter_version"": ""csv.adapter.v2"", ""declared_timezone"": ""Asia/Colombo"", ""mapping_version"": ""5c262229d3fe6a666ae239aa791a2c308149326550fef3fd18c5634474cb8de6"", ""original_row"": {""Ir_A"": ""297.99534005792304"", ""Is_A"": ""295.0050855531448"", ""Pr_MW"": ""64.18947615559897"", ""Ps_MW"": ""65.51706364374897"", ""Qr_MVAr"": ""12.977895231119795"", ""Qs_MVAr"": ""15.906126102249791"", ""Vr_kV"": ""126.79202521587493"", ""Vs_kV"": ""132.03473690388998"", ""connection_state"": ""CONNECTED"", ""timestamp"": ""2026-01-01T12:30:00Z""}, ""row_number"": 152, ""terminal_directions"": ""receiving P/Q positive out""}"
2026-01-01T12:35:00.000000+00:00,TL_001,synthetic,SOLVED,rev_6e24672c52e849e3b7890d53aaeb4d40.TL_001,rev_6e24672c52e849e3b7890d53aaeb4d40,126.80429792755369,126.91006383500354,-0.10576590744985026,1.3544673449008613,49.320168087250984,05014d6f66b27398d5c2ae789be40dd0e63fd6044ab307b341b2a40c647709ca,132.02393830690502,,,GOOD,,126.80429792755369,126.91006383500354,-0.10576590744985026,GOOD,,63.75753227620167,63.75753227620168,,GOOD,,12.891506455240334,12.89150645524022,,GOOD,,65.10214386440882,65.11199962110254,-0.009855756693724516,GOOD,,15.73558036105988,15.735580361059792,8.704148513061227e-14,GOOD,,292.9364958655248,292.93649586552493,-1.1368683772161603e-13,GOOD,,295.92100852350586,295.9210085235059,-5.684341886080802e-14,GOOD,,,,,MISSING,,,,,MISSING,,c4be241ed13f99a52309606499fa2ac1d8ff0f9b6cd63eac3e3da74b68434a4b,run_ec8c1d4095ea480a906b81611a7dc932.c4be241ed13f99a52309606499fa2ac1d8ff0f9b6cd63eac3e3da74b68434a4b,2026-10-03T10:47:02.432320+00:00,2026-10-03T10:47:02.432320+00:00,2026-01-01T12:35:00.000000+00:00,demo.generator.v2.map.5c262229d3fe,sha256:e0e03a76b126628a9293c6eff54155b21558e908ffbe39b25f6f484ab14839fa,"{""adapter_version"": ""csv.adapter.v2"", ""declared_timezone"": ""Asia/Colombo"", ""mapping_version"": ""5c262229d3fe6a666ae239aa791a2c308149326550fef3fd18c5634474cb8de6"", ""original_row"": {""Ir_A"": ""295.92100852350586"", ""Is_A"": ""292.9364958655248"", ""Pr_MW"": ""63.75753227620167"", ""Ps_MW"": ""65.10214386440882"", ""Qr_MVAr"": ""12.891506455240334"", ""Qs_MVAr"": ""15.73558036105988"", ""Vr_kV"": ""126.80429792755369"", ""Vs_kV"": ""132.02393830690502"", ""connection_state"": ""CONNECTED"", ""timestamp"": ""2026-01-01T12:35:00Z""}, ""row_number"": 153, ""terminal_directions"": ""receiving P/Q positive out""}"
2026-01-01T12:40:00.000000+00:00,TL_001,synthetic,SOLVED,rev_6e24672c52e849e3b7890d53aaeb4d40.TL_001,rev_6e24672c52e849e3b7890d53aaeb4d40,126.81517325678684,126.93987270725677,-0.12469945046993303,1.3355394173335,48.97579299192978,05014d6f66b27398d5c2ae789be40dd0e63fd6044ab307b341b2a40c647709ca,132.01317591116654,,,GOOD,,126.81517325678684,126.93987270725677,-0.12469945046993303,GOOD,,63.327036446661396,63.3270364466614,,GOOD,,12.80540728933228,12.80540728933221,,GOOD,,64.63098890867383,64.6625758639949,-0.031586955321074583,GOOD,,15.566237295964267,15.56623729596414,1.2789769243681803e-13,GOOD,,290.8759942884595,290.87599428845914,3.410605131648481e-13,GOOD,,293.8547579515788,293.8547579515787,1.1368683772161603e-13,GOOD,,,,,MISSING,,,,,MISSING,,ddb74646f567b238f0524ca5e216aa0577e42c0d3410dd97b01c712bf41939d4,run_ec8c1d4095ea480a906b81611a7dc932.ddb74646f567b238f0524ca5e216aa0577e42c0d3410dd97b01c712bf41939d4,2026-10-03T10:47:02.674476+00:00,2026-10-03T10:47:02.674476+00:00,2026-01-01T12:40:00.000000+00:00,demo.generator.v2.map.5c262229d3fe,sha256:e0e03a76b126628a9293c6eff54155b21558e908ffbe39b25f6f484ab14839fa,"{""adapter_version"": ""csv.adapter.v2"", ""declared_timezone"": ""Asia/Colombo"", ""mapping_version"": ""5c262229d3fe6a666ae239aa791a2c308149326550fef3fd18c5634474cb8de6"", ""original_row"": {""Ir_A"": ""293.8547579515788"", ""Is_A"": ""290.8759942884595"", ""Pr_MW"": ""63.327036446661396"", ""Ps_MW"": ""64.63098890867383"", ""Qr_MVAr"": ""12.80540728933228"", ""Qs_MVAr"": ""15.566237295964267"", ""Vr_kV"": ""126.81517325678684"", ""Vs_kV"": ""132.01317591116654"", ""connection_state"": ""CONNECTED"", ""timestamp"": ""2026-01-01T12:40:00Z""}, ""row_number"": 154, ""terminal_directions"": ""receiving P/Q positive out""}"
2026-01-01T12:45:00.000000+00:00,TL_001,synthetic,SOLVED,rev_6e24672c52e849e3b7890d53aaeb4d40.TL_001,rev_6e24672c52e849e3b7890d53aaeb4d40,126.8389110957231,126.96950202561054,-0.1305909298874326,1.3168267485813487,48.63292588175405,05014d6f66b27398d5c2ae789be40dd0e63fd6044ab307b341b2a40c647709ca,132.00245483899192,,,GOOD,,126.8389110957231,126.96950202561054,-0.1305909298874326,GOOD,,62.89819355967743,62.89819355967745,,GOOD,,12.719638711935486,12.719638711935419,,GOOD,,64.25402164609973,64.2150203082588,0.039001337840929295,GOOD,,15.398169579469823,15.398169579469903,-7.993605777301127e-14,GOOD,,288.8245453178468,288.824545317847,-2.2737367544323206e-13,GOOD,,291.7975552905241,291.79755529052426,-1.7053025658242404e-13,GOOD,,,,,MISSING,,,,,MISSING,,af04164c76f1de99567bf3452d9aed7bb4ac57766fd84f5a5a6c0440c2474dee,run_ec8c1d4095ea480a906b81611a7dc932.af04164c76f1de99567bf3452d9aed7bb4ac57766fd84f5a5a6c0440c2474dee,2026-10-03T10:47:02.915293+00:00,2026-10-03T10:47:02.915293+00:00,2026-01-01T12:45:00.000000+00:00,demo.generator.v2.map.5c262229d3fe,sha256:e0e03a76b126628a9293c6eff54155b21558e908ffbe39b25f6f484ab14839fa,"{""adapter_version"": ""csv.adapter.v2"", ""declared_timezone"": ""Asia/Colombo"", ""mapping_version"": ""5c262229d3fe6a666ae239aa791a2c308149326550fef3fd18c5634474cb8de6"", ""original_row"": {""Ir_A"": ""291.7975552905241"", ""Is_A"": ""288.8245453178468"", ""Pr_MW"": ""62.89819355967743"", ""Ps_MW"": ""64.25402164609973"", ""Qr_MVAr"": ""12.719638711935486"", ""Qs_MVAr"": ""15.398169579469823"", ""Vr_kV"": ""126.8389110957231"", ""Vs_kV"": ""132.00245483899192"", ""connection_state"": ""CONNECTED"", ""timestamp"": ""2026-01-01T12:45:00Z""}, ""row_number"": 155, ""terminal_directions"": ""receiving P/Q positive out""}"
2026-01-01T12:50:00.000000+00:00,TL_001,synthetic,SOLVED,rev_6e24672c52e849e3b7890d53aaeb4d40.TL_001,rev_6e24672c52e849e3b7890d53aaeb4d40,126.88626294740305,126.99893863484208,-0.11267568743902245,1.2983362468572324,48.291726959470964,05014d6f66b27398d5c2ae789be40dd0e63fd6044ab307b341b2a40c647709ca,131.99178019303093,,,GOOD,,126.88626294740305,126.99893863484208,-0.11267568743902245,GOOD,,62.47120772123794,62.47120772123793,,GOOD,,12.634241544247589,12.634241544247596,,GOOD,,63.82151331625748,63.769543968095164,0.051969348162316464,GOOD,,15.231448442650318,15.231448442650425,-1.0658141036401503e-13,GOOD,,286.78310768059987,286.78310768059987,0.0,GOOD,,289.7503617568258,289.7503617568258,0.0,GOOD,,,,,MISSING,,,,,MISSING,,77c21039c63ed5e898a648ea894c47b8839e4001da9a669ecc81ae0e2b6cd21e,run_ec8c1d4095ea480a906b81611a7dc932.77c21039c63ed5e898a648ea894c47b8839e4001da9a669ecc81ae0e2b6cd21e,2026-10-03T10:47:03.155100+00:00,2026-10-03T10:47:03.155100+00:00,2026-01-01T12:50:00.000000+00:00,demo.generator.v2.map.5c262229d3fe,sha256:e0e03a76b126628a9293c6eff54155b21558e908ffbe39b25f6f484ab14839fa,"{""adapter_version"": ""csv.adapter.v2"", ""declared_timezone"": ""Asia/Colombo"", ""mapping_version"": ""5c262229d3fe6a666ae239aa791a2c308149326550fef3fd18c5634474cb8de6"", ""original_row"": {""Ir_A"": ""289.7503617568258"", ""Is_A"": ""286.78310768059987"", ""Pr_MW"": ""62.47120772123794"", ""Ps_MW"": ""63.82151331625748"", ""Qr_MVAr"": ""12.634241544247589"", ""Qs_MVAr"": ""15.231448442650318"", ""Vr_kV"": ""126.88626294740305"", ""Vs_kV"": ""131.99178019303093"", ""connection_state"": ""CONNECTED"", ""timestamp"": ""2026-01-01T12:50:00Z""}, ""row_number"": 156, ""terminal_directions"": ""receiving P/Q positive out""}"
2026-01-01T12:55:00.000000+00:00,TL_001,synthetic,SOLVED,rev_6e24672c52e849e3b7890d53aaeb4d40.TL_001,rev_6e24672c52e849e3b7890d53aaeb4d40,126.92696407520233,127.02816955526929,-0.10120548006695174,1.280074528588635,47.952355403306385,05014d6f66b27398d5c2ae789be40dd0e63fd6044ab307b341b2a40c647709ca,131.9811570538369,,,GOOD,,126.92696407520233,127.02816955526929,-0.10120548006695174,GOOD,,62.04628215347653,62.04628215347652,,GOOD,,12.549256430695307,12.54925643069533,,GOOD,,63.339529282433055,63.32635668206515,0.013172600367902021,GOOD,,15.066143659988953,15.066143659989029,-7.638334409421077e-14,GOOD,,284.75263391878593,284.75263391878605,-1.1368683772161603e-13,GOOD,,287.7141324198381,287.7141324198383,-1.7053025658242404e-13,GOOD,,,,,MISSING,,,,,MISSING,,ff603ac9ea403d7d5690e2b9dbcb59e4b0a68c5d319203038a56242bc4405f6a,run_ec8c1d4095ea480a906b81611a7dc932.ff603ac9ea403d7d5690e2b9dbcb59e4b0a68c5d319203038a56242bc4405f6a,2026-10-03T10:47:03.454205+00:00,2026-10-03T10:47:03.454205+00:00,2026-01-01T12:55:00.000000+00:00,demo.generator.v2.map.5c262229d3fe,sha256:e0e03a76b126628a9293c6eff54155b21558e908ffbe39b25f6f484ab14839fa,"{""adapter_version"": ""csv.adapter.v2"", ""declared_timezone"": ""Asia/Colombo"", ""mapping_version"": ""5c262229d3fe6a666ae239aa791a2c308149326550fef3fd18c5634474cb8de6"", ""original_row"": {""Ir_A"": ""287.7141324198381"", ""Is_A"": ""284.75263391878593"", ""Pr_MW"": ""62.04628215347653"", ""Ps_MW"": ""63.339529282433055"", ""Qr_MVAr"": ""12.549256430695307"", ""Qs_MVAr"": ""15.066143659988953"", ""Vr_kV"": ""126.92696407520233"", ""Vs_kV"": ""131.9811570538369"", ""connection_state"": ""CONNECTED"", ""timestamp"": ""2026-01-01T12:55:00Z""}, ""row_number"": 157, ""terminal_directions"": ""receiving P/Q positive out""}"
2026-01-01T13:00:00.000000+00:00,TL_001,synthetic,SOLVED,rev_6e24672c52e849e3b7890d53aaeb4d40.TL_001,rev_6e24672c52e849e3b7890d53aaeb4d40,126.96688429632552,127.05718198670422,-0.09029769037870494,1.262047919867264,47.61496929860354,05014d6f66b27398d5c2ae789be40dd0e63fd6044ab307b341b2a40c647709ca,131.97059047744872,,,GOOD,,126.96688429632552,127.05718198670422,-0.09029769037870494,GOOD,,61.62361909794959,61.62361909794962,,GOOD,,12.464723819589919,12.464723819590008,,GOOD,,62.89883681257899,62.885667017816886,0.013169794762106335,GOOD,,14.902323536332565,14.902323536332512,5.3290705182007514e-14,GOOD,,282.73406997886224,282.7340699788623,-5.684341886080802e-14,GOOD,,285.6898157916211,285.68981579162124,-1.7053025658242404e-13,GOOD,,,,,MISSING,,,,,MISSING,,b5d7652aad15c4c0709efbec7b81e687817895ac60e74c8c65ae7cc6fd0c0b2e,run_ec8c1d4095ea480a906b81611a7dc932.b5d7652aad15c4c0709efbec7b81e687817895ac60e74c8c65ae7cc6fd0c0b2e,2026-10-03T10:47:03.601396+00:00,2026-10-03T10:47:03.601396+00:00,2026-01-01T13:00:00.000000+00:00,demo.generator.v2.map.5c262229d3fe,sha256:e0e03a76b126628a9293c6eff54155b21558e908ffbe39b25f6f484ab14839fa,"{""adapter_version"": ""csv.adapter.v2"", ""declared_timezone"": ""Asia/Colombo"", ""mapping_version"": ""5c262229d3fe6a666ae239aa791a2c308149326550fef3fd18c5634474cb8de6"", ""original_row"": {""Ir_A"": ""285.6898157916211"", ""Is_A"": ""282.73406997886224"", ""Pr_MW"": ""61.62361909794959"", ""Ps_MW"": ""62.89883681257899"", ""Qr_MVAr"": ""12.464723819589919"", ""Qs_MVAr"": ""14.902323536332565"", ""Vr_kV"": ""126.96688429632552"", ""Vs_kV"": ""131.97059047744872"", ""connection_state"": ""CONNECTED"", ""timestamp"": ""2026-01-01T13:00:00Z""}, ""row_number"": 158, ""terminal_directions"": ""receiving P/Q positive out""}"
2026-01-01T13:05:00.000000+00:00,TL_001,synthetic,SOLVED,rev_6e24672c52e849e3b7890d53aaeb4d40.TL_001,rev_6e24672c52e849e3b7890d53aaeb4d40,126.97692649544072,127.08596331218541,-0.10903681674469112,1.2442624583494606,47.279725570318966,05014d6f66b27398d5c2ae789be40dd0e63fd6044ab307b341b2a40c647709ca,131.9600854929845,,,GOOD,,126.97692649544072,127.08596331218541,-0.10903681674469112,GOOD,,61.203419719380165,61.20341971938012,,GOOD,,12.380683943876033,12.380683943875868,,GOOD,,62.43878504912359,62.44768217772958,-0.008897128605994453,GOOD,,14.740054895915687,14.740054895915462,2.255973186038318e-13,GOOD,,280.72835480608614,280.7283548060858,3.410605131648481e-13,GOOD,,283.6783534219141,283.67835342191376,3.410605131648481e-13,GOOD,,,,,MISSING,,,,,MISSING,,3f9ea648cb65ba877d3c3ba342781ba492fea8ecb49a5b14bdf3e2e0974a87db,run_ec8c1d4095ea480a906b81611a7dc932.3f9ea648cb65ba877d3c3ba342781ba492fea8ecb49a5b14bdf3e2e0974a87db,2026-10-03T10:47:03.845848+00:00,2026-10-03T10:47:03.845848+00:00,2026-01-01T13:05:00.000000+00:00,demo.generator.v2.map.5c262229d3fe,sha256:e0e03a76b126628a9293c6eff54155b21558e908ffbe39b25f6f484ab14839fa,"{""adapter_version"": ""csv.adapter.v2"", ""declared_timezone"": ""Asia/Colombo"", ""mapping_version"": ""5c262229d3fe6a666ae239aa791a2c308149326550fef3fd18c5634474cb8de6"", ""original_row"": {""Ir_A"": ""283.6783534219141"", ""Is_A"": ""280.72835480608614"", ""Pr_MW"": ""61.203419719380165"", ""Ps_MW"": ""62.43878504912359"", ""Qr_MVAr"": ""12.380683943876033"", ""Qs_MVAr"": ""14.740054895915687"", ""Vr_kV"": ""126.97692649544072"", ""Vs_kV"": ""131.9600854929845"", ""connection_state"": ""CONNECTED"", ""timestamp"": ""2026-01-01T13:05:00Z""}, ""row_number"": 159, ""terminal_directions"": ""receiving P/Q positive out""}"
2026-01-01T13:10:00.000000+00:00,TL_001,synthetic,SOLVED,rev_6e24672c52e849e3b7890d53aaeb4d40.TL_001,rev_6e24672c52e849e3b7890d53aaeb4d40,126.98981790181857,127.11450110149147,-0.12468319967290142,1.2267238955968054,46.94677991639018,05014d6f66b27398d5c2ae789be40dd0e63fd6044ab307b341b2a40c647709ca,131.94964710024786,,,GOOD,,126.98981790181857,127.11450110149147,-0.12468319967290142,GOOD,,60.78588400991454,60.78588400991451,,GOOD,,12.297176801982907,12.297176801982848,,GOOD,,61.99168519081231,62.01260790551132,-0.02092271469900453,GOOD,,14.57940307341622,14.579403073416167,5.3290705182007514e-14,GOOD,,278.73641994420205,278.73641994420194,1.1368683772161603e-13,GOOD,,281.6806794983411,281.680679498341,5.684341886080802e-14,GOOD,,,,,MISSING,,,,,MISSING,,2fd226ca7bd4e01968b4dbbe6297ef36abf2da6f43e9ab4df6c058d9649ea043,run_ec8c1d4095ea480a906b81611a7dc932.2fd226ca7bd4e01968b4dbbe6297ef36abf2da6f43e9ab4df6c058d9649ea043,2026-10-03T10:47:04.084035+00:00,2026-10-03T10:47:04.084035+00:00,2026-01-01T13:10:00.000000+00:00,demo.generator.v2.map.5c262229d3fe,sha256:e0e03a76b126628a9293c6eff54155b21558e908ffbe39b25f6f484ab14839fa,"{""adapter_version"": ""csv.adapter.v2"", ""declared_timezone"": ""Asia/Colombo"", ""mapping_version"": ""5c262229d3fe6a666ae239aa791a2c308149326550fef3fd18c5634474cb8de6"", ""original_row"": {""Ir_A"": ""281.6806794983411"", ""Is_A"": ""278.73641994420205"", ""Pr_MW"": ""60.78588400991454"", ""Ps_MW"": ""61.99168519081231"", ""Qr_MVAr"": ""12.297176801982907"", ""Qs_MVAr"": ""14.57940307341622"", ""Vr_kV"": ""126.98981790181857"", ""Vs_kV"": ""131.94964710024786"", ""connection_state"": ""CONNECTED"", ""timestamp"": ""2026-01-01T13:10:00Z""}, ""row_number"": 160, ""terminal_directions"": ""receiving P/Q positive out""}"
2026-01-01T13:15:00.000000+00:00,TL_001,synthetic,SOLVED,rev_6e24672c52e849e3b7890d53aaeb4d40.TL_001,rev_6e24672c52e849e3b7890d53aaeb4d40,127.03614600382699,127.14278311444119,-0.10663711061420145,1.2094376998431997,46.616286741984744,05014d6f66b27398d5c2ae789be40dd0e63fd6044ab307b341b2a40c647709ca,131.9392802673484,,,GOOD,,127.03614600382699,127.14278311444119,-0.10663711061420145,GOOD,,60.37121069393677,60.37121069393676,,GOOD,,12.214242138787354,12.21424213878731,,GOOD,,61.54529928508654,61.58064839377996,-0.03534910869341701,GOOD,,14.420431906994422,14.420431906994308,1.1368683772161603e-13,GOOD,,276.7591891404748,276.7591891404745,2.8421709430404007e-13,GOOD,,279.6977204519086,279.6977204519084,1.7053025658242404e-13,GOOD,,,,,MISSING,,,,,MISSING,,d6a901e9075ef72e97388842634323d8dd9d4ac4651595abd2a31f86189f84e0,run_ec8c1d4095ea480a906b81611a7dc932.d6a901e9075ef72e97388842634323d8dd9d4ac4651595abd2a31f86189f84e0,2026-10-03T10:47:04.327188+00:00,2026-10-03T10:47:04.327188+00:00,2026-01-01T13:15:00.000000+00:00,demo.generator.v2.map.5c262229d3fe,sha256:e0e03a76b126628a9293c6eff54155b21558e908ffbe39b25f6f484ab14839fa,"{""adapter_version"": ""csv.adapter.v2"", ""declared_timezone"": ""Asia/Colombo"", ""mapping_version"": ""5c262229d3fe6a666ae239aa791a2c308149326550fef3fd18c5634474cb8de6"", ""original_row"": {""Ir_A"": ""279.6977204519086"", ""Is_A"": ""276.7591891404748"", ""Pr_MW"": ""60.37121069393677"", ""Ps_MW"": ""61.54529928508654"", ""Qr_MVAr"": ""12.214242138787354"", ""Qs_MVAr"": ""14.420431906994422"", ""Vr_kV"": ""127.03614600382699"", ""Vs_kV"": ""131.9392802673484"", ""connection_state"": ""CONNECTED"", ""timestamp"": ""2026-01-01T13:15:00Z""}, ""row_number"": 161, ""terminal_directions"": ""receiving P/Q positive out""}"
2026-01-01T13:20:00.000000+00:00,TL_001,synthetic,SOLVED,rev_6e24672c52e849e3b7890d53aaeb4d40.TL_001,rev_6e24672c52e849e3b7890d53aaeb4d40,127.0596039079649,127.17079730398308,-0.11119339601818012,1.1924090591767964,46.28839909464597,05014d6f66b27398d5c2ae789be40dd0e63fd6044ab307b341b2a40c647709ca,131.92898992833716,,,GOOD,,127.0596039079649,127.17079730398308,-0.11119339601818012,GOOD,,59.959597133486625,59.95959713348659,,GOOD,,12.131919426697326,12.1319194266973,,GOOD,,61.146286660938266,61.152006192663386,-0.005719531725119964,GOOD,,14.263203733270384,14.263203733270366,1.7763568394002505e-14,GOOD,,274.7975779561595,274.79757795615933,1.7053025658242404e-13,GOOD,,277.73039456787603,277.7303945678758,2.2737367544323206e-13,GOOD,,,,,MISSING,,,,,MISSING,,47375d6b498c57e21d40d036694a4956fbd0a14f352f31127fc61cbaed0bc9d2,run_ec8c1d4095ea480a906b81611a7dc932.47375d6b498c57e21d40d036694a4956fbd0a14f352f31127fc61cbaed0bc9d2,2026-10-03T10:47:04.573107+00:00,2026-10-03T10:47:04.573107+00:00,2026-01-01T13:20:00.000000+00:00,demo.generator.v2.map.5c262229d3fe,sha256:e0e03a76b126628a9293c6eff54155b21558e908ffbe39b25f6f484ab14839fa,"{""adapter_version"": ""csv.adapter.v2"", ""declared_timezone"": ""Asia/Colombo"", ""mapping_version"": ""5c262229d3fe6a666ae239aa791a2c308149326550fef3fd18c5634474cb8de6"", ""original_row"": {""Ir_A"": ""277.73039456787603"", ""Is_A"": ""274.7975779561595"", ""Pr_MW"": ""59.959597133486625"", ""Ps_MW"": ""61.146286660938266"", ""Qr_MVAr"": ""12.131919426697326"", ""Qs_MVAr"": ""14.263203733270384"", ""Vr_kV"": ""127.0596039079649"", ""Vs_kV"": ""131.92898992833716"", ""connection_state"": ""CONNECTED"", ""timestamp"": ""2026-01-01T13:20:00Z""}, ""row_number"": 162, ""terminal_directions"": ""receiving P/Q positive out""}"
2026-01-01T13:25:00.000000+00:00,TL_001,synthetic,SOLVED,rev_6e24672c52e849e3b7890d53aaeb4d40.TL_001,rev_6e24672c52e849e3b7890d53aaeb4d40,127.09470800018273,127.1985318190791,-0.10382381889635894,1.1756428851225564,45.963268600344705,05014d6f66b27398d5c2ae789be40dd0e63fd6044ab307b341b2a40c647709ca,131.91878098085814,,,GOOD,,127.09470800018273,127.1985318190791,-0.10382381889635894,GOOD,,59.55123923432597,59.55123923432599,,GOOD,,12.050247846865194,12.05024784686532,,GOOD,,60.74940818911045,60.72688211944855,0.022526069661900294,GOOD,,14.107779384189607,14.107779384189609,-1.7763568394002505e-15,GOOD,,272.85249338248576,272.85249338248593,-1.7053025658242404e-13,GOOD,,275.779611602068,275.7796116020682,-2.2737367544323206e-13,GOOD,,,,,MISSING,,,,,MISSING,,a5517cdf233cf353ff25e0da94dc54990a4972d78a17d26ccadfef1224408da6,run_ec8c1d4095ea480a906b81611a7dc932.a5517cdf233cf353ff25e0da94dc54990a4972d78a17d26ccadfef1224408da6,2026-10-03T10:47:04.735107+00:00,2026-10-03T10:47:04.735107+00:00,2026-01-01T13:25:00.000000+00:00,demo.generator.v2.map.5c262229d3fe,sha256:e0e03a76b126628a9293c6eff54155b21558e908ffbe39b25f6f484ab14839fa,"{""adapter_version"": ""csv.adapter.v2"", ""declared_timezone"": ""Asia/Colombo"", ""mapping_version"": ""5c262229d3fe6a666ae239aa791a2c308149326550fef3fd18c5634474cb8de6"", ""original_row"": {""Ir_A"": ""275.779611602068"", ""Is_A"": ""272.85249338248576"", ""Pr_MW"": ""59.55123923432597"", ""Ps_MW"": ""60.74940818911045"", ""Qr_MVAr"": ""12.050247846865194"", ""Qs_MVAr"": ""14.107779384189607"", ""Vr_kV"": ""127.09470800018273"", ""Vs_kV"": ""131.91878098085814"", ""connection_state"": ""CONNECTED"", ""timestamp"": ""2026-01-01T13:25:00Z""}, ""row_number"": 163, ""terminal_directions"": ""receiving P/Q positive out""}"
2026-01-01T13:30:00.000000+00:00,TL_001,synthetic,SOLVED,rev_6e24672c52e849e3b7890d53aaeb4d40.TL_001,rev_6e24672c52e849e3b7890d53aaeb4d40,127.13473426189275,127.22597500738712,-0.09124074549437466,1.1591438166120227,45.64104540044808,05014d6f66b27398d5c2ae789be40dd0e63fd6044ab307b341b2a40c647709ca,131.90865828381746,,,GOOD,,127.13473426189275,127.22597500738712,-0.09124074549437466,GOOD,,59.146331352698205,59.146331352698226,,GOOD,,11.969266270539642,11.969266270539674,,GOOD,,60.32739841004439,60.30547516931025,0.021923240734139426,GOOD,,13.954218185723366,13.954218185723358,8.881784197001252e-15,GOOD,,270.9248334622282,270.92483346222826,-5.684341886080802e-14,GOOD,,273.8462724026883,273.84627240268844,-1.1368683772161603e-13,GOOD,,,,,MISSING,,,,,MISSING,,905495c07d1a441c4db6ae2facfc352e1cf57d4ed7beaa64b41ae7bddd6a8aa4,run_ec8c1d4095ea480a906b81611a7dc932.905495c07d1a441c4db6ae2facfc352e1cf57d4ed7beaa64b41ae7bddd6a8aa4,2026-10-03T10:47:05.010459+00:00,2026-10-03T10:47:05.010459+00:00,2026-01-01T13:30:00.000000+00:00,demo.generator.v2.map.5c262229d3fe,sha256:e0e03a76b126628a9293c6eff54155b21558e908ffbe39b25f6f484ab14839fa,"{""adapter_version"": ""csv.adapter.v2"", ""declared_timezone"": ""Asia/Colombo"", ""mapping_version"": ""5c262229d3fe6a666ae239aa791a2c308149326550fef3fd18c5634474cb8de6"", ""original_row"": {""Ir_A"": ""273.8462724026883"", ""Is_A"": ""270.9248334622282"", ""Pr_MW"": ""59.146331352698205"", ""Ps_MW"": ""60.32739841004439"", ""Qr_MVAr"": ""11.969266270539642"", ""Qs_MVAr"": ""13.954218185723366"", ""Vr_kV"": ""127.13473426189275"", ""Vs_kV"": ""131.90865828381746"", ""connection_state"": ""CONNECTED"", ""timestamp"": ""2026-01-01T13:30:00Z""}, ""row_number"": 164, ""terminal_directions"": ""receiving P/Q positive out""}"
2026-01-01T13:35:00.000000+00:00,TL_001,synthetic,SOLVED,rev_6e24672c52e849e3b7890d53aaeb4d40.TL_001,rev_6e24672c52e849e3b7890d53aaeb4d40,127.09361967883639,127.25311541774666,-0.15949573891026603,1.1429162243253614,45.32187808961743,05014d6f66b27398d5c2ae789be40dd0e63fd6044ab307b341b2a40c647709ca,131.89862665507061,,,GOOD,,127.09361967883639,127.25311541774666,-0.15949573891026603,GOOD,,58.74506620282526,58.74506620282527,,GOOD,,11.889013240565053,11.889013240565042,,GOOD,,59.88597383196364,59.88798242715063,-0.002008595186993034,GOOD,,13.802577958350732,13.802577958350678,5.3290705182007514e-14,GOOD,,269.0154869169416,269.0154869169417,-1.1368683772161603e-13,GOOD,,271.9312685377045,271.93126853770457,-5.684341886080802e-14,GOOD,,,,,MISSING,,,,,MISSING,,c961903c079a12d463e6b51daad3e670609670e5edffbead17a384758255f29b,run_ec8c1d4095ea480a906b81611a7dc932.c961903c079a12d463e6b51daad3e670609670e5edffbead17a384758255f29b,2026-10-03T10:47:05.223513+00:00,2026-10-03T10:47:05.223513+00:00,2026-01-01T13:35:00.000000+00:00,demo.generator.v2.map.5c262229d3fe,sha256:e0e03a76b126628a9293c6eff54155b21558e908ffbe39b25f6f484ab14839fa,"{""adapter_version"": ""csv.adapter.v2"", ""declared_timezone"": ""Asia/Colombo"", ""mapping_version"": ""5c262229d3fe6a666ae239aa791a2c308149326550fef3fd18c5634474cb8de6"", ""original_row"": {""Ir_A"": ""271.9312685377045"", ""Is_A"": ""269.0154869169416"", ""Pr_MW"": ""58.74506620282526"", ""Ps_MW"": ""59.88597383196364"", ""Qr_MVAr"": ""11.889013240565053"", ""Qs_MVAr"": ""13.802577958350732"", ""Vr_kV"": ""127.09361967883639"", ""Vs_kV"": ""131.89862665507061"", ""connection_state"": ""CONNECTED"", ""timestamp"": ""2026-01-01T13:35:00Z""}, ""row_number"": 165, ""terminal_directions"": ""receiving P/Q positive out""}"
2026-01-01T13:40:00.000000+00:00,TL_001,synthetic,SOLVED,rev_6e24672c52e849e3b7890d53aaeb4d40.TL_001,rev_6e24672c52e849e3b7890d53aaeb4d40,127.12804929338618,127.2799418024729,-0.15189250908672136,1.1269642153908492,45.005913654643344,05014d6f66b27398d5c2ae789be40dd0e63fd6044ab307b341b2a40c647709ca,131.88869086912965,,,GOOD,,127.12804929338618,127.2799418024729,-0.15189250908672136,GOOD,,58.347634765186015,58.34763476518601,,GOOD,,11.809526953037205,11.809526953037116,,GOOD,,59.45905058530587,59.47459898057686,-0.015548395270990056,GOOD,,13.652915019264306,13.65291501926425,5.5067062021407764e-14,GOOD,,267.12533277992986,267.12533277992986,0.0,GOOD,,270.03548192786,270.03548192786,0.0,GOOD,,,,,MISSING,,,,,MISSING,,30b0d26451c91779360fac75240d70bb360d2b42cda283cda12d6ab38e9fd988,run_ec8c1d4095ea480a906b81611a7dc932.30b0d26451c91779360fac75240d70bb360d2b42cda283cda12d6ab38e9fd988,2026-10-03T10:47:05.409385+00:00,2026-10-03T10:47:05.409385+00:00,2026-01-01T13:40:00.000000+00:00,demo.generator.v2.map.5c262229d3fe,sha256:e0e03a76b126628a9293c6eff54155b21558e908ffbe39b25f6f484ab14839fa,"{""adapter_version"": ""csv.adapter.v2"", ""declared_timezone"": ""Asia/Colombo"", ""mapping_version"": ""5c262229d3fe6a666ae239aa791a2c308149326550fef3fd18c5634474cb8de6"", ""original_row"": {""Ir_A"": ""270.03548192786"", ""Is_A"": ""267.12533277992986"", ""Pr_MW"": ""58.347634765186015"", ""Ps_MW"": ""59.45905058530587"", ""Qr_MVAr"": ""11.809526953037205"", ""Qs_MVAr"": ""13.652915019264306"", ""Vr_kV"": ""127.12804929338618"", ""Vs_kV"": ""131.88869086912965"", ""connection_state"": ""CONNECTED"", ""timestamp"": ""2026-01-01T13:40:00Z""}, ""row_number"": 166, ""terminal_directions"": ""receiving P/Q positive out""}"
2026-01-01T13:45:00.000000+00:00,TL_001,synthetic,SOLVED,rev_6e24672c52e849e3b7890d53aaeb4d40.TL_001,rev_6e24672c52e849e3b7890d53aaeb4d40,127.20782191432498,127.30644311946384,-0.09862120513885486,1.111291638426934,44.69329741422923,05014d6f66b27398d5c2ae789be40dd0e63fd6044ab307b341b2a40c647709ca,131.8788556548905,,,GOOD,,127.20782191432498,127.30644311946384,-0.09862120513885486,GOOD,,57.95422619561998,57.954226195619995,,GOOD,,11.730845239123997,11.73084523912404,,GOOD,,59.08464384837385,59.06551783404693,0.019126014326921847,GOOD,,13.505284186241983,13.505284186242008,-2.4868995751603507e-14,GOOD,,265.2552400350218,265.25524003502187,-5.684341886080802e-14,GOOD,,268.1597844853753,268.1597844853754,-5.684341886080802e-14,GOOD,,,,,MISSING,,,,,MISSING,,ad2e24e84f0e159b228157307b28f725f1dcdd0cc39e73b66bd1012511a8de5a,run_ec8c1d4095ea480a906b81611a7dc932.ad2e24e84f0e159b228157307b28f725f1dcdd0cc39e73b66bd1012511a8de5a,2026-10-03T10:47:05.610517+00:00,2026-10-03T10:47:05.610517+00:00,2026-01-01T13:45:00.000000+00:00,demo.generator.v2.map.5c262229d3fe,sha256:e0e03a76b126628a9293c6eff54155b21558e908ffbe39b25f6f484ab14839fa,"{""adapter_version"": ""csv.adapter.v2"", ""declared_timezone"": ""Asia/Colombo"", ""mapping_version"": ""5c262229d3fe6a666ae239aa791a2c308149326550fef3fd18c5634474cb8de6"", ""original_row"": {""Ir_A"": ""268.1597844853753"", ""Is_A"": ""265.2552400350218"", ""Pr_MW"": ""57.95422619561998"", ""Ps_MW"": ""59.08464384837385"", ""Qr_MVAr"": ""11.730845239123997"", ""Qs_MVAr"": ""13.505284186241983"", ""Vr_kV"": ""127.20782191432498"", ""Vs_kV"": ""131.8788556548905"", ""connection_state"": ""CONNECTED"", ""timestamp"": ""2026-01-01T13:45:00Z""}, ""row_number"": 167, ""terminal_directions"": ""receiving P/Q positive out""}"
2026-01-01T13:50:00.000000+00:00,TL_001,synthetic,SOLVED,rev_6e24672c52e849e3b7890d53aaeb4d40.TL_001,rev_6e24672c52e849e3b7890d53aaeb4d40,127.1893949532901,127.33260853412641,-0.14321358083630287,1.095902088909817,44.38417295973136,05014d6f66b27398d5c2ae789be40dd0e63fd6044ab307b341b2a40c647709ca,131.86912569338247,,,GOOD,,127.1893949532901,127.33260853412641,-0.14321358083630287,GOOD,,57.56502773529931,57.56502773529929,,GOOD,,11.653005547059863,11.653005547059834,,GOOD,,58.63051830321591,58.660929824209106,-0.030411520993197882,GOOD,,13.359738783122053,13.35973878312198,7.283063041541027e-14,GOOD,,263.4060672612153,263.4060672612152,1.1368683772161603e-13,GOOD,,266.3050377583883,266.30503775838815,1.7053025658242404e-13,GOOD,,,,,MISSING,,,,,MISSING,,9221d96d7a20f742485cbd8b28ddc3d1a0228598a56d76aa6b321ddd59764a90,run_ec8c1d4095ea480a906b81611a7dc932.9221d96d7a20f742485cbd8b28ddc3d1a0228598a56d76aa6b321ddd59764a90,2026-10-03T10:47:05.909330+00:00,2026-10-03T10:47:05.909330+00:00,2026-01-01T13:50:00.000000+00:00,demo.generator.v2.map.5c262229d3fe,sha256:e0e03a76b126628a9293c6eff54155b21558e908ffbe39b25f6f484ab14839fa,"{""adapter_version"": ""csv.adapter.v2"", ""declared_timezone"": ""Asia/Colombo"", ""mapping_version"": ""5c262229d3fe6a666ae239aa791a2c308149326550fef3fd18c5634474cb8de6"", ""original_row"": {""Ir_A"": ""266.3050377583883"", ""Is_A"": ""263.4060672612153"", ""Pr_MW"": ""57.56502773529931"", ""Ps_MW"": ""58.63051830321591"", ""Qr_MVAr"": ""11.653005547059863"", ""Qs_MVAr"": ""13.359738783122053"", ""Vr_kV"": ""127.1893949532901"", ""Vs_kV"": ""131.86912569338247"", ""connection_state"": ""CONNECTED"", ""timestamp"": ""2026-01-01T13:50:00Z""}, ""row_number"": 168, ""terminal_directions"": ""receiving P/Q positive out""}"
2026-01-01T13:55:00.000000+00:00,TL_001,synthetic,SOLVED,rev_6e24672c52e849e3b7890d53aaeb4d40.TL_001,rev_6e24672c52e849e3b7890d53aaeb4d40,127.22946328760509,127.35842742112601,-0.12896413352092395,1.0807989148517763,44.07868209686632,05014d6f66b27398d5c2ae789be40dd0e63fd6044ab307b341b2a40c647709ca,131.85950561554031,,,GOOD,,127.22946328760509,127.35842742112601,-0.12896413352092395,GOOD,,57.18022462161224,57.18022462161222,,GOOD,,11.57604492432245,11.576044924322334,,GOOD,,58.224526731982586,58.261023536463995,-0.03649680448140913,GOOD,,13.21633064682272,13.216330646822442,2.788880237858393e-13,GOOD,,261.5786622832673,261.57866228326697,3.410605131648481e-13,GOOD,,264.4720925811983,264.4720925811979,3.979039320256561e-13,GOOD,,,,,MISSING,,,,,MISSING,,3b7f6b5e1346e21c0f4e19ab98d21b7bcf34ad1a7701252f54651ffb6c1ef8eb,run_ec8c1d4095ea480a906b81611a7dc932.3b7f6b5e1346e21c0f4e19ab98d21b7bcf34ad1a7701252f54651ffb6c1ef8eb,2026-10-03T10:47:06.091939+00:00,2026-10-03T10:47:06.091939+00:00,2026-01-01T13:55:00.000000+00:00,demo.generator.v2.map.5c262229d3fe,sha256:e0e03a76b126628a9293c6eff54155b21558e908ffbe39b25f6f484ab14839fa,"{""adapter_version"": ""csv.adapter.v2"", ""declared_timezone"": ""Asia/Colombo"", ""mapping_version"": ""5c262229d3fe6a666ae239aa791a2c308149326550fef3fd18c5634474cb8de6"", ""original_row"": {""Ir_A"": ""264.4720925811983"", ""Is_A"": ""261.5786622832673"", ""Pr_MW"": ""57.18022462161224"", ""Ps_MW"": ""58.224526731982586"", ""Qr_MVAr"": ""11.57604492432245"", ""Qs_MVAr"": ""13.21633064682272"", ""Vr_kV"": ""127.22946328760509"", ""Vs_kV"": ""131.85950561554031"", ""connection_state"": ""CONNECTED"", ""timestamp"": ""2026-01-01T13:55:00Z""}, ""row_number"": 169, ""terminal_directions"": ""receiving P/Q positive out""}"
2026-01-01T14:00:00.000000+00:00,TL_001,synthetic,SOLVED,rev_6e24672c52e849e3b7890d53aaeb4d40.TL_001,rev_6e24672c52e849e3b7890d53aaeb4d40,127.24046656041801,127.38388936596597,-0.1434228055479565,1.0659852227726034,43.776964788392156,05014d6f66b27398d5c2ae789be40dd0e63fd6044ab307b341b2a40c647709ca,131.85,,,GOOD,,127.24046656041801,127.38388936596597,-0.1434228055479565,GOOD,,56.8,56.79999999999998,,GOOD,,11.5,11.499999999999924,,GOOD,,57.875345506919146,57.865985222772586,0.00936028414655965,GOOD,,13.075110135837237,13.075110135837093,1.438849039914203e-13,GOOD,,259.7738618282813,259.7738618282811,2.2737367544323206e-13,GOOD,,262.661788730353,262.66178873035295,5.684341886080802e-14,GOOD,,,,,MISSING,,,,,MISSING,,3cc6b8f15284f286b810efd4feb399b5f2d6efb12ef48add74a3d6b0a6030b81,run_ec8c1d4095ea480a906b81611a7dc932.3cc6b8f15284f286b810efd4feb399b5f2d6efb12ef48add74a3d6b0a6030b81,2026-10-03T10:47:06.275330+00:00,2026-10-03T10:47:06.275330+00:00,2026-01-01T14:00:00.000000+00:00,demo.generator.v2.map.5c262229d3fe,sha256:e0e03a76b126628a9293c6eff54155b21558e908ffbe39b25f6f484ab14839fa,"{""adapter_version"": ""csv.adapter.v2"", ""declared_timezone"": ""Asia/Colombo"", ""mapping_version"": ""5c262229d3fe6a666ae239aa791a2c308149326550fef3fd18c5634474cb8de6"", ""original_row"": {""Ir_A"": ""262.661788730353"", ""Is_A"": ""259.7738618282813"", ""Pr_MW"": ""56.8"", ""Ps_MW"": ""57.875345506919146"", ""Qr_MVAr"": ""11.5"", ""Qs_MVAr"": ""13.075110135837237"", ""Vr_kV"": ""127.24046656041801"", ""Vs_kV"": ""131.85"", ""connection_state"": ""CONNECTED"", ""timestamp"": ""2026-01-01T14:00:00Z""}, ""row_number"": 170, ""terminal_directions"": ""receiving P/Q positive out""}"
2026-01-01T14:05:00.000000+00:00,TL_001,synthetic,SOLVED,rev_6e24672c52e849e3b7890d53aaeb4d40.TL_001,rev_6e24672c52e849e3b7890d53aaeb4d40,127.30171494196112,127.40898416640222,-0.10726922444109732,1.0514638839479247,43.47915909777369,05014d6f66b27398d5c2ae789be40dd0e63fd6044ab307b341b2a40c647709ca,131.84061337091973,,,GOOD,,127.30171494196112,127.40898416640222,-0.10726922444109732,GOOD,,56.42453483678956,56.424534836789555,,GOOD,,11.424906967357913,11.424906967357803,,GOOD,,57.494261564904214,57.47599872073748,0.018262844166734737,GOOD,,12.936126140143726,12.93612614014363,9.592326932761353e-14,GOOD,,257.9924911883684,257.99249118836826,1.1368683772161603e-13,GOOD,,260.8749545866422,260.8749545866421,1.1368683772161603e-13,GOOD,,,,,MISSING,,,,,MISSING,,1878c044d74fc73fa297381bfb55b494b29302f0bc0fec5aee1d003fef51af41,run_ec8c1d4095ea480a906b81611a7dc932.1878c044d74fc73fa297381bfb55b494b29302f0bc0fec5aee1d003fef51af41,2026-10-03T10:47:06.565286+00:00,2026-10-03T10:47:06.565286+00:00,2026-01-01T14:05:00.000000+00:00,demo.generator.v2.map.5c262229d3fe,sha256:e0e03a76b126628a9293c6eff54155b21558e908ffbe39b25f6f484ab14839fa,"{""adapter_version"": ""csv.adapter.v2"", ""declared_timezone"": ""Asia/Colombo"", ""mapping_version"": ""5c262229d3fe6a666ae239aa791a2c308149326550fef3fd18c5634474cb8de6"", ""original_row"": {""Ir_A"": ""260.8749545866422"", ""Is_A"": ""257.9924911883684"", ""Pr_MW"": ""56.42453483678956"", ""Ps_MW"": ""57.494261564904214"", ""Qr_MVAr"": ""11.424906967357913"", ""Qs_MVAr"": ""12.936126140143726"", ""Vr_kV"": ""127.30171494196112"", ""Vs_kV"": ""131.84061337091973"", ""connection_state"": ""CONNECTED"", ""timestamp"": ""2026-01-01T14:05:00Z""}, ""row_number"": 171, ""terminal_directions"": ""receiving P/Q positive out""}"
2026-01-01T14:10:00.000000+00:00,TL_001,synthetic,SOLVED,rev_6e24672c52e849e3b7890d53aaeb4d40.TL_001,rev_6e24672c52e849e3b7890d53aaeb4d40,127.25713005135958,127.43370183369848,-0.1765717823388968,1.037237540916557,43.1854011338395,05014d6f66b27398d5c2ae789be40dd0e63fd6044ab307b341b2a40c647709ca,131.8313501958266,,,GOOD,,127.25713005135958,127.43370183369848,-0.1765717823388968,GOOD,,56.05400783306352,56.05400783306354,,GOOD,,11.350801566612704,11.350801566612661,,GOOD,,57.10037637585097,57.091245373980094,0.009131001870876787,GOOD,,12.799426092458749,12.799426092458738,1.0658141036401503e-14,GOOD,,256.23536388943364,256.23536388943376,-1.1368683772161603e-13,GOOD,,259.11240680303683,259.112406803037,-1.7053025658242404e-13,GOOD,,,,,MISSING,,,,,MISSING,,d1ffd2928d2e1f7eef459dc8b9a90b9efd79e4c85e371a436696a4682abeb3bd,run_ec8c1d4095ea480a906b81611a7dc932.d1ffd2928d2e1f7eef459dc8b9a90b9efd79e4c85e371a436696a4682abeb3bd,2026-10-03T10:47:06.758332+00:00,2026-10-03T10:47:06.758332+00:00,2026-01-01T14:10:00.000000+00:00,demo.generator.v2.map.5c262229d3fe,sha256:e0e03a76b126628a9293c6eff54155b21558e908ffbe39b25f6f484ab14839fa,"{""adapter_version"": ""csv.adapter.v2"", ""declared_timezone"": ""Asia/Colombo"", ""mapping_version"": ""5c262229d3fe6a666ae239aa791a2c308149326550fef3fd18c5634474cb8de6"", ""original_row"": {""Ir_A"": ""259.11240680303683"", ""Is_A"": ""256.23536388943364"", ""Pr_MW"": ""56.05400783306352"", ""Ps_MW"": ""57.10037637585097"", ""Qr_MVAr"": ""11.350801566612704"", ""Qs_MVAr"": ""12.799426092458749"", ""Vr_kV"": ""127.25713005135958"", ""Vs_kV"": ""131.8313501958266"", ""connection_state"": ""CONNECTED"", ""timestamp"": ""2026-01-01T14:10:00Z""}, ""row_number"": 172, ""terminal_directions"": ""receiving P/Q positive out""}"
2026-01-01T14:15:00.000000+00:00,TL_001,synthetic,SOLVED,rev_6e24672c52e849e3b7890d53aaeb4d40.TL_001,rev_6e24672c52e849e3b7890d53aaeb4d40,127.3283618605328,127.45803259372855,-0.12967073319575206,1.0233086142303236,42.89582499643829,05014d6f66b27398d5c2ae789be40dd0e63fd6044ab307b341b2a40c647709ca,131.8222148834902,,,GOOD,,127.3283618605328,127.45803259372855,-0.12967073319575206,GOOD,,55.68859533960796,55.68859533960797,,GOOD,,11.277719067921591,11.277719067921636,,GOOD,,56.72432066239945,56.711903953838295,0.012416708561154621,GOOD,,12.66505598076929,12.665055980769345,-5.5067062021407764e-14,GOOD,,254.5032813661561,254.5032813661563,-1.9895196601282805e-13,GOOD,,257.3749499786295,257.37494997862973,-2.2737367544323206e-13,GOOD,,,,,MISSING,,,,,MISSING,,f1640d84912d4bcd5a778d0ad548b79a819adf5bfc53b9d1847a1111faa28216,run_ec8c1d4095ea480a906b81611a7dc932.f1640d84912d4bcd5a778d0ad548b79a819adf5bfc53b9d1847a1111faa28216,2026-10-03T10:47:07.051965+00:00,2026-10-03T10:47:07.051965+00:00,2026-01-01T14:15:00.000000+00:00,demo.generator.v2.map.5c262229d3fe,sha256:e0e03a76b126628a9293c6eff54155b21558e908ffbe39b25f6f484ab14839fa,"{""adapter_version"": ""csv.adapter.v2"", ""declared_timezone"": ""Asia/Colombo"", ""mapping_version"": ""5c262229d3fe6a666ae239aa791a2c308149326550fef3fd18c5634474cb8de6"", ""original_row"": {""Ir_A"": ""257.3749499786295"", ""Is_A"": ""254.5032813661561"", ""Pr_MW"": ""55.68859533960796"", ""Ps_MW"": ""56.72432066239945"", ""Qr_MVAr"": ""11.277719067921591"", ""Qs_MVAr"": ""12.66505598076929"", ""Vr_kV"": ""127.3283618605328"", ""Vs_kV"": ""131.8222148834902"", ""connection_state"": ""CONNECTED"", ""timestamp"": ""2026-01-01T14:15:00Z""}, ""row_number"": 173, ""terminal_directions"": ""receiving P/Q positive out""}"
2026-01-01T14:20:00.000000+00:00,TL_001,synthetic,SOLVED,rev_6e24672c52e849e3b7890d53aaeb4d40.TL_001,rev_6e24672c52e849e3b7890d53aaeb4d40,127.38281955283752,127.48196688793152,-0.09914733509400264,1.009679309427824,42.610562723102994,05014d6f66b27398d5c2ae789be40dd0e63fd6044ab307b341b2a40c647709ca,131.81321178182446,,,GOOD,,127.38281955283752,127.48196688793152,-0.09914733509400264,GOOD,,55.32847127297908,55.32847127297909,,GOOD,,11.205694254595816,11.205694254595796,,GOOD,,56.276253434102756,56.33815058240691,-0.061897148304154825,GOOD,,12.533060362071742,12.533060362071758,-1.5987211554602254e-14,GOOD,,252.79703264321662,252.79703264321674,-1.1368683772161603e-13,GOOD,,255.66337633861798,255.66337633861795,2.842170943040401e-14,GOOD,,,,,MISSING,,,,,MISSING,,267bd655cf742c60298f8eb7a355911ffd1a8e51196c496c36f1921fd629a9bc,run_ec8c1d4095ea480a906b81611a7dc932.267bd655cf742c60298f8eb7a355911ffd1a8e51196c496c36f1921fd629a9bc,2026-10-03T10:47:07.417410+00:00,2026-10-03T10:47:07.417410+00:00,2026-01-01T14:20:00.000000+00:00,demo.generator.v2.map.5c262229d3fe,sha256:e0e03a76b126628a9293c6eff54155b21558e908ffbe39b25f6f484ab14839fa,"{""adapter_version"": ""csv.adapter.v2"", ""declared_timezone"": ""Asia/Colombo"", ""mapping_version"": ""5c262229d3fe6a666ae239aa791a2c308149326550fef3fd18c5634474cb8de6"", ""original_row"": {""Ir_A"": ""255.66337633861798"", ""Is_A"": ""252.79703264321662"", ""Pr_MW"": ""55.32847127297908"", ""Ps_MW"": ""56.276253434102756"", ""Qr_MVAr"": ""11.205694254595816"", ""Qs_MVAr"": ""12.533060362071742"", ""Vr_kV"": ""127.38281955283752"", ""Vs_kV"": ""131.81321178182446"", ""connection_state"": ""CONNECTED"", ""timestamp"": ""2026-01-01T14:20:00Z""}, ""row_number"": 174, ""terminal_directions"": ""receiving P/Q positive out""}"
2026-01-01T14:25:00.000000+00:00,TL_001,synthetic,SOLVED,rev_6e24672c52e849e3b7890d53aaeb4d40.TL_001,rev_6e24672c52e849e3b7890d53aaeb4d40,127.36184711265457,127.50549537412569,-0.14364826147111387,0.9963516242147321,42.3297442367299,05014d6f66b27398d5c2ae789be40dd0e63fd6044ab307b341b2a40c647709ca,131.8043451758182,,,GOOD,,127.36184711265457,127.50549537412569,-0.14364826147111387,GOOD,,54.97380703272836,54.97380703272838,,GOOD,,11.134761406545671,11.13476140654571,,GOOD,,55.9878858466269,55.97015865694311,0.01772718968378939,GOOD,,12.40348237724849,12.403482377248547,-5.684341886080802e-14,GOOD,,251.11739402283325,251.11739402283345,-1.9895196601282805e-13,GOOD,,253.9784654203791,253.9784654203794,-2.8421709430404007e-13,GOOD,,,,,MISSING,,,,,MISSING,,48160352e70727214911a85a43b2957477ed8be696594f365237f01456c36629,run_ec8c1d4095ea480a906b81611a7dc932.48160352e70727214911a85a43b2957477ed8be696594f365237f01456c36629,2026-10-03T10:47:07.609578+00:00,2026-10-03T10:47:07.609578+00:00,2026-01-01T14:25:00.000000+00:00,demo.generator.v2.map.5c262229d3fe,sha256:e0e03a76b126628a9293c6eff54155b21558e908ffbe39b25f6f484ab14839fa,"{""adapter_version"": ""csv.adapter.v2"", ""declared_timezone"": ""Asia/Colombo"", ""mapping_version"": ""5c262229d3fe6a666ae239aa791a2c308149326550fef3fd18c5634474cb8de6"", ""original_row"": {""Ir_A"": ""253.9784654203791"", ""Is_A"": ""251.11739402283325"", ""Pr_MW"": ""54.97380703272836"", ""Ps_MW"": ""55.9878858466269"", ""Qr_MVAr"": ""11.134761406545671"", ""Qs_MVAr"": ""12.40348237724849"", ""Vr_kV"": ""127.36184711265457"", ""Vs_kV"": ""131.8043451758182"", ""connection_state"": ""CONNECTED"", ""timestamp"": ""2026-01-01T14:25:00Z""}, ""row_number"": 175, ""terminal_directions"": ""receiving P/Q positive out""}"
2026-01-01T14:30:00.000000+00:00,TL_001,synthetic,SOLVED,rev_6e24672c52e849e3b7890d53aaeb4d40.TL_001,rev_6e24672c52e849e3b7890d53aaeb4d40,127.36480181061793,127.5286089271872,-0.1638071165692594,0.9833273558327207,42.05349729428022,05014d6f66b27398d5c2ae789be40dd0e63fd6044ab307b341b2a40c647709ca,131.79561928549563,,,GOOD,,127.36480181061793,127.5286089271872,-0.1638071165692594,GOOD,,54.62477141982559,54.62477141982561,,GOOD,,11.064954283965118,11.064954283965216,,GOOD,,55.65237724709992,55.608098775658334,0.044278471441586476,GOOD,,12.27636376701189,12.276363767011969,-7.815970093361102e-14,GOOD,,249.4651287786635,249.4651287786637,-1.9895196601282805e-13,GOOD,,252.32098376568115,252.3209837656813,-1.4210854715202004e-13,GOOD,,,,,MISSING,,,,,MISSING,,fdbae7cb564c65c827f22aa3aa6edcc5146ce7af870d4f3aa5905f299cddd380,run_ec8c1d4095ea480a906b81611a7dc932.fdbae7cb564c65c827f22aa3aa6edcc5146ce7af870d4f3aa5905f299cddd380,2026-10-03T10:47:07.825100+00:00,2026-10-03T10:47:07.825100+00:00,2026-01-01T14:30:00.000000+00:00,demo.generator.v2.map.5c262229d3fe,sha256:e0e03a76b126628a9293c6eff54155b21558e908ffbe39b25f6f484ab14839fa,"{""adapter_version"": ""csv.adapter.v2"", ""declared_timezone"": ""Asia/Colombo"", ""mapping_version"": ""5c262229d3fe6a666ae239aa791a2c308149326550fef3fd18c5634474cb8de6"", ""original_row"": {""Ir_A"": ""252.32098376568115"", ""Is_A"": ""249.4651287786635"", ""Pr_MW"": ""54.62477141982559"", ""Ps_MW"": ""55.65237724709992"", ""Qr_MVAr"": ""11.064954283965118"", ""Qs_MVAr"": ""12.27636376701189"", ""Vr_kV"": ""127.36480181061793"", ""Vs_kV"": ""131.79561928549563"", ""connection_state"": ""CONNECTED"", ""timestamp"": ""2026-01-01T14:30:00Z""}, ""row_number"": 176, ""terminal_directions"": ""receiving P/Q positive out""}"
2026-01-01T14:35:00.000000+00:00,TL_001,synthetic,SOLVED,rev_6e24672c52e849e3b7890d53aaeb4d40.TL_001,rev_6e24672c52e849e3b7890d53aaeb4d40,127.42614730241067,127.55129863960036,-0.12515133718969196,0.9706081085981566,41.781947436511714,05014d6f66b27398d5c2ae789be40dd0e63fd6044ab307b341b2a40c647709ca,131.78703826390796,,,GOOD,,127.42614730241067,127.55129863960036,-0.12515133718969196,GOOD,,54.28153055631882,54.28153055631881,,GOOD,,10.996306111263765,10.996306111263578,,GOOD,,55.27753618449225,55.25213866491697,0.025397519575278693,GOOD,,12.151744888840318,12.15174488884012,1.971756091734278e-13,GOOD,,247.84098685612202,247.84098685612196,5.684341886080802e-14,GOOD,,250.69168461907037,250.69168461907026,1.1368683772161603e-13,GOOD,,,,,MISSING,,,,,MISSING,,0e7f3db98fa526006134b786b41544efc57d1e573ab6e0c6315344ad0dfc631a,run_ec8c1d4095ea480a906b81611a7dc932.0e7f3db98fa526006134b786b41544efc57d1e573ab6e0c6315344ad0dfc631a,2026-10-03T10:47:08.124688+00:00,2026-10-03T10:47:08.124688+00:00,2026-01-01T14:35:00.000000+00:00,demo.generator.v2.map.5c262229d3fe,sha256:e0e03a76b126628a9293c6eff54155b21558e908ffbe39b25f6f484ab14839fa,"{""adapter_version"": ""csv.adapter.v2"", ""declared_timezone"": ""Asia/Colombo"", ""mapping_version"": ""5c262229d3fe6a666ae239aa791a2c308149326550fef3fd18c5634474cb8de6"", ""original_row"": {""Ir_A"": ""250.69168461907037"", ""Is_A"": ""247.84098685612202"", ""Pr_MW"": ""54.28153055631882"", ""Ps_MW"": ""55.27753618449225"", ""Qr_MVAr"": ""10.996306111263765"", ""Qs_MVAr"": ""12.151744888840318"", ""Vr_kV"": ""127.42614730241067"", ""Vs_kV"": ""131.78703826390796"", ""connection_state"": ""CONNECTED"", ""timestamp"": ""2026-01-01T14:35:00Z""}, ""row_number"": 177, ""terminal_directions"": ""receiving P/Q positive out""}"
2026-01-01T14:40:00.000000+00:00,TL_001,synthetic,SOLVED,rev_6e24672c52e849e3b7890d53aaeb4d40.TL_001,rev_6e24672c52e849e3b7890d53aaeb4d40,127.42928119646052,127.5735558218847,-0.14427462542417402,0.958195301593058,41.51521793874758,05014d6f66b27398d5c2ae789be40dd0e63fd6044ab307b341b2a40c647709ca,131.77860619515673,,,GOOD,,127.42928119646052,127.5735558218847,-0.14427462542417402,GOOD,,53.94424780626922,53.944247806269175,,GOOD,,10.928849561253845,10.928849561253791,,GOOD,,54.92685601856129,54.90244310786223,0.0244129106990556,GOOD,,12.029664734838784,12.029664734838649,1.3500311979441904e-13,GOOD,,246.24570457917548,246.24570457917505,4.263256414560601e-13,GOOD,,249.09130763248587,249.0913076324855,3.694822225952521e-13,GOOD,,,,,MISSING,,,,,MISSING,,b626031af77d0e91212d21f30a773505f29bd2d8ed4493fa76f2195a2cdf589f,run_ec8c1d4095ea480a906b81611a7dc932.b626031af77d0e91212d21f30a773505f29bd2d8ed4493fa76f2195a2cdf589f,2026-10-03T10:47:08.413966+00:00,2026-10-03T10:47:08.413966+00:00,2026-01-01T14:40:00.000000+00:00,demo.generator.v2.map.5c262229d3fe,sha256:e0e03a76b126628a9293c6eff54155b21558e908ffbe39b25f6f484ab14839fa,"{""adapter_version"": ""csv.adapter.v2"", ""declared_timezone"": ""Asia/Colombo"", ""mapping_version"": ""5c262229d3fe6a666ae239aa791a2c308149326550fef3fd18c5634474cb8de6"", ""original_row"": {""Ir_A"": ""249.09130763248587"", ""Is_A"": ""246.24570457917548"", ""Pr_MW"": ""53.94424780626922"", ""Ps_MW"": ""54.92685601856129"", ""Qr_MVAr"": ""10.928849561253845"", ""Qs_MVAr"": ""12.029664734838784"", ""Vr_kV"": ""127.42928119646052"", ""Vs_kV"": ""131.77860619515673"", ""connection_state"": ""CONNECTED"", ""timestamp"": ""2026-01-01T14:40:00Z""}, ""row_number"": 178, ""terminal_directions"": ""receiving P/Q positive out""}"
2026-01-01T14:45:00.000000+00:00,TL_001,synthetic,SOLVED,rev_6e24672c52e849e3b7890d53aaeb4d40.TL_001,rev_6e24672c52e849e3b7890d53aaeb4d40,127.48355451772382,127.59537200290602,-0.11181748518220047,0.9460901764895695,41.25342976268883,05014d6f66b27398d5c2ae789be40dd0e63fd6044ab307b341b2a40c647709ca,131.77032709244995,,,GOOD,,127.48355451772382,127.59537200290602,-0.11181748518220047,GOOD,,53.61308369799861,53.61308369799862,,GOOD,,10.862616739599723,10.862616739599753,,GOOD,,54.5661602150923,54.55917387448819,0.006986340604115071,GOOD,,11.910160950445652,11.910160950445709,-5.684341886080802e-14,GOOD,,244.68000436365853,244.6800043636586,-8.526512829121202e-14,GOOD,,247.5205785761328,247.520578576133,-1.9895196601282805e-13,GOOD,,,,,MISSING,,,,,MISSING,,9733249171c68469f44056dd56a0c223a82be1e4332e4ecf890842b8c0a74441,run_ec8c1d4095ea480a906b81611a7dc932.9733249171c68469f44056dd56a0c223a82be1e4332e4ecf890842b8c0a74441,2026-10-03T10:47:08.602322+00:00,2026-10-03T10:47:08.602322+00:00,2026-01-01T14:45:00.000000+00:00,demo.generator.v2.map.5c262229d3fe,sha256:e0e03a76b126628a9293c6eff54155b21558e908ffbe39b25f6f484ab14839fa,"{""adapter_version"": ""csv.adapter.v2"", ""declared_timezone"": ""Asia/Colombo"", ""mapping_version"": ""5c262229d3fe6a666ae239aa791a2c308149326550fef3fd18c5634474cb8de6"", ""original_row"": {""Ir_A"": ""247.5205785761328"", ""Is_A"": ""244.68000436365853"", ""Pr_MW"": ""53.61308369799861"", ""Ps_MW"": ""54.5661602150923"", ""Qr_MVAr"": ""10.862616739599723"", ""Qs_MVAr"": ""11.910160950445652"", ""Vr_kV"": ""127.48355451772382"", ""Vs_kV"": ""131.77032709244995"", ""connection_state"": ""CONNECTED"", ""timestamp"": ""2026-01-01T14:45:00Z""}, ""row_number"": 179, ""terminal_directions"": ""receiving P/Q positive out""}"
2026-01-01T14:50:00.000000+00:00,TL_001,synthetic,SOLVED,rev_6e24672c52e849e3b7890d53aaeb4d40.TL_001,rev_6e24672c52e849e3b7890d53aaeb4d40,127.48791514377884,127.61673893007716,-0.12882378629832658,0.9342938054894177,40.99670150927816,05014d6f66b27398d5c2ae789be40dd0e63fd6044ab307b341b2a40c647709ca,131.76220489619217,,,GOOD,,127.48791514377884,127.61673893007716,-0.12882378629832658,GOOD,,53.288195847686794,53.28819584768678,,GOOD,,10.797639169537359,10.797639169537298,,GOOD,,54.23059995035466,54.2224896531762,0.008110297178461678,GOOD,,11.793269853917469,11.793269853917492,-2.3092638912203256e-14,GOOD,,243.14459443717067,243.14459443717075,-8.526512829121202e-14,GOOD,,245.98020905566898,245.98020905566895,2.842170943040401e-14,GOOD,,,,,MISSING,,,,,MISSING,,cc78fd2293a3480e22cacba0a2b2a61a24df3add52b67478869eba990a449023,run_ec8c1d4095ea480a906b81611a7dc932.cc78fd2293a3480e22cacba0a2b2a61a24df3add52b67478869eba990a449023,2026-10-03T10:47:08.897020+00:00,2026-10-03T10:47:08.897020+00:00,2026-01-01T14:50:00.000000+00:00,demo.generator.v2.map.5c262229d3fe,sha256:e0e03a76b126628a9293c6eff54155b21558e908ffbe39b25f6f484ab14839fa,"{""adapter_version"": ""csv.adapter.v2"", ""declared_timezone"": ""Asia/Colombo"", ""mapping_version"": ""5c262229d3fe6a666ae239aa791a2c308149326550fef3fd18c5634474cb8de6"", ""original_row"": {""Ir_A"": ""245.98020905566898"", ""Is_A"": ""243.14459443717067"", ""Pr_MW"": ""53.288195847686794"", ""Ps_MW"": ""54.23059995035466"", ""Qr_MVAr"": ""10.797639169537359"", ""Qs_MVAr"": ""11.793269853917469"", ""Vr_kV"": ""127.48791514377884"", ""Vs_kV"": ""131.76220489619217"", ""connection_state"": ""CONNECTED"", ""timestamp"": ""2026-01-01T14:50:00Z""}, ""row_number"": 180, ""terminal_directions"": ""receiving P/Q positive out""}"
2026-01-01T14:55:00.000000+00:00,TL_001,synthetic,SOLVED,rev_6e24672c52e849e3b7890d53aaeb4d40.TL_001,rev_6e24672c52e849e3b7890d53aaeb4d40,127.48655140304402,127.63764856945447,-0.15109716641045168,0.922807099360142,40.74514937262208,05014d6f66b27398d5c2ae789be40dd0e63fd6044ab307b341b2a40c647709ca,131.75424347210887,,,GOOD,,127.48655140304402,127.63764856945447,-0.15109716641045168,GOOD,,52.96973888435461,52.96973888435461,,GOOD,,10.733947776870924,10.733947776870872,,GOOD,,53.88812012330754,53.892545983714754,-0.0044258604072169305,GOOD,,11.679026456513581,11.6790264565136,-1.9539925233402755e-14,GOOD,,241.64016856559303,241.64016856559311,-8.526512829121202e-14,GOOD,,244.47089623573254,244.47089623573248,5.684341886080802e-14,GOOD,,,,,MISSING,,,,,MISSING,,ba6d70e213340f554a12ec8ec11110a91f9e6b5b7655728907d7692f1b9bd176,run_ec8c1d4095ea480a906b81611a7dc932.ba6d70e213340f554a12ec8ec11110a91f9e6b5b7655728907d7692f1b9bd176,2026-10-03T10:47:09.076125+00:00,2026-10-03T10:47:09.076125+00:00,2026-01-01T14:55:00.000000+00:00,demo.generator.v2.map.5c262229d3fe,sha256:e0e03a76b126628a9293c6eff54155b21558e908ffbe39b25f6f484ab14839fa,"{""adapter_version"": ""csv.adapter.v2"", ""declared_timezone"": ""Asia/Colombo"", ""mapping_version"": ""5c262229d3fe6a666ae239aa791a2c308149326550fef3fd18c5634474cb8de6"", ""original_row"": {""Ir_A"": ""244.47089623573254"", ""Is_A"": ""241.64016856559303"", ""Pr_MW"": ""52.96973888435461"", ""Ps_MW"": ""53.88812012330754"", ""Qr_MVAr"": ""10.733947776870924"", ""Qs_MVAr"": ""11.679026456513581"", ""Vr_kV"": ""127.48655140304402"", ""Vs_kV"": ""131.75424347210887"", ""connection_state"": ""CONNECTED"", ""timestamp"": ""2026-01-01T14:55:00Z""}, ""row_number"": 181, ""terminal_directions"": ""receiving P/Q positive out""}"
2026-01-01T15:00:00.000000+00:00,TL_001,synthetic,SOLVED,rev_6e24672c52e849e3b7890d53aaeb4d40.TL_001,rev_6e24672c52e849e3b7890d53aaeb4d40,127.52090051946443,127.65809310573721,-0.13719258627277497,0.9116308155497492,40.49888709497695,05014d6f66b27398d5c2ae789be40dd0e63fd6044ab307b341b2a40c647709ca,131.74644660940672,,,GOOD,,127.52090051946443,127.65809310573721,-0.13719258627277497,GOOD,,52.657864376269046,52.657864376269025,,GOOD,,10.67157287525381,10.671572875253691,,GOOD,,53.580997007749396,53.569495191818774,0.011501815930621717,GOOD,,11.56746448331063,11.567464483310525,1.0480505352461478e-13,GOOD,,240.16740578627966,240.16740578627957,8.526512829121202e-14,GOOD,,242.99332256986185,242.9933225698617,1.4210854715202004e-13,GOOD,,,,,MISSING,,,,,MISSING,,4e3a08fd3939bd1ef539a0c1f12396d328080433641e65892e7509d91247e89e,run_ec8c1d4095ea480a906b81611a7dc932.4e3a08fd3939bd1ef539a0c1f12396d328080433641e65892e7509d91247e89e,2026-10-03T10:47:09.373935+00:00,2026-10-03T10:47:09.373935+00:00,2026-01-01T15:00:00.000000+00:00,demo.generator.v2.map.5c262229d3fe,sha256:e0e03a76b126628a9293c6eff54155b21558e908ffbe39b25f6f484ab14839fa,"{""adapter_version"": ""csv.adapter.v2"", ""declared_timezone"": ""Asia/Colombo"", ""mapping_version"": ""5c262229d3fe6a666ae239aa791a2c308149326550fef3fd18c5634474cb8de6"", ""original_row"": {""Ir_A"": ""242.99332256986185"", ""Is_A"": ""240.16740578627966"", ""Pr_MW"": ""52.657864376269046"", ""Ps_MW"": ""53.580997007749396"", ""Qr_MVAr"": ""10.67157287525381"", ""Qs_MVAr"": ""11.56746448331063"", ""Vr_kV"": ""127.52090051946443"", ""Vs_kV"": ""131.74644660940672"", ""connection_state"": ""CONNECTED"", ""timestamp"": ""2026-01-01T15:00:00Z""}, ""row_number"": 182, ""terminal_directions"": ""receiving P/Q positive out""}"
2026-01-01T15:05:00.000000+00:00,TL_001,synthetic,SOLVED,rev_6e24672c52e849e3b7890d53aaeb4d40.TL_001,rev_6e24672c52e849e3b7890d53aaeb4d40,127.56361414787219,127.67806494217515,-0.114450794302968,0.9007655663610592,40.25802592280705,05014d6f66b27398d5c2ae789be40dd0e63fd6044ab307b341b2a40c647709ca,131.7388180189701,,,GOOD,,127.56361414787219,127.67806494217515,-0.114450794302968,GOOD,,52.352720758804885,52.35272075880491,,GOOD,,10.610544151760978,10.61054415176096,,GOOD,,53.221730242706606,53.253486325165966,-0.0317560824593599,GOOD,,11.458616394571335,11.458616394571312,2.3092638912203256e-14,GOOD,,238.72697014796518,238.7269701479652,-2.842170943040401e-14,GOOD,,241.5481555368422,241.54815553684227,-8.526512829121202e-14,GOOD,,,,,MISSING,,,,,MISSING,,010b71414eaba0d5c7b709426681387461806b21907ba2557bbebf4023d113b9,run_ec8c1d4095ea480a906b81611a7dc932.010b71414eaba0d5c7b709426681387461806b21907ba2557bbebf4023d113b9,2026-10-03T10:47:09.675285+00:00,2026-10-03T10:47:09.675285+00:00,2026-01-01T15:05:00.000000+00:00,demo.generator.v2.map.5c262229d3fe,sha256:e0e03a76b126628a9293c6eff54155b21558e908ffbe39b25f6f484ab14839fa,"{""adapter_version"": ""csv.adapter.v2"", ""declared_timezone"": ""Asia/Colombo"", ""mapping_version"": ""5c262229d3fe6a666ae239aa791a2c308149326550fef3fd18c5634474cb8de6"", ""original_row"": {""Ir_A"": ""241.5481555368422"", ""Is_A"": ""238.72697014796518"", ""Pr_MW"": ""52.352720758804885"", ""Ps_MW"": ""53.221730242706606"", ""Qr_MVAr"": ""10.610544151760978"", ""Qs_MVAr"": ""11.458616394571335"", ""Vr_kV"": ""127.56361414787219"", ""Vs_kV"": ""131.7388180189701"", ""connection_state"": ""CONNECTED"", ""timestamp"": ""2026-01-01T15:05:00Z""}, ""row_number"": 183, ""terminal_directions"": ""receiving P/Q positive out""}"
2026-01-01T15:10:00.000000+00:00,TL_001,synthetic,SOLVED,rev_6e24672c52e849e3b7890d53aaeb4d40.TL_001,rev_6e24672c52e849e3b7890d53aaeb4d40,127.56031097304863,127.69755670039122,-0.137245727342588,0.8902118271678532,40.02267456391987,05014d6f66b27398d5c2ae789be40dd0e63fd6044ab307b341b2a40c647709ca,131.73136133159494,,,GOOD,,127.56031097304863,127.69755670039122,-0.137245727342588,GOOD,,52.05445326379752,52.05445326379752,,GOOD,,10.550890652759504,10.550890652759403,,GOOD,,52.98910875739513,52.94466509096537,0.044443666429756945,GOOD,,11.35251340759465,11.35251340759459,6.039613253960852e-14,GOOD,,237.31951045743114,237.31951045743114,0.0,GOOD,,240.13604738351927,240.1360473835192,5.684341886080802e-14,GOOD,,,,,MISSING,,,,,MISSING,,4a5a69d30e01931c706257f433a4044a31adc194d7b02348ad89ccb9ba7cc4de,run_ec8c1d4095ea480a906b81611a7dc932.4a5a69d30e01931c706257f433a4044a31adc194d7b02348ad89ccb9ba7cc4de,2026-10-03T10:47:10.010396+00:00,2026-10-03T10:47:10.010396+00:00,2026-01-01T15:10:00.000000+00:00,demo.generator.v2.map.5c262229d3fe,sha256:e0e03a76b126628a9293c6eff54155b21558e908ffbe39b25f6f484ab14839fa,"{""adapter_version"": ""csv.adapter.v2"", ""declared_timezone"": ""Asia/Colombo"", ""mapping_version"": ""5c262229d3fe6a666ae239aa791a2c308149326550fef3fd18c5634474cb8de6"", ""original_row"": {""Ir_A"": ""240.13604738351927"", ""Is_A"": ""237.31951045743114"", ""Pr_MW"": ""52.05445326379752"", ""Ps_MW"": ""52.98910875739513"", ""Qr_MVAr"": ""10.550890652759504"", ""Qs_MVAr"": ""11.35251340759465"", ""Vr_kV"": ""127.56031097304863"", ""Vs_kV"": ""131.73136133159494"", ""connection_state"": ""CONNECTED"", ""timestamp"": ""2026-01-01T15:10:00Z""}, ""row_number"": 184, ""terminal_directions"": ""receiving P/Q positive out""}"
2026-01-01T15:15:00.000000+00:00,TL_001,synthetic,SOLVED,rev_6e24672c52e849e3b7890d53aaeb4d40.TL_001,rev_6e24672c52e849e3b7890d53aaeb4d40,127.56665265939868,127.71656122012455,-0.14990856072586212,0.8799699446540785,39.792939145686844,05014d6f66b27398d5c2ae789be40dd0e63fd6044ab307b341b2a40c647709ca,131.7240800962605,,,GOOD,,127.56665265939868,127.71656122012455,-0.14990856072586212,GOOD,,51.76320385042045,51.763203850420446,,GOOD,,10.49264077008409,10.492640770084009,,GOOD,,52.618506294555814,52.643173795074524,-0.024667500518710028,GOOD,,11.249185518974665,11.249185518974745,-7.993605777301127e-14,GOOD,,235.94566003297408,235.94566003297416,-8.526512829121202e-14,GOOD,,238.75763487412104,238.75763487412104,0.0,GOOD,,,,,MISSING,,,,,MISSING,,0249ffbea0444c2bd3b82fdce6f177c2128abfc1c8b51c5ee488606fef3b3df2,run_ec8c1d4095ea480a906b81611a7dc932.0249ffbea0444c2bd3b82fdce6f177c2128abfc1c8b51c5ee488606fef3b3df2,2026-10-03T10:47:10.194992+00:00,2026-10-03T10:47:10.194992+00:00,2026-01-01T15:15:00.000000+00:00,demo.generator.v2.map.5c262229d3fe,sha256:e0e03a76b126628a9293c6eff54155b21558e908ffbe39b25f6f484ab14839fa,"{""adapter_version"": ""csv.adapter.v2"", ""declared_timezone"": ""Asia/Colombo"", ""mapping_version"": ""5c262229d3fe6a666ae239aa791a2c308149326550fef3fd18c5634474cb8de6"", ""original_row"": {""Ir_A"": ""238.75763487412104"", ""Is_A"": ""235.94566003297408"", ""Pr_MW"": ""51.76320385042045"", ""Ps_MW"": ""52.618506294555814"", ""Qr_MVAr"": ""10.49264077008409"", ""Qs_MVAr"": ""11.249185518974665"", ""Vr_kV"": ""127.56665265939868"", ""Vs_kV"": ""131.7240800962605"", ""connection_state"": ""CONNECTED"", ""timestamp"": ""2026-01-01T15:15:00Z""}, ""row_number"": 185, ""terminal_directions"": ""receiving P/Q positive out""}"
2026-01-01T15:20:00.000000+00:00,TL_001,synthetic,SOLVED,rev_6e24672c52e849e3b7890d53aaeb4d40.TL_001,rev_6e24672c52e849e3b7890d53aaeb4d40,127.60379679387574,127.73507155890151,-0.13127476502576485,0.8700401450588586,39.56892317435382,05014d6f66b27398d5c2ae789be40dd0e63fd6044ab307b341b2a40c647709ca,131.7169777784405,,,GOOD,,127.60379679387574,127.73507155890151,-0.13127476502576485,GOOD,,51.479111137620436,51.479111137620414,,GOOD,,10.435822227524088,10.435822227523966,,GOOD,,52.374482838393845,52.34915128267927,0.025331555714572573,GOOD,,11.148661527194916,11.148661527194804,1.1191048088221578e-13,GOOD,,234.60603646471134,234.60603646471125,8.526512829121202e-14,GOOD,,237.41353904612308,237.4135390461229,1.7053025658242404e-13,GOOD,,,,,MISSING,,,,,MISSING,,0dd3112b75314c5fccb5858a6d60967262f787393185c10e33f9453f85494d3e,run_ec8c1d4095ea480a906b81611a7dc932.0dd3112b75314c5fccb5858a6d60967262f787393185c10e33f9453f85494d3e,2026-10-03T10:47:10.387848+00:00,2026-10-03T10:47:10.387848+00:00,2026-01-01T15:20:00.000000+00:00,demo.generator.v2.map.5c262229d3fe,sha256:e0e03a76b126628a9293c6eff54155b21558e908ffbe39b25f6f484ab14839fa,"{""adapter_version"": ""csv.adapter.v2"", ""declared_timezone"": ""Asia/Colombo"", ""mapping_version"": ""5c262229d3fe6a666ae239aa791a2c308149326550fef3fd18c5634474cb8de6"", ""original_row"": {""Ir_A"": ""237.41353904612308"", ""Is_A"": ""234.60603646471134"", ""Pr_MW"": ""51.479111137620436"", ""Ps_MW"": ""52.374482838393845"", ""Qr_MVAr"": ""10.435822227524088"", ""Qs_MVAr"": ""11.148661527194916"", ""Vr_kV"": ""127.60379679387574"", ""Vs_kV"": ""131.7169777784405"", ""connection_state"": ""CONNECTED"", ""timestamp"": ""2026-01-01T15:20:00Z""}, ""row_number"": 186, ""terminal_directions"": ""receiving P/Q positive out""}"
2026-01-01T15:25:00.000000+00:00,TL_001,synthetic,SOLVED,rev_6e24672c52e849e3b7890d53aaeb4d40.TL_001,rev_6e24672c52e849e3b7890d53aaeb4d40,127.61771182308856,127.75308099163915,-0.13536916855059644,0.8604225424083793,39.350727495449675,05014d6f66b27398d5c2ae789be40dd0e63fd6044ab307b341b2a40c647709ca,131.71005775845356,,,GOOD,,127.61771182308856,127.75308099163915,-0.13536916855059644,GOOD,,51.20231033814237,51.20231033814233,,GOOD,,10.380462067628475,10.38046206762855,,GOOD,,52.10260169826386,52.06273288055071,0.039868817713148985,GOOD,,11.050969055485973,11.0509690554861,-1.2612133559741778e-13,GOOD,,233.3012413817618,233.3012413817618,0.0,GOOD,,236.10436497269802,236.10436497269808,-5.684341886080802e-14,GOOD,,,,,MISSING,,,,,MISSING,,37b4f95b18305f373d6143791f1cde58406620b3108697ba2604ef159588cf4a,run_ec8c1d4095ea480a906b81611a7dc932.37b4f95b18305f373d6143791f1cde58406620b3108697ba2604ef159588cf4a,2026-10-03T10:47:10.687953+00:00,2026-10-03T10:47:10.687953+00:00,2026-01-01T15:25:00.000000+00:00,demo.generator.v2.map.5c262229d3fe,sha256:e0e03a76b126628a9293c6eff54155b21558e908ffbe39b25f6f484ab14839fa,"{""adapter_version"": ""csv.adapter.v2"", ""declared_timezone"": ""Asia/Colombo"", ""mapping_version"": ""5c262229d3fe6a666ae239aa791a2c308149326550fef3fd18c5634474cb8de6"", ""original_row"": {""Ir_A"": ""236.10436497269802"", ""Is_A"": ""233.3012413817618"", ""Pr_MW"": ""51.20231033814237"", ""Ps_MW"": ""52.10260169826386"", ""Qr_MVAr"": ""10.380462067628475"", ""Qs_MVAr"": ""11.050969055485973"", ""Vr_kV"": ""127.61771182308856"", ""Vs_kV"": ""131.71005775845356"", ""connection_state"": ""CONNECTED"", ""timestamp"": ""2026-01-01T15:25:00Z""}, ""row_number"": 187, ""terminal_directions"": ""receiving P/Q positive out""}"
2026-01-01T15:30:00.000000+00:00,TL_001,synthetic,SOLVED,rev_6e24672c52e849e3b7890d53aaeb4d40.TL_001,rev_6e24672c52e849e3b7890d53aaeb4d40,127.651851823034,127.77058301018849,-0.11873118715449493,0.8511171467177405,39.138450255297684,05014d6f66b27398d5c2ae789be40dd0e63fd6044ab307b341b2a40c647709ca,131.70332332985438,,,GOOD,,127.651851823034,127.77058301018849,-0.11873118715449493,GOOD,,50.9329331941753,50.93293319417529,,GOOD,,10.32658663883506,10.32658663883515,,GOOD,,51.80930494289973,51.78405034089303,0.02525460200669727,GOOD,,10.956134574875861,10.956134574875993,-1.3145040611561853e-13,GOOD,,232.0318602263339,232.03186022633406,-1.7053025658242404e-13,GOOD,,234.83070153178596,234.8307015317861,-1.4210854715202004e-13,GOOD,,,,,MISSING,,,,,MISSING,,1c0b3999619ea5e6d57b9062c724603f297933a276b15b3b8dc59006db1ca293,run_ec8c1d4095ea480a906b81611a7dc932.1c0b3999619ea5e6d57b9062c724603f297933a276b15b3b8dc59006db1ca293,2026-10-03T10:47:10.984373+00:00,2026-10-03T10:47:10.984373+00:00,2026-01-01T15:30:00.000000+00:00,demo.generator.v2.map.5c262229d3fe,sha256:e0e03a76b126628a9293c6eff54155b21558e908ffbe39b25f6f484ab14839fa,"{""adapter_version"": ""csv.adapter.v2"", ""declared_timezone"": ""Asia/Colombo"", ""mapping_version"": ""5c262229d3fe6a666ae239aa791a2c308149326550fef3fd18c5634474cb8de6"", ""original_row"": {""Ir_A"": ""234.83070153178596"", ""Is_A"": ""232.0318602263339"", ""Pr_MW"": ""50.9329331941753"", ""Ps_MW"": ""51.80930494289973"", ""Qr_MVAr"": ""10.32658663883506"", ""Qs_MVAr"": ""10.956134574875861"", ""Vr_kV"": ""127.651851823034"", ""Vs_kV"": ""131.70332332985438"", ""connection_state"": ""CONNECTED"", ""timestamp"": ""2026-01-01T15:30:00Z""}, ""row_number"": 188, ""terminal_directions"": ""receiving P/Q positive out""}"
2026-01-01T15:35:00.000000+00:00,TL_001,synthetic,SOLVED,rev_6e24672c52e849e3b7890d53aaeb4d40.TL_001,rev_6e24672c52e849e3b7890d53aaeb4d40,127.66252476076349,127.78757132282233,-0.12504656205884146,0.8421238721446898,38.932186863637185,05014d6f66b27398d5c2ae789be40dd0e63fd6044ab307b341b2a40c647709ca,131.69677769786625,,,GOOD,,127.66252476076349,127.78757132282233,-0.12504656205884146,GOOD,,50.67110791465034,50.67110791465036,,GOOD,,10.27422158293007,10.274221582930158,,GOOD,,51.5830613798054,51.513231786795046,0.06982959301035407,GOOD,,10.86418342736091,10.864183427361118,-2.078337502098293e-13,GOOD,,230.79846203475236,230.7984620347527,-3.410605131648481e-13,GOOD,,233.5931211818228,233.5931211818231,-3.126388037344441e-13,GOOD,,,,,MISSING,,,,,MISSING,,c9d98af2057d742e121b78dfe06ccc957a44e79331ea5f0fe28485906afbe1b2,run_ec8c1d4095ea480a906b81611a7dc932.c9d98af2057d742e121b78dfe06ccc957a44e79331ea5f0fe28485906afbe1b2,2026-10-03T10:47:11.255357+00:00,2026-10-03T10:47:11.255357+00:00,2026-01-01T15:35:00.000000+00:00,demo.generator.v2.map.5c262229d3fe,sha256:e0e03a76b126628a9293c6eff54155b21558e908ffbe39b25f6f484ab14839fa,"{""adapter_version"": ""csv.adapter.v2"", ""declared_timezone"": ""Asia/Colombo"", ""mapping_version"": ""5c262229d3fe6a666ae239aa791a2c308149326550fef3fd18c5634474cb8de6"", ""original_row"": {""Ir_A"": ""233.5931211818228"", ""Is_A"": ""230.79846203475236"", ""Pr_MW"": ""50.67110791465034"", ""Ps_MW"": ""51.5830613798054"", ""Qr_MVAr"": ""10.27422158293007"", ""Qs_MVAr"": ""10.86418342736091"", ""Vr_kV"": ""127.66252476076349"", ""Vs_kV"": ""131.69677769786625"", ""connection_state"": ""CONNECTED"", ""timestamp"": ""2026-01-01T15:35:00Z""}, ""row_number"": 189, ""terminal_directions"": ""receiving P/Q positive out""}"
2026-01-01T15:40:00.000000+00:00,TL_001,synthetic,SOLVED,rev_6e24672c52e849e3b7890d53aaeb4d40.TL_001,rev_6e24672c52e849e3b7890d53aaeb4d40,127.66355357901149,127.80403985367455,-0.1404862746630613,0.8334425450782703,38.732029957360695,05014d6f66b27398d5c2ae789be40dd0e63fd6044ab307b341b2a40c647709ca,131.6904239778555,,,GOOD,,127.66355357901149,127.80403985367455,-0.1404862746630613,GOOD,,50.416959114220155,50.41695911422017,,GOOD,,10.223391822844032,10.223391822844123,,GOOD,,51.19029599053643,51.25040165929844,-0.060105668762012954,GOOD,,10.775139849128582,10.775139849128895,-3.126388037344441e-13,GOOD,,229.6015992254501,229.60159922545037,-2.8421709430404007e-13,GOOD,,232.39217974416394,232.39217974416417,-2.2737367544323206e-13,GOOD,,,,,MISSING,,,,,MISSING,,15c6c54d162356a3e540cef505a33c978308d33a39664652db7c55dcb5e59a58,run_ec8c1d4095ea480a906b81611a7dc932.15c6c54d162356a3e540cef505a33c978308d33a39664652db7c55dcb5e59a58,2026-10-03T10:47:11.410484+00:00,2026-10-03T10:47:11.410484+00:00,2026-01-01T15:40:00.000000+00:00,demo.generator.v2.map.5c262229d3fe,sha256:e0e03a76b126628a9293c6eff54155b21558e908ffbe39b25f6f484ab14839fa,"{""adapter_version"": ""csv.adapter.v2"", ""declared_timezone"": ""Asia/Colombo"", ""mapping_version"": ""5c262229d3fe6a666ae239aa791a2c308149326550fef3fd18c5634474cb8de6"", ""original_row"": {""Ir_A"": ""232.39217974416394"", ""Is_A"": ""229.6015992254501"", ""Pr_MW"": ""50.416959114220155"", ""Ps_MW"": ""51.19029599053643"", ""Qr_MVAr"": ""10.223391822844032"", ""Qs_MVAr"": ""10.775139849128582"", ""Vr_kV"": ""127.66355357901149"", ""Vs_kV"": ""131.6904239778555"", ""connection_state"": ""CONNECTED"", ""timestamp"": ""2026-01-01T15:40:00Z""}, ""row_number"": 190, ""terminal_directions"": ""receiving P/Q positive out""}"
2026-01-01T15:45:00.000000+00:00,TL_001,synthetic,SOLVED,rev_6e24672c52e849e3b7890d53aaeb4d40.TL_001,rev_6e24672c52e849e3b7890d53aaeb4d40,127.7154384371205,127.81998274213618,-0.10454430501567913,0.8250729121452736,38.53806936537295,05014d6f66b27398d5c2ae789be40dd0e63fd6044ab307b341b2a40c647709ca,131.68426519384872,,,GOOD,,127.7154384371205,127.81998274213618,-0.10454430501567913,GOOD,,50.17060775394909,50.17060775394907,,GOOD,,10.174121550789819,10.17412155078979,,GOOD,,50.98194968316563,50.995680666094344,-0.013730982928713331,GOOD,,10.689026993762502,10.689026993762578,-7.638334409421077e-14,GOOD,,228.4418073939489,228.44180739394898,-8.526512829121202e-14,GOOD,,231.22841619223763,231.22841619223766,-2.842170943040401e-14,GOOD,,,,,MISSING,,,,,MISSING,,61007fdbb233128530e54110db48851bab975bf3d402ea13403d1caf732310c5,run_ec8c1d4095ea480a906b81611a7dc932.61007fdbb233128530e54110db48851bab975bf3d402ea13403d1caf732310c5,2026-10-03T10:47:11.662861+00:00,2026-10-03T10:47:11.662861+00:00,2026-01-01T15:45:00.000000+00:00,demo.generator.v2.map.5c262229d3fe,sha256:e0e03a76b126628a9293c6eff54155b21558e908ffbe39b25f6f484ab14839fa,"{""adapter_version"": ""csv.adapter.v2"", ""declared_timezone"": ""Asia/Colombo"", ""mapping_version"": ""5c262229d3fe6a666ae239aa791a2c308149326550fef3fd18c5634474cb8de6"", ""original_row"": {""Ir_A"": ""231.22841619223763"", ""Is_A"": ""228.4418073939489"", ""Pr_MW"": ""50.17060775394909"", ""Ps_MW"": ""50.98194968316563"", ""Qr_MVAr"": ""10.174121550789819"", ""Qs_MVAr"": ""10.689026993762502"", ""Vr_kV"": ""127.7154384371205"", ""Vs_kV"": ""131.68426519384872"", ""connection_state"": ""CONNECTED"", ""timestamp"": ""2026-01-01T15:45:00Z""}, ""row_number"": 191, ""terminal_directions"": ""receiving P/Q positive out""}"
2026-01-01T15:50:00.000000+00:00,TL_001,synthetic,SOLVED,rev_6e24672c52e849e3b7890d53aaeb4d40.TL_001,rev_6e24672c52e849e3b7890d53aaeb4d40,127.70068412218404,127.83539434221342,-0.13471022002937616,0.8170146481174143,38.35039207457792,05014d6f66b27398d5c2ae789be40dd0e63fd6044ab307b341b2a40c647709ca,131.67830427709356,,,GOOD,,127.70068412218404,127.83539434221342,-0.13471022002937616,GOOD,,49.93217108374229,49.9321710837423,,GOOD,,10.126434216748457,10.126434216748546,,GOOD,,50.78847225240552,50.74918573185971,0.039286520545807946,GOOD,,10.605866955362698,10.605866955362758,-6.039613253960852e-14,GOOD,,227.31960511485383,227.31960511485394,-1.1368683772161603e-13,GOOD,,230.10235244746744,230.1023524474675,-5.684341886080802e-14,GOOD,,,,,MISSING,,,,,MISSING,,cbc3086e8c1a2eadb3a10e7e5d83acf379095f5724e9713b5899ca9a2b1196f1,run_ec8c1d4095ea480a906b81611a7dc932.cbc3086e8c1a2eadb3a10e7e5d83acf379095f5724e9713b5899ca9a2b1196f1,2026-10-03T10:47:11.934583+00:00,2026-10-03T10:47:11.934583+00:00,2026-01-01T15:50:00.000000+00:00,demo.generator.v2.map.5c262229d3fe,sha256:e0e03a76b126628a9293c6eff54155b21558e908ffbe39b25f6f484ab14839fa,"{""adapter_version"": ""csv.adapter.v2"", ""declared_timezone"": ""Asia/Colombo"", ""mapping_version"": ""5c262229d3fe6a666ae239aa791a2c308149326550fef3fd18c5634474cb8de6"", ""original_row"": {""Ir_A"": ""230.10235244746744"", ""Is_A"": ""227.31960511485383"", ""Pr_MW"": ""49.93217108374229"", ""Ps_MW"": ""50.78847225240552"", ""Qr_MVAr"": ""10.126434216748457"", ""Qs_MVAr"": ""10.605866955362698"", ""Vr_kV"": ""127.70068412218404"", ""Vs_kV"": ""131.67830427709356"", ""connection_state"": ""CONNECTED"", ""timestamp"": ""2026-01-01T15:50:00Z""}, ""row_number"": 192, ""terminal_directions"": ""receiving P/Q positive out""}"
2026-01-01T15:55:00.000000+00:00,TL_001,synthetic,SOLVED,rev_6e24672c52e849e3b7890d53aaeb4d40.TL_001,rev_6e24672c52e849e3b7890d53aaeb4d40,127.68112579361969,127.85026922185432,-0.16914342823463357,0.8092673637034551,38.169082196998865,05014d6f66b27398d5c2ae789be40dd0e63fd6044ab307b341b2a40c647709ca,131.67254406466353,,,GOOD,,127.68112579361969,127.85026922185432,-0.16914342823463357,GOOD,,49.701762586541065,49.70176258654106,,GOOD,,10.080352517308214,10.080352517308167,,GOOD,,50.47348053382133,50.51102995024451,-0.037549416423182436,GOOD,,10.525680791513315,10.52568079151334,-2.4868995751603507e-14,GOOD,,226.2354937508733,226.23549375087336,-5.684341886080802e-14,GOOD,,229.01449318199315,229.01449318199317,-2.842170943040401e-14,GOOD,,,,,MISSING,,,,,MISSING,,43bcbfedb7c98a5ac7cda665cef0fc39a356a0f8e1cdf052ca9702bd8acbb6a0,run_ec8c1d4095ea480a906b81611a7dc932.43bcbfedb7c98a5ac7cda665cef0fc39a356a0f8e1cdf052ca9702bd8acbb6a0,2026-10-03T10:47:12.184915+00:00,2026-10-03T10:47:12.184915+00:00,2026-01-01T15:55:00.000000+00:00,demo.generator.v2.map.5c262229d3fe,sha256:e0e03a76b126628a9293c6eff54155b21558e908ffbe39b25f6f484ab14839fa,"{""adapter_version"": ""csv.adapter.v2"", ""declared_timezone"": ""Asia/Colombo"", ""mapping_version"": ""5c262229d3fe6a666ae239aa791a2c308149326550fef3fd18c5634474cb8de6"", ""original_row"": {""Ir_A"": ""229.01449318199315"", ""Is_A"": ""226.2354937508733"", ""Pr_MW"": ""49.701762586541065"", ""Ps_MW"": ""50.47348053382133"", ""Qr_MVAr"": ""10.080352517308214"", ""Qs_MVAr"": ""10.525680791513315"", ""Vr_kV"": ""127.68112579361969"", ""Vs_kV"": ""131.67254406466353"", ""connection_state"": ""CONNECTED"", ""timestamp"": ""2026-01-01T15:55:00Z""}, ""row_number"": 193, ""terminal_directions"": ""receiving P/Q positive out""}"
2026-01-01T16:00:00.000000+00:00,TL_001,synthetic,SOLVED,rev_6e24672c52e849e3b7890d53aaeb4d40.TL_001,rev_6e24672c52e849e3b7890d53aaeb4d40,127.69525609543041,127.86460218473562,-0.16934608930520767,0.8018306096558945,37.994220852569036,05014d6f66b27398d5c2ae789be40dd0e63fd6044ab307b341b2a40c647709ca,131.66698729810778,,,GOOD,,127.69525609543041,127.86460218473562,-0.16934608930520767,GOOD,,49.479491924311226,49.47949183732137,,GOOD,,10.035898384862247,10.035898287066617,,GOOD,,50.257498448820066,50.28132244697726,-0.023823998157197934,GOOD,,10.448488546034659,10.448488432163073,1.1387158593834101e-07,GOOD,,225.18995726888775,225.18995677857632,4.903114358967287e-07,GOOD,,227.96532562823245,227.96532511541417,5.128182749558619e-07,GOOD,,,,,MISSING,,,,,MISSING,,4e4f466ff27f8fdb8bc30782de2e0e5c9ce177cf2db7a6c9e6a0f5198a5ce05d,run_ec8c1d4095ea480a906b81611a7dc932.4e4f466ff27f8fdb8bc30782de2e0e5c9ce177cf2db7a6c9e6a0f5198a5ce05d,2026-10-03T10:47:12.382979+00:00,2026-10-03T10:47:12.382979+00:00,2026-01-01T16:00:00.000000+00:00,demo.generator.v2.map.5c262229d3fe,sha256:e0e03a76b126628a9293c6eff54155b21558e908ffbe39b25f6f484ab14839fa,"{""adapter_version"": ""csv.adapter.v2"", ""declared_timezone"": ""Asia/Colombo"", ""mapping_version"": ""5c262229d3fe6a666ae239aa791a2c308149326550fef3fd18c5634474cb8de6"", ""original_row"": {""Ir_A"": ""227.96532562823245"", ""Is_A"": ""225.18995726888775"", ""Pr_MW"": ""49.479491924311226"", ""Ps_MW"": ""50.257498448820066"", ""Qr_MVAr"": ""10.035898384862247"", ""Qs_MVAr"": ""10.448488546034659"", ""Vr_kV"": ""127.69525609543041"", ""Vs_kV"": ""131.66698729810778"", ""connection_state"": ""CONNECTED"", ""timestamp"": ""2026-01-01T16:00:00Z""}, ""row_number"": 194, ""terminal_directions"": ""receiving P/Q positive out""}"
2026-01-01T16:05:00.000000+00:00,TL_001,synthetic,SOLVED,rev_6e24672c52e849e3b7890d53aaeb4d40.TL_001,rev_6e24672c52e849e3b7890d53aaeb4d40,127.74964635411165,127.87838817886517,-0.12874182475351859,0.7947038986304094,37.82588648320195,05014d6f66b27398d5c2ae789be40dd0e63fd6044ab307b341b2a40c647709ca,131.66163662214623,,,GOOD,,127.74964635411165,127.87838817886517,-0.12874182475351859,GOOD,,49.265464885849845,49.265464801663896,,GOOD,,9.993092977169969,9.993092882489197,,GOOD,,50.07589442318678,50.060168700294305,0.015725722892476313,GOOD,,10.374309271452672,10.37430916128864,1.1016403256292051e-07,GOOD,,224.18346206306933,224.18346158886223,4.742070984775637e-07,GOOD,,226.95531939530804,226.9553188992117,4.960963337907742e-07,GOOD,,,,,MISSING,,,,,MISSING,,b9e5f611c805a8ed34d90f337060a284a9482d7d6d47a797d337cd6adffd5b72,run_ec8c1d4095ea480a906b81611a7dc932.b9e5f611c805a8ed34d90f337060a284a9482d7d6d47a797d337cd6adffd5b72,2026-10-03T10:47:12.627282+00:00,2026-10-03T10:47:12.627282+00:00,2026-01-01T16:05:00.000000+00:00,demo.generator.v2.map.5c262229d3fe,sha256:e0e03a76b126628a9293c6eff54155b21558e908ffbe39b25f6f484ab14839fa,"{""adapter_version"": ""csv.adapter.v2"", ""declared_timezone"": ""Asia/Colombo"", ""mapping_version"": ""5c262229d3fe6a666ae239aa791a2c308149326550fef3fd18c5634474cb8de6"", ""original_row"": {""Ir_A"": ""226.95531939530804"", ""Is_A"": ""224.18346206306933"", ""Pr_MW"": ""49.265464885849845"", ""Ps_MW"": ""50.07589442318678"", ""Qr_MVAr"": ""9.993092977169969"", ""Qs_MVAr"": ""10.374309271452672"", ""Vr_kV"": ""127.74964635411165"", ""Vs_kV"": ""131.66163662214623"", ""connection_state"": ""CONNECTED"", ""timestamp"": ""2026-01-01T16:05:00Z""}, ""row_number"": 195, ""terminal_directions"": ""receiving P/Q positive out""}"
2026-01-01T16:10:00.000000+00:00,TL_001,synthetic,SOLVED,rev_6e24672c52e849e3b7890d53aaeb4d40.TL_001,rev_6e24672c52e849e3b7890d53aaeb4d40,127.7594076788408,127.89162243299825,-0.1322147541574452,0.7878866908102466,37.66415430198191,05014d6f66b27398d5c2ae789be40dd0e63fd6044ab307b341b2a40c647709ca,131.65649458341088,,,GOOD,,127.7594076788408,127.89162243299825,-0.1322147541574452,GOOD,,49.05978333643557,49.05978325486759,,GOOD,,9.951956667287114,9.951956575516094,,GOOD,,49.8052870540289,49.847669945677836,-0.04238289164893416,GOOD,,10.30316105112641,10.303160944422963,1.0670344607888183e-07,GOOD,,223.2164567850684,223.21645632588877,4.5917963120700733e-07,GOOD,,225.98492629238095,225.98492581189146,4.804894899734791e-07,GOOD,,,,,MISSING,,,,,MISSING,,3fab4fe4852f755c72e0355f01a8bb2585c0b54fbf1289df00439de16757947e,run_ec8c1d4095ea480a906b81611a7dc932.3fab4fe4852f755c72e0355f01a8bb2585c0b54fbf1289df00439de16757947e,2026-10-03T10:47:12.769546+00:00,2026-10-03T10:47:12.769546+00:00,2026-01-01T16:10:00.000000+00:00,demo.generator.v2.map.5c262229d3fe,sha256:e0e03a76b126628a9293c6eff54155b21558e908ffbe39b25f6f484ab14839fa,"{""adapter_version"": ""csv.adapter.v2"", ""declared_timezone"": ""Asia/Colombo"", ""mapping_version"": ""5c262229d3fe6a666ae239aa791a2c308149326550fef3fd18c5634474cb8de6"", ""original_row"": {""Ir_A"": ""225.98492629238095"", ""Is_A"": ""223.2164567850684"", ""Pr_MW"": ""49.05978333643557"", ""Ps_MW"": ""49.8052870540289"", ""Qr_MVAr"": ""9.951956667287114"", ""Qs_MVAr"": ""10.30316105112641"", ""Vr_kV"": ""127.7594076788408"", ""Vs_kV"": ""131.65649458341088"", ""connection_state"": ""CONNECTED"", ""timestamp"": ""2026-01-01T16:10:00Z""}, ""row_number"": 196, ""terminal_directions"": ""receiving P/Q positive out""}"
2026-01-01T16:15:00.000000+00:00,TL_001,synthetic,SOLVED,rev_6e24672c52e849e3b7890d53aaeb4d40.TL_001,rev_6e24672c52e849e3b7890d53aaeb4d40,127.72016081964841,127.90430036365879,-0.18413954401037813,0.7813784157078274,37.509096615496716,05014d6f66b27398d5c2ae789be40dd0e63fd6044ab307b341b2a40c647709ca,131.65156362923366,,,GOOD,,127.72016081964841,127.90430036365879,-0.18413954401037813,GOOD,,48.862545169346234,48.86254509021998,,GOOD,,9.912509033869247,9.912508944813112,,GOOD,,49.6455541958021,49.64392350592781,0.0016306898742897147,GOOD,,10.235061020971589,10.235060917494602,1.0347698697898977e-07,GOOD,,222.28937218126924,222.28937173609688,4.451723611964553e-07,GOOD,,225.0545801589199,225.0545796929803,4.659395926864818e-07,GOOD,,,,,MISSING,,,,,MISSING,,7a1127a3cd8924fc4929806cdd77336570024f1c190ab1647c876c188c438107,run_ec8c1d4095ea480a906b81611a7dc932.7a1127a3cd8924fc4929806cdd77336570024f1c190ab1647c876c188c438107,2026-10-03T10:47:12.911289+00:00,2026-10-03T10:47:12.911289+00:00,2026-01-01T16:15:00.000000+00:00,demo.generator.v2.map.5c262229d3fe,sha256:e0e03a76b126628a9293c6eff54155b21558e908ffbe39b25f6f484ab14839fa,"{""adapter_version"": ""csv.adapter.v2"", ""declared_timezone"": ""Asia/Colombo"", ""mapping_version"": ""5c262229d3fe6a666ae239aa791a2c308149326550fef3fd18c5634474cb8de6"", ""original_row"": {""Ir_A"": ""225.0545801589199"", ""Is_A"": ""222.28937218126924"", ""Pr_MW"": ""48.862545169346234"", ""Ps_MW"": ""49.6455541958021"", ""Qr_MVAr"": ""9.912509033869247"", ""Qs_MVAr"": ""10.235061020971589"", ""Vr_kV"": ""127.72016081964841"", ""Vs_kV"": ""131.65156362923366"", ""connection_state"": ""CONNECTED"", ""timestamp"": ""2026-01-01T16:15:00Z""}, ""row_number"": 197, ""terminal_directions"": ""receiving P/Q positive out""}"
2026-01-01T16:20:00.000000+00:00,TL_001,synthetic,SOLVED,rev_6e24672c52e849e3b7890d53aaeb4d40.TL_001,rev_6e24672c52e849e3b7890d53aaeb4d40,127.76885590137942,127.9164175976501,-0.14756169627067095,0.7751784754505309,37.36078270825751,05014d6f66b27398d5c2ae789be40dd0e63fd6044ab307b341b2a40c647709ca,131.64684610648166,,,GOOD,,127.76885590137942,127.9164175976501,-0.14756169627067095,GOOD,,48.673844259267,48.67384418241527,,GOOD,,9.874768851853402,9.874768765327417,,GOOD,,49.4628043109501,49.449022657865804,0.013781653084294021,GOOD,,10.17002539072056,10.170025290247992,1.0047256893130907e-07,GOOD,,221.40262093711507,221.40262050498305,4.3213202616243507e-07,GOOD,,224.16469670193644,224.16469624954507,4.523913617049402e-07,GOOD,,,,,MISSING,,,,,MISSING,,9aacce4676970729d20c8f5548571b412fe15e79e32d48a5d10c49ee94d1b24d,run_ec8c1d4095ea480a906b81611a7dc932.9aacce4676970729d20c8f5548571b412fe15e79e32d48a5d10c49ee94d1b24d,2026-10-03T10:47:13.160829+00:00,2026-10-03T10:47:13.160829+00:00,2026-01-01T16:20:00.000000+00:00,demo.generator.v2.map.5c262229d3fe,sha256:e0e03a76b126628a9293c6eff54155b21558e908ffbe39b25f6f484ab14839fa,"{""adapter_version"": ""csv.adapter.v2"", ""declared_timezone"": ""Asia/Colombo"", ""mapping_version"": ""5c262229d3fe6a666ae239aa791a2c308149326550fef3fd18c5634474cb8de6"", ""original_row"": {""Ir_A"": ""224.16469670193644"", ""Is_A"": ""221.40262093711507"", ""Pr_MW"": ""48.673844259267"", ""Ps_MW"": ""49.4628043109501"", ""Qr_MVAr"": ""9.874768851853402"", ""Qs_MVAr"": ""10.17002539072056"", ""Vr_kV"": ""127.76885590137942"", ""Vs_kV"": ""131.64684610648166"", ""connection_state"": ""CONNECTED"", ""timestamp"": ""2026-01-01T16:20:00Z""}, ""row_number"": 198, ""terminal_directions"": ""receiving P/Q positive out""}"
2026-01-01T16:25:00.000000+00:00,TL_001,synthetic,SOLVED,rev_6e24672c52e849e3b7890d53aaeb4d40.TL_001,rev_6e24672c52e849e3b7890d53aaeb4d40,127.80370279493272,127.92796997129918,-0.1242671763664589,0.7692862515554637,37.21927881673758,05014d6f66b27398d5c2ae789be40dd0e63fd6044ab307b341b2a40c647709ca,131.64234426044027,,,GOOD,,127.80370279493272,127.92796997129918,-0.1242671763664589,GOOD,,48.49377041761106,48.49377034287506,,GOOD,,9.838754083522211,9.838753999350686,,GOOD,,49.26720391511188,49.26305659443052,0.004147320681354927,GOOD,,10.10806946466278,10.108069366984122,9.76786580508815e-08,GOOD,,220.55659752850326,220.5565971084946,4.2000866073976795e-07,GOOD,,223.31567334021915,223.31567290042545,4.397936947952985e-07,GOOD,,,,,MISSING,,,,,MISSING,,c0ac6055de244ca294446d77f154bad68641db97cc215c7d3e2db8ccb6d87658,run_ec8c1d4095ea480a906b81611a7dc932.c0ac6055de244ca294446d77f154bad68641db97cc215c7d3e2db8ccb6d87658,2026-10-03T10:47:13.303099+00:00,2026-10-03T10:47:13.303099+00:00,2026-01-01T16:25:00.000000+00:00,demo.generator.v2.map.5c262229d3fe,sha256:e0e03a76b126628a9293c6eff54155b21558e908ffbe39b25f6f484ab14839fa,"{""adapter_version"": ""csv.adapter.v2"", ""declared_timezone"": ""Asia/Colombo"", ""mapping_version"": ""5c262229d3fe6a666ae239aa791a2c308149326550fef3fd18c5634474cb8de6"", ""original_row"": {""Ir_A"": ""223.31567334021915"", ""Is_A"": ""220.55659752850326"", ""Pr_MW"": ""48.49377041761106"", ""Ps_MW"": ""49.26720391511188"", ""Qr_MVAr"": ""9.838754083522211"", ""Qs_MVAr"": ""10.10806946466278"", ""Vr_kV"": ""127.80370279493272"", ""Vs_kV"": ""131.64234426044027"", ""connection_state"": ""CONNECTED"", ""timestamp"": ""2026-01-01T16:25:00Z""}, ""row_number"": 199, ""terminal_directions"": ""receiving P/Q positive out""}"
2026-01-01T16:30:00.000000+00:00,TL_001,synthetic,SOLVED,rev_6e24672c52e849e3b7890d53aaeb4d40.TL_001,rev_6e24672c52e849e3b7890d53aaeb4d40,127.81567858196168,127.93895352970337,-0.12327494774169168,0.7637011114845649,37.084648104582975,05014d6f66b27398d5c2ae789be40dd0e63fd6044ab307b341b2a40c647709ca,131.63806023374434,,,GOOD,,127.81567858196168,127.93895352970337,-0.12327494774169168,GOOD,,48.32240934977426,48.32240927700303,,GOOD,,9.804481869954852,9.804481787970637,,GOOD,,49.09298680537568,49.0861103884876,0.00687641688808327,GOOD,,10.049207661809522,10.04920756672458,9.508494258625433e-08,GOOD,,219.7516780802466,219.75167767149048,4.08756108072339e-07,GOOD,,222.50788905559648,222.50788862749783,4.280986445337476e-07,GOOD,,,,,MISSING,,,,,MISSING,,c32878f8ccdf5e7ba2249c39a3248d783c49c7fdb646d0bbf85a5e7cac3706f2,run_ec8c1d4095ea480a906b81611a7dc932.c32878f8ccdf5e7ba2249c39a3248d783c49c7fdb646d0bbf85a5e7cac3706f2,2026-10-03T10:47:13.547578+00:00,2026-10-03T10:47:13.547578+00:00,2026-01-01T16:30:00.000000+00:00,demo.generator.v2.map.5c262229d3fe,sha256:e0e03a76b126628a9293c6eff54155b21558e908ffbe39b25f6f484ab14839fa,"{""adapter_version"": ""csv.adapter.v2"", ""declared_timezone"": ""Asia/Colombo"", ""mapping_version"": ""5c262229d3fe6a666ae239aa791a2c308149326550fef3fd18c5634474cb8de6"", ""original_row"": {""Ir_A"": ""222.50788905559648"", ""Is_A"": ""219.7516780802466"", ""Pr_MW"": ""48.32240934977426"", ""Ps_MW"": ""49.09298680537568"", ""Qr_MVAr"": ""9.804481869954852"", ""Qs_MVAr"": ""10.049207661809522"", ""Vr_kV"": ""127.81567858196168"", ""Vs_kV"": ""131.63806023374434"", ""connection_state"": ""CONNECTED"", ""timestamp"": ""2026-01-01T16:30:00Z""}, ""row_number"": 200, ""terminal_directions"": ""receiving P/Q positive out""}"
2026-01-01T16:35:00.000000+00:00,TL_001,synthetic,SOLVED,rev_6e24672c52e849e3b7890d53aaeb4d40.TL_001,rev_6e24672c52e849e3b7890d53aaeb4d40,127.82132564438497,127.94936452598542,-0.12803888160044608,0.7584224149667236,36.95695063899914,05014d6f66b27398d5c2ae789be40dd0e63fd6044ab307b341b2a40c647709ca,131.6339960653586,,,GOOD,,127.82132564438497,127.94936452598542,-0.12803888160044608,GOOD,,48.15984261434403,48.159842543393815,,GOOD,,9.771968522868807,9.771968442912621,,GOOD,,48.897124834234816,48.91826495836054,-0.021140124125722082,GOOD,,9.993453535430552,9.99345344274899,9.268156198061206e-08,GOOD,,218.98822023159335,218.98821983326118,3.98332161921644e-07,GOOD,,221.74170425125791,221.7417038339948,4.172631236087909e-07,GOOD,,,,,MISSING,,,,,MISSING,,93a5cc6e71d7b363e5dc9668a6c95adff24bd6b8e192528066758b7965fe7aeb,run_ec8c1d4095ea480a906b81611a7dc932.93a5cc6e71d7b363e5dc9668a6c95adff24bd6b8e192528066758b7965fe7aeb,2026-10-03T10:47:13.687459+00:00,2026-10-03T10:47:13.687459+00:00,2026-01-01T16:35:00.000000+00:00,demo.generator.v2.map.5c262229d3fe,sha256:e0e03a76b126628a9293c6eff54155b21558e908ffbe39b25f6f484ab14839fa,"{""adapter_version"": ""csv.adapter.v2"", ""declared_timezone"": ""Asia/Colombo"", ""mapping_version"": ""5c262229d3fe6a666ae239aa791a2c308149326550fef3fd18c5634474cb8de6"", ""original_row"": {""Ir_A"": ""221.74170425125791"", ""Is_A"": ""218.98822023159335"", ""Pr_MW"": ""48.15984261434403"", ""Ps_MW"": ""48.897124834234816"", ""Qr_MVAr"": ""9.771968522868807"", ""Qs_MVAr"": ""9.993453535430552"", ""Vr_kV"": ""127.82132564438497"", ""Vs_kV"": ""131.6339960653586"", ""connection_state"": ""CONNECTED"", ""timestamp"": ""2026-01-01T16:35:00Z""}, ""row_number"": 201, ""terminal_directions"": ""receiving P/Q positive out""}"
2026-01-01T16:40:00.000000+00:00,TL_001,synthetic,SOLVED,rev_6e24672c52e849e3b7890d53aaeb4d40.TL_001,rev_6e24672c52e849e3b7890d53aaeb4d40,127.81681332197705,127.9591994205596,-0.14238609858254847,0.7534495200748026,36.83624336831864,05014d6f66b27398d5c2ae789be40dd0e63fd6044ab307b341b2a40c647709ca,131.63015368960703,,,GOOD,,127.81681332197705,127.9591994205596,-0.14238609858254847,GOOD,,48.00614758428183,48.006147515015655,,GOOD,,9.741229516856366,9.741229438776331,,GOOD,,48.765500389989775,48.75959703509046,0.005903354899317037,GOOD,,9.940819791909625,9.94081970145015,9.045947457764214e-08,GOOD,,218.26656300879426,218.26656262009763,3.8869663399054843e-07,GOOD,,221.01746061715744,221.01746020991186,4.072455794812413e-07,GOOD,,,,,MISSING,,,,,MISSING,,34501283ec45a57258ca2e2271715db04647b6969e9d92136aab49e9709a731e,run_ec8c1d4095ea480a906b81611a7dc932.34501283ec45a57258ca2e2271715db04647b6969e9d92136aab49e9709a731e,2026-10-03T10:47:13.975320+00:00,2026-10-03T10:47:13.975320+00:00,2026-01-01T16:40:00.000000+00:00,demo.generator.v2.map.5c262229d3fe,sha256:e0e03a76b126628a9293c6eff54155b21558e908ffbe39b25f6f484ab14839fa,"{""adapter_version"": ""csv.adapter.v2"", ""declared_timezone"": ""Asia/Colombo"", ""mapping_version"": ""5c262229d3fe6a666ae239aa791a2c308149326550fef3fd18c5634474cb8de6"", ""original_row"": {""Ir_A"": ""221.01746061715744"", ""Is_A"": ""218.26656300879426"", ""Pr_MW"": ""48.00614758428183"", ""Ps_MW"": ""48.765500389989775"", ""Qr_MVAr"": ""9.741229516856366"", ""Qs_MVAr"": ""9.940819791909625"", ""Vr_kV"": ""127.81681332197705"", ""Vs_kV"": ""131.63015368960703"", ""connection_state"": ""CONNECTED"", ""timestamp"": ""2026-01-01T16:40:00Z""}, ""row_number"": 202, ""terminal_directions"": ""receiving P/Q positive out""}"
2026-01-01T16:45:00.000000+00:00,TL_001,synthetic,SOLVED,rev_6e24672c52e849e3b7890d53aaeb4d40.TL_001,rev_6e24672c52e849e3b7890d53aaeb4d40,127.84592682984515,127.96845488041433,-0.12252805056917282,0.7487817890448341,36.72258010075385,05014d6f66b27398d5c2ae789be40dd0e63fd6044ab307b341b2a40c647709ca,131.62653493525244,,,GOOD,,127.84592682984515,127.96845488041433,-0.12252805056917282,GOOD,,47.86139741009789,47.86139734238481,,GOOD,,9.712279482019579,9.712279405670065,,GOOD,,48.59836696663894,48.610179131429646,-0.011812164790704571,GOOD,,9.891318308872215,9.891318220460949,8.841126586389692e-08,GOOD,,217.58702670470922,217.58702632489423,3.7981499190209433e-07,GOOD,,220.33548100253356,220.33548060452313,3.9801042817089183e-07,GOOD,,,,,MISSING,,,,,MISSING,,3f10897b926cf97fb83229ed58ffca06c1887b48b7515662fdea46f249d82acf,run_ec8c1d4095ea480a906b81611a7dc932.3f10897b926cf97fb83229ed58ffca06c1887b48b7515662fdea46f249d82acf,2026-10-03T10:47:14.123610+00:00,2026-10-03T10:47:14.123610+00:00,2026-01-01T16:45:00.000000+00:00,demo.generator.v2.map.5c262229d3fe,sha256:e0e03a76b126628a9293c6eff54155b21558e908ffbe39b25f6f484ab14839fa,"{""adapter_version"": ""csv.adapter.v2"", ""declared_timezone"": ""Asia/Colombo"", ""mapping_version"": ""5c262229d3fe6a666ae239aa791a2c308149326550fef3fd18c5634474cb8de6"", ""original_row"": {""Ir_A"": ""220.33548100253356"", ""Is_A"": ""217.58702670470922"", ""Pr_MW"": ""47.86139741009789"", ""Ps_MW"": ""48.59836696663894"", ""Qr_MVAr"": ""9.712279482019579"", ""Qs_MVAr"": ""9.891318308872215"", ""Vr_kV"": ""127.84592682984515"", ""Vs_kV"": ""131.62653493525244"", ""connection_state"": ""CONNECTED"", ""timestamp"": ""2026-01-01T16:45:00Z""}, ""row_number"": 203, ""terminal_directions"": ""receiving P/Q positive out""}"
2026-01-01T16:50:00.000000+00:00,TL_001,synthetic,SOLVED,rev_6e24672c52e849e3b7890d53aaeb4d40.TL_001,rev_6e24672c52e849e3b7890d53aaeb4d40,127.84847676739601,127.97712777841375,-0.12865101101773746,0.7444185938265377,36.61601148434044,05014d6f66b27398d5c2ae789be40dd0e63fd6044ab307b341b2a40c647709ca,131.62314152462588,,,GOOD,,127.84847676739601,127.97712777841375,-0.12865101101773746,GOOD,,47.72566098503546,47.72566091875043,,GOOD,,9.685132197007093,9.685132122249557,,GOOD,,48.46210441770287,48.470079512576966,-0.007975094874097977,GOOD,,9.844960152535263,9.844960066007392,8.652787109042492e-08,GOOD,,216.9499127654333,216.94991239378197,3.716513390372711e-07,GOOD,,219.69606929556315,219.69606890604263,3.89520522503517e-07,GOOD,,,,,MISSING,,,,,MISSING,,7e019ea47d20740ca3ab8e8528233e3d8fe1b55e58c978d553c2148ec40f9d00,run_ec8c1d4095ea480a906b81611a7dc932.7e019ea47d20740ca3ab8e8528233e3d8fe1b55e58c978d553c2148ec40f9d00,2026-10-03T10:47:14.267990+00:00,2026-10-03T10:47:14.267990+00:00,2026-01-01T16:50:00.000000+00:00,demo.generator.v2.map.5c262229d3fe,sha256:e0e03a76b126628a9293c6eff54155b21558e908ffbe39b25f6f484ab14839fa,"{""adapter_version"": ""csv.adapter.v2"", ""declared_timezone"": ""Asia/Colombo"", ""mapping_version"": ""5c262229d3fe6a666ae239aa791a2c308149326550fef3fd18c5634474cb8de6"", ""original_row"": {""Ir_A"": ""219.69606929556315"", ""Is_A"": ""216.9499127654333"", ""Pr_MW"": ""47.72566098503546"", ""Ps_MW"": ""48.46210441770287"", ""Qr_MVAr"": ""9.685132197007093"", ""Qs_MVAr"": ""9.844960152535263"", ""Vr_kV"": ""127.84847676739601"", ""Vs_kV"": ""131.62314152462588"", ""connection_state"": ""CONNECTED"", ""timestamp"": ""2026-01-01T16:50:00Z""}, ""row_number"": 204, ""terminal_directions"": ""receiving P/Q positive out""}"
2026-01-01T16:55:00.000000+00:00,TL_001,synthetic,SOLVED,rev_6e24672c52e849e3b7890d53aaeb4d40.TL_001,rev_6e24672c52e849e3b7890d53aaeb4d40,127.84366333541101,127.98521519262364,-0.14155185721263308,0.7403593213538784,36.516584988073,05014d6f66b27398d5c2ae789be40dd0e63fd6044ab307b341b2a40c647709ca,131.61997507280702,,,GOOD,,127.84366333541101,127.98521519262364,-0.14155185721263308,GOOD,,47.59900291228142,47.59900284730453,,GOOD,,9.659800582456285,9.659800509157343,,GOOD,,48.36424780743536,48.33936216865841,0.024885638776950714,GOOD,,9.801755594238708,9.80175550943554,8.480316715520075e-08,GOOD,,216.35550368393436,216.3555033197581,3.6417625892681826e-07,GOOD,,219.09951031018392,219.09950992843795,3.81745962840796e-07,GOOD,,,,,MISSING,,,,,MISSING,,5e194287e17ae62cb43d846932f5c0ae02c61d9bb748c7f82bdd957bb6fc4eb3,run_ec8c1d4095ea480a906b81611a7dc932.5e194287e17ae62cb43d846932f5c0ae02c61d9bb748c7f82bdd957bb6fc4eb3,2026-10-03T10:47:14.513441+00:00,2026-10-03T10:47:14.513441+00:00,2026-01-01T16:55:00.000000+00:00,demo.generator.v2.map.5c262229d3fe,sha256:e0e03a76b126628a9293c6eff54155b21558e908ffbe39b25f6f484ab14839fa,"{""adapter_version"": ""csv.adapter.v2"", ""declared_timezone"": ""Asia/Colombo"", ""mapping_version"": ""5c262229d3fe6a666ae239aa791a2c308149326550fef3fd18c5634474cb8de6"", ""original_row"": {""Ir_A"": ""219.09951031018392"", ""Is_A"": ""216.35550368393436"", ""Pr_MW"": ""47.59900291228142"", ""Ps_MW"": ""48.36424780743536"", ""Qr_MVAr"": ""9.659800582456285"", ""Qs_MVAr"": ""9.801755594238708"", ""Vr_kV"": ""127.84366333541101"", ""Vs_kV"": ""131.61997507280702"", ""connection_state"": ""CONNECTED"", ""timestamp"": ""2026-01-01T16:55:00Z""}, ""row_number"": 205, ""terminal_directions"": ""receiving P/Q positive out""}"
2026-01-01T17:00:00.000000+00:00,TL_001,synthetic,SOLVED,rev_6e24672c52e849e3b7890d53aaeb4d40.TL_001,rev_6e24672c52e849e3b7890d53aaeb4d40,127.81353466524739,127.99271440566342,-0.17917974041603202,0.736603378525146,36.42434488424009,05014d6f66b27398d5c2ae789be40dd0e63fd6044ab307b341b2a40c647709ca,131.61703708685545,,,GOOD,,127.81353466524739,127.99271440566342,-0.17917974041603202,GOOD,,47.481483474218635,47.481483410434734,,GOOD,,9.636296694843727,9.636296622875424,,GOOD,,48.17919268538721,48.21808678895988,-0.03889410357267309,GOOD,,9.761714126111276,9.761714042880671,8.323060463055754e-08,GOOD,,215.80406290067478,215.8040625433131,3.573616709218186e-07,GOOD,,218.54606968009776,218.54606930544054,3.7465721902663063e-07,GOOD,,,,,MISSING,,,,,MISSING,,28e6405b9db5e72ece8ec04afa7ca4b19d07ee9b8a12415e6849185a2524c132,run_ec8c1d4095ea480a906b81611a7dc932.28e6405b9db5e72ece8ec04afa7ca4b19d07ee9b8a12415e6849185a2524c132,2026-10-03T10:47:14.766758+00:00,2026-10-03T10:47:14.766758+00:00,2026-01-01T17:00:00.000000+00:00,demo.generator.v2.map.5c262229d3fe,sha256:e0e03a76b126628a9293c6eff54155b21558e908ffbe39b25f6f484ab14839fa,"{""adapter_version"": ""csv.adapter.v2"", ""declared_timezone"": ""Asia/Colombo"", ""mapping_version"": ""5c262229d3fe6a666ae239aa791a2c308149326550fef3fd18c5634474cb8de6"", ""original_row"": {""Ir_A"": ""218.54606968009776"", ""Is_A"": ""215.80406290067478"", ""Pr_MW"": ""47.481483474218635"", ""Ps_MW"": ""48.17919268538721"", ""Qr_MVAr"": ""9.636296694843727"", ""Qs_MVAr"": ""9.761714126111276"", ""Vr_kV"": ""127.81353466524739"", ""Vs_kV"": ""131.61703708685545"", ""connection_state"": ""CONNECTED"", ""timestamp"": ""2026-01-01T17:00:00Z""}, ""row_number"": 206, ""terminal_directions"": ""receiving P/Q positive out""}"
2026-01-01T17:05:00.000000+00:00,TL_001,synthetic,SOLVED,rev_6e24672c52e849e3b7890d53aaeb4d40.TL_001,rev_6e24672c52e849e3b7890d53aaeb4d40,127.83055233855471,127.99962290408851,-0.16907056553380073,0.7331501968832868,36.33933223196007,05014d6f66b27398d5c2ae789be40dd0e63fd6044ab307b341b2a40c647709ca,131.61432896509336,,,GOOD,,127.83055233855471,127.99962290408851,-0.16907056553380073,GOOD,,47.37315860373477,47.37315854103317,,GOOD,,9.614631720746955,9.61463164998617,,GOOD,,48.03630031945975,48.10630873791646,-0.07000841845670891,GOOD,,9.724844475835486,9.724844394031368,8.180411725788872e-08,GOOD,,215.2958347112086,215.29583436002704,3.5118156915814325e-07,GOOD,,218.0359937599881,218.0359933917604,3.6822768834099406e-07,GOOD,,,,,MISSING,,,,,MISSING,,95c5ccd98880cf4e19a1cb8a05efb1209aba248ef0d7374e091e9355a10a3ced,run_ec8c1d4095ea480a906b81611a7dc932.95c5ccd98880cf4e19a1cb8a05efb1209aba248ef0d7374e091e9355a10a3ced,2026-10-03T10:47:14.988346+00:00,2026-10-03T10:47:14.988346+00:00,2026-01-01T17:05:00.000000+00:00,demo.generator.v2.map.5c262229d3fe,sha256:e0e03a76b126628a9293c6eff54155b21558e908ffbe39b25f6f484ab14839fa,"{""adapter_version"": ""csv.adapter.v2"", ""declared_timezone"": ""Asia/Colombo"", ""mapping_version"": ""5c262229d3fe6a666ae239aa791a2c308149326550fef3fd18c5634474cb8de6"", ""original_row"": {""Ir_A"": ""218.0359937599881"", ""Is_A"": ""215.2958347112086"", ""Pr_MW"": ""47.37315860373477"", ""Ps_MW"": ""48.03630031945975"", ""Qr_MVAr"": ""9.614631720746955"", ""Qs_MVAr"": ""9.724844475835486"", ""Vr_kV"": ""127.83055233855471"", ""Vs_kV"": ""131.61432896509336"", ""connection_state"": ""CONNECTED"", ""timestamp"": ""2026-01-01T17:05:00Z""}, ""row_number"": 207, ""terminal_directions"": ""receiving P/Q positive out""}"
2026-01-01T17:10:00.000000+00:00,TL_001,synthetic,SOLVED,rev_6e24672c52e849e3b7890d53aaeb4d40.TL_001,rev_6e24672c52e849e3b7890d53aaeb4d40,127.85284715292481,128.0059383778062,-0.15309122488137916,0.7299992369869202,36.261584861921655,05014d6f66b27398d5c2ae789be40dd0e63fd6044ab307b341b2a40c647709ca,131.61185199644004,,,GOOD,,127.85284715292481,128.0059383778062,-0.15309122488137916,GOOD,,47.274079857601336,47.27407979587517,,GOOD,,9.594815971520267,9.594815901848012,,GOOD,,48.026562113973576,48.00407903286209,0.022483081111488445,GOOD,,9.691154620470867,9.6911545399522,8.051866728919777e-08,GOOD,,214.83104418072696,214.83104383511372,3.4561324468995736e-07,GOOD,,217.5695095339642,217.56950917152992,3.624342923558288e-07,GOOD,,,,,MISSING,,,,,MISSING,,0a78e7dde2dc17588fde4c7c11822fb5008e21ecb0f6642650aced72c5e8a6ed,run_ec8c1d4095ea480a906b81611a7dc932.0a78e7dde2dc17588fde4c7c11822fb5008e21ecb0f6642650aced72c5e8a6ed,2026-10-03T10:47:15.194648+00:00,2026-10-03T10:47:15.194648+00:00,2026-01-01T17:10:00.000000+00:00,demo.generator.v2.map.5c262229d3fe,sha256:e0e03a76b126628a9293c6eff54155b21558e908ffbe39b25f6f484ab14839fa,"{""adapter_version"": ""csv.adapter.v2"", ""declared_timezone"": ""Asia/Colombo"", ""mapping_version"": ""5c262229d3fe6a666ae239aa791a2c308149326550fef3fd18c5634474cb8de6"", ""original_row"": {""Ir_A"": ""217.5695095339642"", ""Is_A"": ""214.83104418072696"", ""Pr_MW"": ""47.274079857601336"", ""Ps_MW"": ""48.026562113973576"", ""Qr_MVAr"": ""9.594815971520267"", ""Qs_MVAr"": ""9.691154620470867"", ""Vr_kV"": ""127.85284715292481"", ""Vs_kV"": ""131.61185199644004"", ""connection_state"": ""CONNECTED"", ""timestamp"": ""2026-01-01T17:10:00Z""}, ""row_number"": 208, ""terminal_directions"": ""receiving P/Q positive out""}"
2026-01-01T17:15:00.000000+00:00,TL_001,synthetic,SOLVED,rev_6e24672c52e849e3b7890d53aaeb4d40.TL_001,rev_6e24672c52e849e3b7890d53aaeb4d40,127.86634531688135,128.01165871952696,-0.14531340264561265,0.7271499924634313,36.19113736233358,05014d6f66b27398d5c2ae789be40dd0e63fd6044ab307b341b2a40c647709ca,131.6096073597984,,,GOOD,,127.86634531688135,128.01165871952696,-0.14531340264561265,GOOD,,47.184294391935396,47.184294331081425,,GOOD,,9.576858878387078,9.576858809688064,,GOOD,,47.91737808921164,47.911444323544856,0.005933765666782165,GOOD,,9.660651799302778,9.660651719932892,7.936988666301659e-08,GOOD,,214.409897065536,214.40989672489988,3.406361201996333e-07,GOOD,,217.14682453125678,217.14682417400144,3.5725534530683944e-07,GOOD,,,,,MISSING,,,,,MISSING,,1fb58ba02bd00d9c8e96cf48f9af360d39e10ca3b2357cf7cef1016162a75312,run_ec8c1d4095ea480a906b81611a7dc932.1fb58ba02bd00d9c8e96cf48f9af360d39e10ca3b2357cf7cef1016162a75312,2026-10-03T10:47:15.527225+00:00,2026-10-03T10:47:15.527225+00:00,2026-01-01T17:15:00.000000+00:00,demo.generator.v2.map.5c262229d3fe,sha256:e0e03a76b126628a9293c6eff54155b21558e908ffbe39b25f6f484ab14839fa,"{""adapter_version"": ""csv.adapter.v2"", ""declared_timezone"": ""Asia/Colombo"", ""mapping_version"": ""5c262229d3fe6a666ae239aa791a2c308149326550fef3fd18c5634474cb8de6"", ""original_row"": {""Ir_A"": ""217.14682453125678"", ""Is_A"": ""214.409897065536"", ""Pr_MW"": ""47.184294391935396"", ""Ps_MW"": ""47.91737808921164"", ""Qr_MVAr"": ""9.576858878387078"", ""Qs_MVAr"": ""9.660651799302778"", ""Vr_kV"": ""127.86634531688135"", ""Vs_kV"": ""131.6096073597984"", ""connection_state"": ""CONNECTED"", ""timestamp"": ""2026-01-01T17:15:00Z""}, ""row_number"": 209, ""terminal_directions"": ""receiving P/Q positive out""}"
2026-01-01T17:20:00.000000+00:00,TL_001,synthetic,SOLVED,rev_6e24672c52e849e3b7890d53aaeb4d40.TL_001,rev_6e24672c52e849e3b7890d53aaeb4d40,127.89887020361934,128.01678202425524,-0.11791182063589645,0.7246019937368402,36.12802106608491,05014d6f66b27398d5c2ae789be40dd0e63fd6044ab307b341b2a40c647709ca,131.6075961234939,,,GOOD,,127.89887020361934,128.01678202425524,-0.11791182063589645,GOOD,,47.10384493975584,47.10384487967395,,GOOD,,9.560768987951167,9.560768920113963,,GOOD,,47.868277519780875,47.82844687341079,0.03983064637008482,GOOD,,9.633342525683203,9.633342447330365,7.835283710733165e-08,GOOD,,214.03257974144606,214.03257940521485,3.3623120998527156e-07,GOOD,,216.76812674918082,216.76812639650944,3.5267137832306616e-07,GOOD,,,,,MISSING,,,,,MISSING,,ede003d87c5d9e1e64e6e7f2eb750619e9329d293eaeed67a02bca3d56273f66,run_ec8c1d4095ea480a906b81611a7dc932.ede003d87c5d9e1e64e6e7f2eb750619e9329d293eaeed67a02bca3d56273f66,2026-10-03T10:47:15.812133+00:00,2026-10-03T10:47:15.812133+00:00,2026-01-01T17:20:00.000000+00:00,demo.generator.v2.map.5c262229d3fe,sha256:e0e03a76b126628a9293c6eff54155b21558e908ffbe39b25f6f484ab14839fa,"{""adapter_version"": ""csv.adapter.v2"", ""declared_timezone"": ""Asia/Colombo"", ""mapping_version"": ""5c262229d3fe6a666ae239aa791a2c308149326550fef3fd18c5634474cb8de6"", ""original_row"": {""Ir_A"": ""216.76812674918082"", ""Is_A"": ""214.03257974144606"", ""Pr_MW"": ""47.10384493975584"", ""Ps_MW"": ""47.868277519780875"", ""Qr_MVAr"": ""9.560768987951167"", ""Qs_MVAr"": ""9.633342525683203"", ""Vr_kV"": ""127.89887020361934"", ""Vs_kV"": ""131.6075961234939"", ""connection_state"": ""CONNECTED"", ""timestamp"": ""2026-01-01T17:20:00Z""}, ""row_number"": 210, ""terminal_directions"": ""receiving P/Q positive out""}"
2026-01-01T17:25:00.000000+00:00,TL_001,synthetic,SOLVED,rev_6e24672c52e849e3b7890d53aaeb4d40.TL_001,rev_6e24672c52e849e3b7890d53aaeb4d40,127.88015658458174,128.0213065888206,-0.1411500042388667,0.7223548114224627,36.07226403911984,05014d6f66b27398d5c2ae789be40dd0e63fd6044ab307b341b2a40c647709ca,131.6058192447661,,,GOOD,,127.88015658458174,128.0213065888206,-0.1411500042388667,GOOD,,47.03276979064478,47.03276973123773,,GOOD,,9.546553958128957,9.546553891045125,,GOOD,,47.79573218104446,47.75512454266019,0.040607638384265954,GOOD,,9.609232597834938,9.609232520370936,7.746400143560095e-08,GOOD,,213.69925913905197,213.69925880667006,3.323819157685648e-07,GOOD,,216.43358458338437,216.433584234719,3.4866536680056015e-07,GOOD,,,,,MISSING,,,,,MISSING,,bae6e40ecf86853a5c6e0dc2b7efccdec63c911b3c9bc0cc8e8fbce2b9d4631d,run_ec8c1d4095ea480a906b81611a7dc932.bae6e40ecf86853a5c6e0dc2b7efccdec63c911b3c9bc0cc8e8fbce2b9d4631d,2026-10-03T10:47:16.041399+00:00,2026-10-03T10:47:16.041399+00:00,2026-01-01T17:25:00.000000+00:00,demo.generator.v2.map.5c262229d3fe,sha256:e0e03a76b126628a9293c6eff54155b21558e908ffbe39b25f6f484ab14839fa,"{""adapter_version"": ""csv.adapter.v2"", ""declared_timezone"": ""Asia/Colombo"", ""mapping_version"": ""5c262229d3fe6a666ae239aa791a2c308149326550fef3fd18c5634474cb8de6"", ""original_row"": {""Ir_A"": ""216.43358458338437"", ""Is_A"": ""213.69925913905197"", ""Pr_MW"": ""47.03276979064478"", ""Ps_MW"": ""47.79573218104446"", ""Qr_MVAr"": ""9.546553958128957"", ""Qs_MVAr"": ""9.609232597834938"", ""Vr_kV"": ""127.88015658458174"", ""Vs_kV"": ""131.6058192447661"", ""connection_state"": ""CONNECTED"", ""timestamp"": ""2026-01-01T17:25:00Z""}, ""row_number"": 211, ""terminal_directions"": ""receiving P/Q positive out""}"
2026-01-01T17:30:00.000000+00:00,TL_001,synthetic,SOLVED,rev_6e24672c52e849e3b7890d53aaeb4d40.TL_001,rev_6e24672c52e849e3b7890d53aaeb4d40,127.88724453220941,128.02523091145287,-0.1379863792434577,0.7204080593821942,36.023891070029116,05014d6f66b27398d5c2ae789be40dd0e63fd6044ab307b341b2a40c647709ca,131.6042775693131,,,GOOD,,127.88724453220941,128.02523091145287,-0.1379863792434577,GOOD,,46.97110277252379,46.971102713696794,,GOOD,,9.534220554504758,9.534220488068831,,GOOD,,47.66638888745559,47.69151077307899,-0.02512188562339901,GOOD,,9.588327108591475,9.588327031891511,7.669996371362231e-08,GOOD,,213.410082685886,213.41008235681193,3.2907408353821666e-07,GOOD,,216.14334676539715,216.1433464201747,3.452224461852893e-07,GOOD,,,,,MISSING,,,,,MISSING,,0af581f942ba97f1dc1cb02c08afa9b4c2ffed1095592e6f2903c11e82782507,run_ec8c1d4095ea480a906b81611a7dc932.0af581f942ba97f1dc1cb02c08afa9b4c2ffed1095592e6f2903c11e82782507,2026-10-03T10:47:16.259168+00:00,2026-10-03T10:47:16.259168+00:00,2026-01-01T17:30:00.000000+00:00,demo.generator.v2.map.5c262229d3fe,sha256:e0e03a76b126628a9293c6eff54155b21558e908ffbe39b25f6f484ab14839fa,"{""adapter_version"": ""csv.adapter.v2"", ""declared_timezone"": ""Asia/Colombo"", ""mapping_version"": ""5c262229d3fe6a666ae239aa791a2c308149326550fef3fd18c5634474cb8de6"", ""original_row"": {""Ir_A"": ""216.14334676539715"", ""Is_A"": ""213.410082685886"", ""Pr_MW"": ""46.97110277252379"", ""Ps_MW"": ""47.66638888745559"", ""Qr_MVAr"": ""9.534220554504758"", ""Qs_MVAr"": ""9.588327108591475"", ""Vr_kV"": ""127.88724453220941"", ""Vs_kV"": ""131.6042775693131"", ""connection_state"": ""CONNECTED"", ""timestamp"": ""2026-01-01T17:30:00Z""}, ""row_number"": 212, ""terminal_directions"": ""receiving P/Q positive out""}"
2026-01-01T17:35:00.000000+00:00,TL_001,synthetic,SOLVED,rev_6e24672c52e849e3b7890d53aaeb4d40.TL_001,rev_6e24672c52e849e3b7890d53aaeb4d40,127.87678454253532,128.0285536914022,-0.1517691488668902,0.7187613974345481,35.98292366086012,05014d6f66b27398d5c2ae789be40dd0e63fd6044ab307b341b2a40c647709ca,131.60297183088883,,,GOOD,,127.87678454253532,128.0285536914022,-0.1517691488668902,GOOD,,46.918873235553605,46.91887317721384,,GOOD,,9.523774647110722,9.523774581218753,,GOOD,,47.593218539854,47.63763457464839,-0.044416034794387826,GOOD,,9.570630454047674,9.570630377989211,7.605846263913918e-08,GOOD,,213.16517825542246,213.1651779291265,3.262959751282324e-07,GOOD,,215.89754230749165,215.89754196516074,3.423309067329683e-07,GOOD,,,,,MISSING,,,,,MISSING,,ca0f8a85a6a2bc91238808215e6bb40273a2b651167fbea566c3c9dbb969f800,run_ec8c1d4095ea480a906b81611a7dc932.ca0f8a85a6a2bc91238808215e6bb40273a2b651167fbea566c3c9dbb969f800,2026-10-03T10:47:16.486933+00:00,2026-10-03T10:47:16.486933+00:00,2026-01-01T17:35:00.000000+00:00,demo.generator.v2.map.5c262229d3fe,sha256:e0e03a76b126628a9293c6eff54155b21558e908ffbe39b25f6f484ab14839fa,"{""adapter_version"": ""csv.adapter.v2"", ""declared_timezone"": ""Asia/Colombo"", ""mapping_version"": ""5c262229d3fe6a666ae239aa791a2c308149326550fef3fd18c5634474cb8de6"", ""original_row"": {""Ir_A"": ""215.89754230749165"", ""Is_A"": ""213.16517825542246"", ""Pr_MW"": ""46.918873235553605"", ""Ps_MW"": ""47.593218539854"", ""Qr_MVAr"": ""9.523774647110722"", ""Qs_MVAr"": ""9.570630454047674"", ""Vr_kV"": ""127.87678454253532"", ""Vs_kV"": ""131.60297183088883"", ""connection_state"": ""CONNECTED"", ""timestamp"": ""2026-01-01T17:35:00Z""}, ""row_number"": 213, ""terminal_directions"": ""receiving P/Q positive out""}"
2026-01-01T17:40:00.000000+00:00,TL_001,synthetic,SOLVED,rev_6e24672c52e849e3b7890d53aaeb4d40.TL_001,rev_6e24672c52e849e3b7890d53aaeb4d40,127.87358724261397,128.03127382860623,-0.15768658599226626,0.7174145337137219,35.94938001914919,05014d6f66b27398d5c2ae789be40dd0e63fd6044ab307b341b2a40c647709ca,131.60190265095412,,,GOOD,,127.87358724261397,128.03127382860623,-0.15768658599226626,GOOD,,46.87610603816509,46.87610598022161,,GOOD,,9.515221207633019,9.515221142183771,,GOOD,,47.58278007346183,47.59352051393533,-0.010740440473504975,GOOD,,9.556146341102322,9.556146265565795,7.553652636715924e-08,GOOD,,212.96465412292267,212.964653798886,3.240366766021907e-07,GOOD,,215.69628045487417,215.69628011489513,3.399790386993118e-07,GOOD,,,,,MISSING,,,,,MISSING,,5953e706401725ac12ab9dfae641a34f51529f7edab96e34db199224f9592211,run_ec8c1d4095ea480a906b81611a7dc932.5953e706401725ac12ab9dfae641a34f51529f7edab96e34db199224f9592211,2026-10-03T10:47:16.754972+00:00,2026-10-03T10:47:16.754972+00:00,2026-01-01T17:40:00.000000+00:00,demo.generator.v2.map.5c262229d3fe,sha256:e0e03a76b126628a9293c6eff54155b21558e908ffbe39b25f6f484ab14839fa,"{""adapter_version"": ""csv.adapter.v2"", ""declared_timezone"": ""Asia/Colombo"", ""mapping_version"": ""5c262229d3fe6a666ae239aa791a2c308149326550fef3fd18c5634474cb8de6"", ""original_row"": {""Ir_A"": ""215.69628045487417"", ""Is_A"": ""212.96465412292267"", ""Pr_MW"": ""46.87610603816509"", ""Ps_MW"": ""47.58278007346183"", ""Qr_MVAr"": ""9.515221207633019"", ""Qs_MVAr"": ""9.556146341102322"", ""Vr_kV"": ""127.87358724261397"", ""Vs_kV"": ""131.60190265095412"", ""connection_state"": ""CONNECTED"", ""timestamp"": ""2026-01-01T17:40:00Z""}, ""row_number"": 214, ""terminal_directions"": ""receiving P/Q positive out""}"
2026-01-01T17:45:00.000000+00:00,TL_001,synthetic,SOLVED,rev_6e24672c52e849e3b7890d53aaeb4d40.TL_001,rev_6e24672c52e849e3b7890d53aaeb4d40,127.90950493045264,128.03339042340616,-0.12388549295351936,0.716367226673924,35.92327505117521,05014d6f66b27398d5c2ae789be40dd0e63fd6044ab307b341b2a40c647709ca,131.6010705383807,,,GOOD,,127.90950493045264,128.03339042340616,-0.12388549295351936,GOOD,,46.84282153522793,46.842821477591194,,GOOD,,9.508564307045585,9.508564241938924,,GOOD,,47.610811859048496,47.55918870426512,0.05162315478337831,GOOD,,9.544877793871088,9.544877718738215,7.513287236804445e-08,GOOD,,212.80859892809804,212.80859860580983,3.222882014597417e-07,GOOD,,215.5396506452103,215.53965030705123,3.3815905453593587e-07,GOOD,,,,,MISSING,,,,,MISSING,,84f649402cad08e24e7110df65fa9ee2dda651710c4e208d8b63947bbb989b78,run_ec8c1d4095ea480a906b81611a7dc932.84f649402cad08e24e7110df65fa9ee2dda651710c4e208d8b63947bbb989b78,2026-10-03T10:47:16.981213+00:00,2026-10-03T10:47:16.982341+00:00,2026-01-01T17:45:00.000000+00:00,demo.generator.v2.map.5c262229d3fe,sha256:e0e03a76b126628a9293c6eff54155b21558e908ffbe39b25f6f484ab14839fa,"{""adapter_version"": ""csv.adapter.v2"", ""declared_timezone"": ""Asia/Colombo"", ""mapping_version"": ""5c262229d3fe6a666ae239aa791a2c308149326550fef3fd18c5634474cb8de6"", ""original_row"": {""Ir_A"": ""215.5396506452103"", ""Is_A"": ""212.80859892809804"", ""Pr_MW"": ""46.84282153522793"", ""Ps_MW"": ""47.610811859048496"", ""Qr_MVAr"": ""9.508564307045585"", ""Qs_MVAr"": ""9.544877793871088"", ""Vr_kV"": ""127.90950493045264"", ""Vs_kV"": ""131.6010705383807"", ""connection_state"": ""CONNECTED"", ""timestamp"": ""2026-01-01T17:45:00Z""}, ""row_number"": 215, ""terminal_directions"": ""receiving P/Q positive out""}"
2026-01-01T17:50:00.000000+00:00,TL_001,synthetic,SOLVED,rev_6e24672c52e849e3b7890d53aaeb4d40.TL_001,rev_6e24672c52e849e3b7890d53aaeb4d40,127.86727816675321,128.03490277631212,-0.16762460955891356,0.7156192867341318,35.904620356438905,05014d6f66b27398d5c2ae789be40dd0e63fd6044ab307b341b2a40c647709ca,131.60047588920906,,,GOOD,,127.86727816675321,128.03490277631212,-0.16762460955891356,GOOD,,46.81903556836284,46.81903551094441,,GOOD,,9.503807113672568,9.503807048809835,,GOOD,,47.54643968134677,47.53465479767854,0.011784883668227053,GOOD,,9.53682715895466,9.53682708410943,7.484523045775404e-08,GOOD,,212.69708164458225,212.69708132353853,3.21043728490622e-07,GOOD,,215.42772247549695,215.4277221386334,3.368635361766792e-07,GOOD,,,,,MISSING,,,,,MISSING,,9dbc183839dfd2626f5c57e4c4833b2b9097194ce21ed72bd45e3c4008917eb6,run_ec8c1d4095ea480a906b81611a7dc932.9dbc183839dfd2626f5c57e4c4833b2b9097194ce21ed72bd45e3c4008917eb6,2026-10-03T10:47:17.252221+00:00,2026-10-03T10:47:17.252221+00:00,2026-01-01T17:50:00.000000+00:00,demo.generator.v2.map.5c262229d3fe,sha256:e0e03a76b126628a9293c6eff54155b21558e908ffbe39b25f6f484ab14839fa,"{""adapter_version"": ""csv.adapter.v2"", ""declared_timezone"": ""Asia/Colombo"", ""mapping_version"": ""5c262229d3fe6a666ae239aa791a2c308149326550fef3fd18c5634474cb8de6"", ""original_row"": {""Ir_A"": ""215.42772247549695"", ""Is_A"": ""212.69708164458225"", ""Pr_MW"": ""46.81903556836284"", ""Ps_MW"": ""47.54643968134677"", ""Qr_MVAr"": ""9.503807113672568"", ""Qs_MVAr"": ""9.53682715895466"", ""Vr_kV"": ""127.86727816675321"", ""Vs_kV"": ""131.60047588920906"", ""connection_state"": ""CONNECTED"", ""timestamp"": ""2026-01-01T17:50:00Z""}, ""row_number"": 216, ""terminal_directions"": ""receiving P/Q positive out""}"
2026-01-01T17:55:00.000000+00:00,TL_001,synthetic,SOLVED,rev_6e24672c52e849e3b7890d53aaeb4d40.TL_001,rev_6e24672c52e849e3b7890d53aaeb4d40,127.87500425370968,128.03581038782033,-0.1608061341106577,0.7151705775609685,35.893424223366964,05014d6f66b27398d5c2ae789be40dd0e63fd6044ab307b341b2a40c647709ca,131.60011898646005,,,GOOD,,127.87500425370968,128.03581038782033,-0.1608061341106577,GOOD,,46.80475945840182,46.80475940111409,,GOOD,,9.500951891680364,9.500951826963417,,GOOD,,47.53417095081296,47.51992997867506,0.014240972137898211,GOOD,,9.531996109551473,9.531996034878066,7.467340701339253e-08,GOOD,,212.63015155620002,212.63015123590088,3.202991365469643e-07,GOOD,,215.36054567629014,215.3605453402018,3.360883340519649e-07,GOOD,,,,,MISSING,,,,,MISSING,,f89db73e55e07f88872997c3bd835795502022ae6cfd5ca572567c8bbf45b5f3,run_ec8c1d4095ea480a906b81611a7dc932.f89db73e55e07f88872997c3bd835795502022ae6cfd5ca572567c8bbf45b5f3,2026-10-03T10:47:17.485200+00:00,2026-10-03T10:47:17.485200+00:00,2026-01-01T17:55:00.000000+00:00,demo.generator.v2.map.5c262229d3fe,sha256:e0e03a76b126628a9293c6eff54155b21558e908ffbe39b25f6f484ab14839fa,"{""adapter_version"": ""csv.adapter.v2"", ""declared_timezone"": ""Asia/Colombo"", ""mapping_version"": ""5c262229d3fe6a666ae239aa791a2c308149326550fef3fd18c5634474cb8de6"", ""original_row"": {""Ir_A"": ""215.36054567629014"", ""Is_A"": ""212.63015155620002"", ""Pr_MW"": ""46.80475945840182"", ""Ps_MW"": ""47.53417095081296"", ""Qr_MVAr"": ""9.500951891680364"", ""Qs_MVAr"": ""9.531996109551473"", ""Vr_kV"": ""127.87500425370968"", ""Vs_kV"": ""131.60011898646005"", ""connection_state"": ""CONNECTED"", ""timestamp"": ""2026-01-01T17:55:00Z""}, ""row_number"": 217, ""terminal_directions"": ""receiving P/Q positive out""}"
2026-01-01T18:00:00.000000+00:00,TL_001,synthetic,SOLVED,rev_6e24672c52e849e3b7890d53aaeb4d40.TL_001,rev_6e24672c52e849e3b7890d53aaeb4d40,127.89349121049278,128.0361129582812,-0.14262174778841086,0.7150210169867819,35.889691626243234,05014d6f66b27398d5c2ae789be40dd0e63fd6044ab307b341b2a40c647709ca,131.6,,,GOOD,,127.89349121049278,128.0361129582812,-0.14262174778841086,GOOD,,46.8,46.79999994275576,,GOOD,,9.5,9.499999935331699,,GOOD,,47.460093844405705,47.51502095974254,-0.05492711533683803,GOOD,,9.530385648400548,9.53038557378432,7.461622786308908e-08,GOOD,,212.60783824002178,212.6078379199704,3.2005138450585946e-07,GOOD,,215.33815009328978,215.33814975745938,3.35830407038884e-07,GOOD,,,,,MISSING,,,,,MISSING,,3b33b403a47159ee46d4ae3c7ce136740a3df668abe35d29848dd4dea99b13f2,run_ec8c1d4095ea480a906b81611a7dc932.3b33b403a47159ee46d4ae3c7ce136740a3df668abe35d29848dd4dea99b13f2,2026-10-03T10:47:17.753627+00:00,2026-10-03T10:47:17.753627+00:00,2026-01-01T18:00:00.000000+00:00,demo.generator.v2.map.5c262229d3fe,sha256:e0e03a76b126628a9293c6eff54155b21558e908ffbe39b25f6f484ab14839fa,"{""adapter_version"": ""csv.adapter.v2"", ""declared_timezone"": ""Asia/Colombo"", ""mapping_version"": ""5c262229d3fe6a666ae239aa791a2c308149326550fef3fd18c5634474cb8de6"", ""original_row"": {""Ir_A"": ""215.33815009328978"", ""Is_A"": ""212.60783824002178"", ""Pr_MW"": ""46.8"", ""Ps_MW"": ""47.460093844405705"", ""Qr_MVAr"": ""9.5"", ""Qs_MVAr"": ""9.530385648400548"", ""Vr_kV"": ""127.89349121049278"", ""Vs_kV"": ""131.6"", ""connection_state"": ""CONNECTED"", ""timestamp"": ""2026-01-01T18:00:00Z""}, ""row_number"": 218, ""terminal_directions"": ""receiving P/Q positive out""}"
2026-01-01T18:05:00.000000+00:00,TL_001,synthetic,SOLVED,rev_6e24672c52e849e3b7890d53aaeb4d40.TL_001,rev_6e24672c52e849e3b7890d53aaeb4d40,127.91438107232419,128.03581038782033,-0.12142931549614389,0.7151705775609685,35.893424223366964,05014d6f66b27398d5c2ae789be40dd0e63fd6044ab307b341b2a40c647709ca,131.60011898646005,,,GOOD,,127.91438107232419,128.03581038782033,-0.12142931549614389,GOOD,,46.80475945840182,46.80475940111409,,GOOD,,9.500951891680364,9.500951826963417,,GOOD,,47.501780016774795,47.51992997867506,-0.018149961900263634,GOOD,,9.531996109551473,9.531996034878066,7.467340701339253e-08,GOOD,,212.63015155620002,212.63015123590088,3.202991365469643e-07,GOOD,,215.36054567629014,215.3605453402018,3.360883340519649e-07,GOOD,,,,,MISSING,,,,,MISSING,,ec1444d1d589cf01431cd330ce82ba6fc3766381c4cbd8ca111c8a3aa2ead309,run_ec8c1d4095ea480a906b81611a7dc932.ec1444d1d589cf01431cd330ce82ba6fc3766381c4cbd8ca111c8a3aa2ead309,2026-10-03T10:47:18.016402+00:00,2026-10-03T10:47:18.016402+00:00,2026-01-01T18:05:00.000000+00:00,demo.generator.v2.map.5c262229d3fe,sha256:e0e03a76b126628a9293c6eff54155b21558e908ffbe39b25f6f484ab14839fa,"{""adapter_version"": ""csv.adapter.v2"", ""declared_timezone"": ""Asia/Colombo"", ""mapping_version"": ""5c262229d3fe6a666ae239aa791a2c308149326550fef3fd18c5634474cb8de6"", ""original_row"": {""Ir_A"": ""215.36054567629014"", ""Is_A"": ""212.63015155620002"", ""Pr_MW"": ""46.80475945840182"", ""Ps_MW"": ""47.501780016774795"", ""Qr_MVAr"": ""9.500951891680364"", ""Qs_MVAr"": ""9.531996109551473"", ""Vr_kV"": ""127.91438107232419"", ""Vs_kV"": ""131.60011898646005"", ""connection_state"": ""CONNECTED"", ""timestamp"": ""2026-01-01T18:05:00Z""}, ""row_number"": 219, ""terminal_directions"": ""receiving P/Q positive out""}"
2026-01-01T18:10:00.000000+00:00,TL_001,synthetic,SOLVED,rev_6e24672c52e849e3b7890d53aaeb4d40.TL_001,rev_6e24672c52e849e3b7890d53aaeb4d40,127.88424379229328,128.03490277631212,-0.1506589840188468,0.7156192867341318,35.904620356438905,05014d6f66b27398d5c2ae789be40dd0e63fd6044ab307b341b2a40c647709ca,131.60047588920906,,,GOOD,,127.88424379229328,128.03490277631212,-0.1506589840188468,GOOD,,46.81903556836284,46.81903551094441,,GOOD,,9.503807113672568,9.503807048809835,,GOOD,,47.502562284960284,47.53465479767854,-0.03209251271825764,GOOD,,9.53682715895466,9.53682708410943,7.484523045775404e-08,GOOD,,212.69708164458225,212.69708132353853,3.21043728490622e-07,GOOD,,215.42772247549695,215.4277221386334,3.368635361766792e-07,GOOD,,,,,MISSING,,,,,MISSING,,42f1384d9ce23e84a4f9b8142a48cfd153ed87ca13ab85e94448eb5a152a8bd2,run_ec8c1d4095ea480a906b81611a7dc932.42f1384d9ce23e84a4f9b8142a48cfd153ed87ca13ab85e94448eb5a152a8bd2,2026-10-03T10:47:18.278661+00:00,2026-10-03T10:47:18.278661+00:00,2026-01-01T18:10:00.000000+00:00,demo.generator.v2.map.5c262229d3fe,sha256:e0e03a76b126628a9293c6eff54155b21558e908ffbe39b25f6f484ab14839fa,"{""adapter_version"": ""csv.adapter.v2"", ""declared_timezone"": ""Asia/Colombo"", ""mapping_version"": ""5c262229d3fe6a666ae239aa791a2c308149326550fef3fd18c5634474cb8de6"", ""original_row"": {""Ir_A"": ""215.42772247549695"", ""Is_A"": ""212.69708164458225"", ""Pr_MW"": ""46.81903556836284"", ""Ps_MW"": ""47.502562284960284"", ""Qr_MVAr"": ""9.503807113672568"", ""Qs_MVAr"": ""9.53682715895466"", ""Vr_kV"": ""127.88424379229328"", ""Vs_kV"": ""131.60047588920906"", ""connection_state"": ""CONNECTED"", ""timestamp"": ""2026-01-01T18:10:00Z""}, ""row_number"": 220, ""terminal_directions"": ""receiving P/Q positive out""}"
2026-01-01T18:15:00.000000+00:00,TL_001,synthetic,SOLVED,rev_6e24672c52e849e3b7890d53aaeb4d40.TL_001,rev_6e24672c52e849e3b7890d53aaeb4d40,127.88034756453132,128.03339042340616,-0.1530428588748407,0.716367226673924,35.92327505117521,05014d6f66b27398d5c2ae789be40dd0e63fd6044ab307b341b2a40c647709ca,131.6010705383807,,,GOOD,,127.88034756453132,128.03339042340616,-0.1530428588748407,GOOD,,46.84282153522793,46.842821477591194,,GOOD,,9.508564307045585,9.508564241938924,,GOOD,,47.572025477334364,47.55918870426512,0.012836773069246021,GOOD,,9.544877793871088,9.544877718738215,7.513287236804445e-08,GOOD,,212.80859892809804,212.80859860580983,3.222882014597417e-07,GOOD,,215.5396506452103,215.53965030705123,3.3815905453593587e-07,GOOD,,,,,MISSING,,,,,MISSING,,b37868cb40888369c75f60aec8444aa5ebd07c917d422468925563c6d0d3b88f,run_ec8c1d4095ea480a906b81611a7dc932.b37868cb40888369c75f60aec8444aa5ebd07c917d422468925563c6d0d3b88f,2026-10-03T10:47:18.604377+00:00,2026-10-03T10:47:18.604377+00:00,2026-01-01T18:15:00.000000+00:00,demo.generator.v2.map.5c262229d3fe,sha256:e0e03a76b126628a9293c6eff54155b21558e908ffbe39b25f6f484ab14839fa,"{""adapter_version"": ""csv.adapter.v2"", ""declared_timezone"": ""Asia/Colombo"", ""mapping_version"": ""5c262229d3fe6a666ae239aa791a2c308149326550fef3fd18c5634474cb8de6"", ""original_row"": {""Ir_A"": ""215.5396506452103"", ""Is_A"": ""212.80859892809804"", ""Pr_MW"": ""46.84282153522793"", ""Ps_MW"": ""47.572025477334364"", ""Qr_MVAr"": ""9.508564307045585"", ""Qs_MVAr"": ""9.544877793871088"", ""Vr_kV"": ""127.88034756453132"", ""Vs_kV"": ""131.6010705383807"", ""connection_state"": ""CONNECTED"", ""timestamp"": ""2026-01-01T18:15:00Z""}, ""row_number"": 221, ""terminal_directions"": ""receiving P/Q positive out""}"
2026-01-01T18:20:00.000000+00:00,TL_001,synthetic,SOLVED,rev_6e24672c52e849e3b7890d53aaeb4d40.TL_001,rev_6e24672c52e849e3b7890d53aaeb4d40,127.88756503286992,128.03127382860623,-0.14370879573631612,0.7174145337137219,35.94938001914919,05014d6f66b27398d5c2ae789be40dd0e63fd6044ab307b341b2a40c647709ca,131.60190265095412,,,GOOD,,127.88756503286992,128.03127382860623,-0.14370879573631612,GOOD,,46.87610603816509,46.87610598022161,,GOOD,,9.515221207633019,9.515221142183771,,GOOD,,47.603380434172536,47.59352051393533,0.009859920237204278,GOOD,,9.556146341102322,9.556146265565795,7.553652636715924e-08,GOOD,,212.96465412292267,212.964653798886,3.240366766021907e-07,GOOD,,215.69628045487417,215.69628011489513,3.399790386993118e-07,GOOD,,,,,MISSING,,,,,MISSING,,dfa9a1d6436e0b8f991bc409f7c53183ebf252ea1481c998741fc11347a5676e,run_ec8c1d4095ea480a906b81611a7dc932.dfa9a1d6436e0b8f991bc409f7c53183ebf252ea1481c998741fc11347a5676e,2026-10-03T10:47:18.862854+00:00,2026-10-03T10:47:18.862854+00:00,2026-01-01T18:20:00.000000+00:00,demo.generator.v2.map.5c262229d3fe,sha256:e0e03a76b126628a9293c6eff54155b21558e908ffbe39b25f6f484ab14839fa,"{""adapter_version"": ""csv.adapter.v2"", ""declared_timezone"": ""Asia/Colombo"", ""mapping_version"": ""5c262229d3fe6a666ae239aa791a2c308149326550fef3fd18c5634474cb8de6"", ""original_row"": {""Ir_A"": ""215.69628045487417"", ""Is_A"": ""212.96465412292267"", ""Pr_MW"": ""46.87610603816509"", ""Ps_MW"": ""47.603380434172536"", ""Qr_MVAr"": ""9.515221207633019"", ""Qs_MVAr"": ""9.556146341102322"", ""Vr_kV"": ""127.88756503286992"", ""Vs_kV"": ""131.60190265095412"", ""connection_state"": ""CONNECTED"", ""timestamp"": ""2026-01-01T18:20:00Z""}, ""row_number"": 222, ""terminal_directions"": ""receiving P/Q positive out""}"
2026-01-01T18:25:00.000000+00:00,TL_001,synthetic,SOLVED,rev_6e24672c52e849e3b7890d53aaeb4d40.TL_001,rev_6e24672c52e849e3b7890d53aaeb4d40,127.89591098665787,128.0285536914022,-0.1326427047443417,0.7187613974345481,35.98292366086012,05014d6f66b27398d5c2ae789be40dd0e63fd6044ab307b341b2a40c647709ca,131.60297183088883,,,GOOD,,127.89591098665787,128.0285536914022,-0.1326427047443417,GOOD,,46.918873235553605,46.91887317721384,,GOOD,,9.523774647110722,9.523774581218753,,GOOD,,47.6772544848968,47.63763457464839,0.03961991024841183,GOOD,,9.570630454047674,9.570630377989211,7.605846263913918e-08,GOOD,,213.16517825542246,213.1651779291265,3.262959751282324e-07,GOOD,,215.89754230749165,215.89754196516074,3.423309067329683e-07,GOOD,,,,,MISSING,,,,,MISSING,,1c73fdc11d2913bbf486fdf2baaca248097c0ec25e494329cef35eef30a40c6a,run_ec8c1d4095ea480a906b81611a7dc932.1c73fdc11d2913bbf486fdf2baaca248097c0ec25e494329cef35eef30a40c6a,2026-10-03T10:47:19.099822+00:00,2026-10-03T10:47:19.099822+00:00,2026-01-01T18:25:00.000000+00:00,demo.generator.v2.map.5c262229d3fe,sha256:e0e03a76b126628a9293c6eff54155b21558e908ffbe39b25f6f484ab14839fa,"{""adapter_version"": ""csv.adapter.v2"", ""declared_timezone"": ""Asia/Colombo"", ""mapping_version"": ""5c262229d3fe6a666ae239aa791a2c308149326550fef3fd18c5634474cb8de6"", ""original_row"": {""Ir_A"": ""215.89754230749165"", ""Is_A"": ""213.16517825542246"", ""Pr_MW"": ""46.918873235553605"", ""Ps_MW"": ""47.6772544848968"", ""Qr_MVAr"": ""9.523774647110722"", ""Qs_MVAr"": ""9.570630454047674"", ""Vr_kV"": ""127.89591098665787"", ""Vs_kV"": ""131.60297183088883"", ""connection_state"": ""CONNECTED"", ""timestamp"": ""2026-01-01T18:25:00Z""}, ""row_number"": 223, ""terminal_directions"": ""receiving P/Q positive out""}"
2026-01-01T18:30:00.000000+00:00,TL_001,synthetic,SOLVED,rev_6e24672c52e849e3b7890d53aaeb4d40.TL_001,rev_6e24672c52e849e3b7890d53aaeb4d40,127.87854627602343,128.0252309114529,-0.14668463542946597,0.7204080593822155,36.023891070029066,05014d6f66b27398d5c2ae789be40dd0e63fd6044ab307b341b2a40c647709ca,131.6042775693131,,,GOOD,,127.87854627602343,128.0252309114529,-0.14668463542946597,GOOD,,46.971102772523786,46.97110271369675,,GOOD,,9.534220554504758,9.53422048806875,,GOOD,,47.64720509966504,47.69151077307897,-0.044305673413930435,GOOD,,9.588327108591477,9.588327031891422,7.670005430782112e-08,GOOD,,213.41008268588598,213.41008235681176,3.290742256467638e-07,GOOD,,216.14334676539713,216.1433464201744,3.452227304023836e-07,GOOD,,,,,MISSING,,,,,MISSING,,ff1dad8a3fa4fde83ee647a9745201081089315a694015375075f2811eb42124,run_ec8c1d4095ea480a906b81611a7dc932.ff1dad8a3fa4fde83ee647a9745201081089315a694015375075f2811eb42124,2026-10-03T10:47:19.441619+00:00,2026-10-03T10:47:19.441619+00:00,2026-01-01T18:30:00.000000+00:00,demo.generator.v2.map.5c262229d3fe,sha256:e0e03a76b126628a9293c6eff54155b21558e908ffbe39b25f6f484ab14839fa,"{""adapter_version"": ""csv.adapter.v2"", ""declared_timezone"": ""Asia/Colombo"", ""mapping_version"": ""5c262229d3fe6a666ae239aa791a2c308149326550fef3fd18c5634474cb8de6"", ""original_row"": {""Ir_A"": ""216.14334676539713"", ""Is_A"": ""213.41008268588598"", ""Pr_MW"": ""46.971102772523786"", ""Ps_MW"": ""47.64720509966504"", ""Qr_MVAr"": ""9.534220554504758"", ""Qs_MVAr"": ""9.588327108591477"", ""Vr_kV"": ""127.87854627602343"", ""Vs_kV"": ""131.6042775693131"", ""connection_state"": ""CONNECTED"", ""timestamp"": ""2026-01-01T18:30:00Z""}, ""row_number"": 224, ""terminal_directions"": ""receiving P/Q positive out""}"
2026-01-01T18:35:00.000000+00:00,TL_001,synthetic,SOLVED,rev_6e24672c52e849e3b7890d53aaeb4d40.TL_001,rev_6e24672c52e849e3b7890d53aaeb4d40,127.9028837916077,128.0213065888206,-0.11842279721290083,0.7223548114224627,36.07226403911986,05014d6f66b27398d5c2ae789be40dd0e63fd6044ab307b341b2a40c647709ca,131.6058192447661,,,GOOD,,127.9028837916077,128.0213065888206,-0.11842279721290083,GOOD,,47.032769790644785,47.03276973123775,,GOOD,,9.546553958128957,9.546553891045125,,GOOD,,47.74517995919446,47.75512454266021,-0.009944583465752999,GOOD,,9.609232597834938,9.609232520370936,7.746400143560095e-08,GOOD,,213.69925913905197,213.69925880667014,3.323818305034365e-07,GOOD,,216.43358458338437,216.43358423471915,3.48665224692013e-07,GOOD,,,,,MISSING,,,,,MISSING,,1b7a1b4982f6046383b7b338d2938bf90b773a35ff6c7f4adb0175dec883c01e,run_ec8c1d4095ea480a906b81611a7dc932.1b7a1b4982f6046383b7b338d2938bf90b773a35ff6c7f4adb0175dec883c01e,2026-10-03T10:47:19.681825+00:00,2026-10-03T10:47:19.681825+00:00,2026-01-01T18:35:00.000000+00:00,demo.generator.v2.map.5c262229d3fe,sha256:e0e03a76b126628a9293c6eff54155b21558e908ffbe39b25f6f484ab14839fa,"{""adapter_version"": ""csv.adapter.v2"", ""declared_timezone"": ""Asia/Colombo"", ""mapping_version"": ""5c262229d3fe6a666ae239aa791a2c308149326550fef3fd18c5634474cb8de6"", ""original_row"": {""Ir_A"": ""216.43358458338437"", ""Is_A"": ""213.69925913905197"", ""Pr_MW"": ""47.032769790644785"", ""Ps_MW"": ""47.74517995919446"", ""Qr_MVAr"": ""9.546553958128957"", ""Qs_MVAr"": ""9.609232597834938"", ""Vr_kV"": ""127.9028837916077"", ""Vs_kV"": ""131.6058192447661"", ""connection_state"": ""CONNECTED"", ""timestamp"": ""2026-01-01T18:35:00Z""}, ""row_number"": 225, ""terminal_directions"": ""receiving P/Q positive out""}"
2026-01-01T18:40:00.000000+00:00,TL_001,synthetic,SOLVED,rev_6e24672c52e849e3b7890d53aaeb4d40.TL_001,rev_6e24672c52e849e3b7890d53aaeb4d40,127.89937770257667,128.01678202425524,-0.1174043216785634,0.7246019937368189,36.12802106608491,05014d6f66b27398d5c2ae789be40dd0e63fd6044ab307b341b2a40c647709ca,131.6075961234939,,,GOOD,,127.89937770257667,128.01678202425524,-0.1174043216785634,GOOD,,47.10384493975583,47.10384487967395,,GOOD,,9.560768987951167,9.560768920113963,,GOOD,,47.83994824920832,47.82844687341077,0.011501375797550395,GOOD,,9.633342525683203,9.633342447330365,7.835283710733165e-08,GOOD,,214.03257974144606,214.03257940521476,3.3623129525039985e-07,GOOD,,216.76812674918082,216.76812639650944,3.5267137832306616e-07,GOOD,,,,,MISSING,,,,,MISSING,,f326637f4bf1c08b0460c09b551d02930bab97e602b936e81da1fc741fd6e6f2,run_ec8c1d4095ea480a906b81611a7dc932.f326637f4bf1c08b0460c09b551d02930bab97e602b936e81da1fc741fd6e6f2,2026-10-03T10:47:20.041529+00:00,2026-10-03T10:47:20.041529+00:00,2026-01-01T18:40:00.000000+00:00,demo.generator.v2.map.5c262229d3fe,sha256:e0e03a76b126628a9293c6eff54155b21558e908ffbe39b25f6f484ab14839fa,"{""adapter_version"": ""csv.adapter.v2"", ""declared_timezone"": ""Asia/Colombo"", ""mapping_version"": ""5c262229d3fe6a666ae239aa791a2c308149326550fef3fd18c5634474cb8de6"", ""original_row"": {""Ir_A"": ""216.76812674918082"", ""Is_A"": ""214.03257974144606"", ""Pr_MW"": ""47.10384493975583"", ""Ps_MW"": ""47.83994824920832"", ""Qr_MVAr"": ""9.560768987951167"", ""Qs_MVAr"": ""9.633342525683203"", ""Vr_kV"": ""127.89937770257667"", ""Vs_kV"": ""131.6075961234939"", ""connection_state"": ""CONNECTED"", ""timestamp"": ""2026-01-01T18:40:00Z""}, ""row_number"": 226, ""terminal_directions"": ""receiving P/Q positive out""}"
2026-01-01T18:45:00.000000+00:00,TL_001,synthetic,SOLVED,rev_6e24672c52e849e3b7890d53aaeb4d40.TL_001,rev_6e24672c52e849e3b7890d53aaeb4d40,127.86942024760494,128.01165871952696,-0.14223847192202754,0.7271499924634313,36.19113736233356,05014d6f66b27398d5c2ae789be40dd0e63fd6044ab307b341b2a40c647709ca,131.6096073597984,,,GOOD,,127.86942024760494,128.01165871952696,-0.14223847192202754,GOOD,,47.18429439193539,47.184294331081404,,GOOD,,9.576858878387078,9.576858809688066,,GOOD,,47.92190766357477,47.911444323544835,0.010463340029936319,GOOD,,9.660651799302778,9.660651719932892,7.936988666301659e-08,GOOD,,214.409897065536,214.4098967248998,3.406362054647616e-07,GOOD,,217.14682453125678,217.14682417400138,3.572554021502583e-07,GOOD,,,,,MISSING,,,,,MISSING,,c68a9b2ff13193e6f7b1fe7b781561831ba305f98cedecb61ed9893384700be6,run_ec8c1d4095ea480a906b81611a7dc932.c68a9b2ff13193e6f7b1fe7b781561831ba305f98cedecb61ed9893384700be6,2026-10-03T10:47:20.373425+00:00,2026-10-03T10:47:20.373425+00:00,2026-01-01T18:45:00.000000+00:00,demo.generator.v2.map.5c262229d3fe,sha256:e0e03a76b126628a9293c6eff54155b21558e908ffbe39b25f6f484ab14839fa,"{""adapter_version"": ""csv.adapter.v2"", ""declared_timezone"": ""Asia/Colombo"", ""mapping_version"": ""5c262229d3fe6a666ae239aa791a2c308149326550fef3fd18c5634474cb8de6"", ""original_row"": {""Ir_A"": ""217.14682453125678"", ""Is_A"": ""214.409897065536"", ""Pr_MW"": ""47.18429439193539"", ""Ps_MW"": ""47.92190766357477"", ""Qr_MVAr"": ""9.576858878387078"", ""Qs_MVAr"": ""9.660651799302778"", ""Vr_kV"": ""127.86942024760494"", ""Vs_kV"": ""131.6096073597984"", ""connection_state"": ""CONNECTED"", ""timestamp"": ""2026-01-01T18:45:00Z""}, ""row_number"": 227, ""terminal_directions"": ""receiving P/Q positive out""}"
2026-01-01T18:50:00.000000+00:00,TL_001,synthetic,SOLVED,rev_6e24672c52e849e3b7890d53aaeb4d40.TL_001,rev_6e24672c52e849e3b7890d53aaeb4d40,127.90543269293043,128.0059383778062,-0.10050568487575617,0.7299992369868988,36.261584861921655,05014d6f66b27398d5c2ae789be40dd0e63fd6044ab307b341b2a40c647709ca,131.61185199644004,,,GOOD,,127.90543269293043,128.0059383778062,-0.10050568487575617,GOOD,,47.27407985760133,47.27407979587517,,GOOD,,9.594815971520266,9.594815901848012,,GOOD,,48.066388512853344,48.004079032862066,0.06230947999127778,GOOD,,9.691154620470867,9.6911545399522,8.051866728919777e-08,GOOD,,214.8310441807269,214.83104383511358,3.4561332995508565e-07,GOOD,,217.56950953396418,217.56950917152992,3.6243426393411937e-07,GOOD,,,,,MISSING,,,,,MISSING,,c2bb85e2b2efc628050e4aeac92f679755eb4be3004cc444b23ae4d63c8fd832,run_ec8c1d4095ea480a906b81611a7dc932.c2bb85e2b2efc628050e4aeac92f679755eb4be3004cc444b23ae4d63c8fd832,2026-10-03T10:47:20.612802+00:00,2026-10-03T10:47:20.612802+00:00,2026-01-01T18:50:00.000000+00:00,demo.generator.v2.map.5c262229d3fe,sha256:e0e03a76b126628a9293c6eff54155b21558e908ffbe39b25f6f484ab14839fa,"{""adapter_version"": ""csv.adapter.v2"", ""declared_timezone"": ""Asia/Colombo"", ""mapping_version"": ""5c262229d3fe6a666ae239aa791a2c308149326550fef3fd18c5634474cb8de6"", ""original_row"": {""Ir_A"": ""217.56950953396418"", ""Is_A"": ""214.8310441807269"", ""Pr_MW"": ""47.27407985760133"", ""Ps_MW"": ""48.066388512853344"", ""Qr_MVAr"": ""9.594815971520266"", ""Qs_MVAr"": ""9.691154620470867"", ""Vr_kV"": ""127.90543269293043"", ""Vs_kV"": ""131.61185199644004"", ""connection_state"": ""CONNECTED"", ""timestamp"": ""2026-01-01T18:50:00Z""}, ""row_number"": 228, ""terminal_directions"": ""receiving P/Q positive out""}"
2026-01-01T18:55:00.000000+00:00,TL_001,synthetic,SOLVED,rev_6e24672c52e849e3b7890d53aaeb4d40.TL_001,rev_6e24672c52e849e3b7890d53aaeb4d40,127.86158366920623,127.99962290408851,-0.1380392348822852,0.7331501968833081,36.33933223196006,05014d6f66b27398d5c2ae789be40dd0e63fd6044ab307b341b2a40c647709ca,131.61432896509336,,,GOOD,,127.86158366920623,127.99962290408851,-0.1380392348822852,GOOD,,47.373158603734765,47.37315854103315,,GOOD,,9.614631720746955,9.614631649986173,,GOOD,,48.11111452085471,48.10630873791646,0.0048057829382557316,GOOD,,9.724844475835486,9.724844394031368,8.180411725788872e-08,GOOD,,215.2958347112086,215.29583436002704,3.5118156915814325e-07,GOOD,,218.0359937599881,218.03599339176034,3.682277451844129e-07,GOOD,,,,,MISSING,,,,,MISSING,,726985b30ac542c8435f7272b0eaeb802e323d0a0c79768bc2538c287e266fb5,run_ec8c1d4095ea480a906b81611a7dc932.726985b30ac542c8435f7272b0eaeb802e323d0a0c79768bc2538c287e266fb5,2026-10-03T10:47:20.880667+00:00,2026-10-03T10:47:20.880667+00:00,2026-01-01T18:55:00.000000+00:00,demo.generator.v2.map.5c262229d3fe,sha256:e0e03a76b126628a9293c6eff54155b21558e908ffbe39b25f6f484ab14839fa,"{""adapter_version"": ""csv.adapter.v2"", ""declared_timezone"": ""Asia/Colombo"", ""mapping_version"": ""5c262229d3fe6a666ae239aa791a2c308149326550fef3fd18c5634474cb8de6"", ""original_row"": {""Ir_A"": ""218.0359937599881"", ""Is_A"": ""215.2958347112086"", ""Pr_MW"": ""47.373158603734765"", ""Ps_MW"": ""48.11111452085471"", ""Qr_MVAr"": ""9.614631720746955"", ""Qs_MVAr"": ""9.724844475835486"", ""Vr_kV"": ""127.86158366920623"", ""Vs_kV"": ""131.61432896509336"", ""connection_state"": ""CONNECTED"", ""timestamp"": ""2026-01-01T18:55:00Z""}, ""row_number"": 229, ""terminal_directions"": ""receiving P/Q positive out""}"
2026-01-01T19:00:00.000000+00:00,TL_001,synthetic,SOLVED,rev_6e24672c52e849e3b7890d53aaeb4d40.TL_001,rev_6e24672c52e849e3b7890d53aaeb4d40,127.87492067581779,127.99271440566342,-0.11779372984562997,0.736603378525146,36.42434488424009,05014d6f66b27398d5c2ae789be40dd0e63fd6044ab307b341b2a40c647709ca,131.61703708685545,,,GOOD,,127.87492067581779,127.99271440566342,-0.11779372984562997,GOOD,,47.48148347421863,47.481483410434734,,GOOD,,9.636296694843725,9.636296622875424,,GOOD,,48.192717024246434,48.21808678895988,-0.025369764713445875,GOOD,,9.761714126111276,9.761714042880671,8.323060463055754e-08,GOOD,,215.80406290067478,215.8040625433131,3.573616709218186e-07,GOOD,,218.54606968009776,218.54606930544054,3.7465721902663063e-07,GOOD,,,,,MISSING,,,,,MISSING,,356545cf4e3d1a54d09a37634a84bd598f523201bada6ac8aa031977c23e7b75,run_ec8c1d4095ea480a906b81611a7dc932.356545cf4e3d1a54d09a37634a84bd598f523201bada6ac8aa031977c23e7b75,2026-10-03T10:47:21.121113+00:00,2026-10-03T10:47:21.121113+00:00,2026-01-01T19:00:00.000000+00:00,demo.generator.v2.map.5c262229d3fe,sha256:e0e03a76b126628a9293c6eff54155b21558e908ffbe39b25f6f484ab14839fa,"{""adapter_version"": ""csv.adapter.v2"", ""declared_timezone"": ""Asia/Colombo"", ""mapping_version"": ""5c262229d3fe6a666ae239aa791a2c308149326550fef3fd18c5634474cb8de6"", ""original_row"": {""Ir_A"": ""218.54606968009776"", ""Is_A"": ""215.80406290067478"", ""Pr_MW"": ""47.48148347421863"", ""Ps_MW"": ""48.192717024246434"", ""Qr_MVAr"": ""9.636296694843725"", ""Qs_MVAr"": ""9.761714126111276"", ""Vr_kV"": ""127.87492067581779"", ""Vs_kV"": ""131.61703708685545"", ""connection_state"": ""CONNECTED"", ""timestamp"": ""2026-01-01T19:00:00Z""}, ""row_number"": 230, ""terminal_directions"": ""receiving P/Q positive out""}"
2026-01-01T19:05:00.000000+00:00,TL_001,synthetic,SOLVED,rev_6e24672c52e849e3b7890d53aaeb4d40.TL_001,rev_6e24672c52e849e3b7890d53aaeb4d40,127.85267558620993,127.98521519262364,-0.1325396064137152,0.7403593213538784,36.516584988073,05014d6f66b27398d5c2ae789be40dd0e63fd6044ab307b341b2a40c647709ca,131.61997507280702,,,GOOD,,127.85267558620993,127.98521519262364,-0.1325396064137152,GOOD,,47.59900291228142,47.59900284730453,,GOOD,,9.659800582456285,9.659800509157343,,GOOD,,48.33858635073602,48.33936216865841,-0.0007758179223884554,GOOD,,9.801755594238708,9.80175550943554,8.480316715520075e-08,GOOD,,216.35550368393436,216.3555033197581,3.6417625892681826e-07,GOOD,,219.09951031018392,219.09950992843795,3.81745962840796e-07,GOOD,,,,,MISSING,,,,,MISSING,,2f249f426d415ce2e2f5e191412bcd6ed38cb28eb3832ead59ffa3a771667dc0,run_ec8c1d4095ea480a906b81611a7dc932.2f249f426d415ce2e2f5e191412bcd6ed38cb28eb3832ead59ffa3a771667dc0,2026-10-03T10:47:21.427069+00:00,2026-10-03T10:47:21.427069+00:00,2026-01-01T19:05:00.000000+00:00,demo.generator.v2.map.5c262229d3fe,sha256:e0e03a76b126628a9293c6eff54155b21558e908ffbe39b25f6f484ab14839fa,"{""adapter_version"": ""csv.adapter.v2"", ""declared_timezone"": ""Asia/Colombo"", ""mapping_version"": ""5c262229d3fe6a666ae239aa791a2c308149326550fef3fd18c5634474cb8de6"", ""original_row"": {""Ir_A"": ""219.09951031018392"", ""Is_A"": ""216.35550368393436"", ""Pr_MW"": ""47.59900291228142"", ""Ps_MW"": ""48.33858635073602"", ""Qr_MVAr"": ""9.659800582456285"", ""Qs_MVAr"": ""9.801755594238708"", ""Vr_kV"": ""127.85267558620993"", ""Vs_kV"": ""131.61997507280702"", ""connection_state"": ""CONNECTED"", ""timestamp"": ""2026-01-01T19:05:00Z""}, ""row_number"": 231, ""terminal_directions"": ""receiving P/Q positive out""}"
2026-01-01T19:10:00.000000+00:00,TL_001,synthetic,SOLVED,rev_6e24672c52e849e3b7890d53aaeb4d40.TL_001,rev_6e24672c52e849e3b7890d53aaeb4d40,127.84433158651052,127.97712777841375,-0.13279619190322478,0.7444185938265377,36.61601148434044,05014d6f66b27398d5c2ae789be40dd0e63fd6044ab307b341b2a40c647709ca,131.62314152462588,,,GOOD,,127.84433158651052,127.97712777841375,-0.13279619190322478,GOOD,,47.72566098503546,47.72566091875043,,GOOD,,9.685132197007093,9.685132122249557,,GOOD,,48.44507851728185,48.470079512576966,-0.025000995295116013,GOOD,,9.844960152535263,9.844960066007392,8.652787109042492e-08,GOOD,,216.9499127654333,216.94991239378197,3.716513390372711e-07,GOOD,,219.69606929556315,219.69606890604263,3.89520522503517e-07,GOOD,,,,,MISSING,,,,,MISSING,,25c3b26a15e6fa0b3831cf3beaadbfe928a7d143a1de2b829b76d6eb9ef418c6,run_ec8c1d4095ea480a906b81611a7dc932.25c3b26a15e6fa0b3831cf3beaadbfe928a7d143a1de2b829b76d6eb9ef418c6,2026-10-03T10:47:21.666127+00:00,2026-10-03T10:47:21.666127+00:00,2026-01-01T19:10:00.000000+00:00,demo.generator.v2.map.5c262229d3fe,sha256:e0e03a76b126628a9293c6eff54155b21558e908ffbe39b25f6f484ab14839fa,"{""adapter_version"": ""csv.adapter.v2"", ""declared_timezone"": ""Asia/Colombo"", ""mapping_version"": ""5c262229d3fe6a666ae239aa791a2c308149326550fef3fd18c5634474cb8de6"", ""original_row"": {""Ir_A"": ""219.69606929556315"", ""Is_A"": ""216.9499127654333"", ""Pr_MW"": ""47.72566098503546"", ""Ps_MW"": ""48.44507851728185"", ""Qr_MVAr"": ""9.685132197007093"", ""Qs_MVAr"": ""9.844960152535263"", ""Vr_kV"": ""127.84433158651052"", ""Vs_kV"": ""131.62314152462588"", ""connection_state"": ""CONNECTED"", ""timestamp"": ""2026-01-01T19:10:00Z""}, ""row_number"": 232, ""terminal_directions"": ""receiving P/Q positive out""}"
2026-01-01T19:15:00.000000+00:00,TL_001,synthetic,SOLVED,rev_6e24672c52e849e3b7890d53aaeb4d40.TL_001,rev_6e24672c52e849e3b7890d53aaeb4d40,127.79772491047062,127.96845488041433,-0.17072996994370726,0.7487817890448341,36.72258010075385,05014d6f66b27398d5c2ae789be40dd0e63fd6044ab307b341b2a40c647709ca,131.62653493525244,,,GOOD,,127.79772491047062,127.96845488041433,-0.17072996994370726,GOOD,,47.86139741009788,47.86139734238481,,GOOD,,9.712279482019577,9.712279405670067,,GOOD,,48.54798969872594,48.610179131429646,-0.06218943270370403,GOOD,,9.891318308872215,9.891318220460949,8.841126586389692e-08,GOOD,,217.58702670470922,217.58702632489423,3.7981499190209433e-07,GOOD,,220.33548100253356,220.33548060452313,3.9801042817089183e-07,GOOD,,,,,MISSING,,,,,MISSING,,8d349ec51079cc5253d66d40a32f704f1a599e1517059835fb3860025767cd66,run_ec8c1d4095ea480a906b81611a7dc932.8d349ec51079cc5253d66d40a32f704f1a599e1517059835fb3860025767cd66,2026-10-03T10:47:21.930251+00:00,2026-10-03T10:47:21.931290+00:00,2026-01-01T19:15:00.000000+00:00,demo.generator.v2.map.5c262229d3fe,sha256:e0e03a76b126628a9293c6eff54155b21558e908ffbe39b25f6f484ab14839fa,"{""adapter_version"": ""csv.adapter.v2"", ""declared_timezone"": ""Asia/Colombo"", ""mapping_version"": ""5c262229d3fe6a666ae239aa791a2c308149326550fef3fd18c5634474cb8de6"", ""original_row"": {""Ir_A"": ""220.33548100253356"", ""Is_A"": ""217.58702670470922"", ""Pr_MW"": ""47.86139741009788"", ""Ps_MW"": ""48.54798969872594"", ""Qr_MVAr"": ""9.712279482019577"", ""Qs_MVAr"": ""9.891318308872215"", ""Vr_kV"": ""127.79772491047062"", ""Vs_kV"": ""131.62653493525244"", ""connection_state"": ""CONNECTED"", ""timestamp"": ""2026-01-01T19:15:00Z""}, ""row_number"": 233, ""terminal_directions"": ""receiving P/Q positive out""}"
2026-01-01T19:20:00.000000+00:00,TL_001,synthetic,SOLVED,rev_6e24672c52e849e3b7890d53aaeb4d40.TL_001,rev_6e24672c52e849e3b7890d53aaeb4d40,127.79805786799389,127.9591994205596,-0.1611415525657094,0.7534495200748026,36.83624336831864,05014d6f66b27398d5c2ae789be40dd0e63fd6044ab307b341b2a40c647709ca,131.63015368960703,,,GOOD,,127.79805786799389,127.9591994205596,-0.1611415525657094,GOOD,,48.006147584281834,48.006147515015655,,GOOD,,9.741229516856366,9.74122943877633,,GOOD,,48.74583684854189,48.75959703509046,-0.013760186548566367,GOOD,,9.940819791909625,9.94081970145015,9.045947457764214e-08,GOOD,,218.26656300879432,218.26656262009763,3.886966908339673e-07,GOOD,,221.0174606171575,221.01746020991186,4.0724563632466015e-07,GOOD,,,,,MISSING,,,,,MISSING,,7e9528c1a6d3f635987a17b33b01b25ba594cd91ffa3e5997f7a8ded31072c0d,run_ec8c1d4095ea480a906b81611a7dc932.7e9528c1a6d3f635987a17b33b01b25ba594cd91ffa3e5997f7a8ded31072c0d,2026-10-03T10:47:22.322736+00:00,2026-10-03T10:47:22.322736+00:00,2026-01-01T19:20:00.000000+00:00,demo.generator.v2.map.5c262229d3fe,sha256:e0e03a76b126628a9293c6eff54155b21558e908ffbe39b25f6f484ab14839fa,"{""adapter_version"": ""csv.adapter.v2"", ""declared_timezone"": ""Asia/Colombo"", ""mapping_version"": ""5c262229d3fe6a666ae239aa791a2c308149326550fef3fd18c5634474cb8de6"", ""original_row"": {""Ir_A"": ""221.0174606171575"", ""Is_A"": ""218.26656300879432"", ""Pr_MW"": ""48.006147584281834"", ""Ps_MW"": ""48.74583684854189"", ""Qr_MVAr"": ""9.741229516856366"", ""Qs_MVAr"": ""9.940819791909625"", ""Vr_kV"": ""127.79805786799389"", ""Vs_kV"": ""131.63015368960703"", ""connection_state"": ""CONNECTED"", ""timestamp"": ""2026-01-01T19:20:00Z""}, ""row_number"": 234, ""terminal_directions"": ""receiving P/Q positive out""}"
2026-01-01T19:25:00.000000+00:00,TL_001,synthetic,SOLVED,rev_6e24672c52e849e3b7890d53aaeb4d40.TL_001,rev_6e24672c52e849e3b7890d53aaeb4d40,127.80486051853997,127.94936452598542,-0.14450400744544822,0.7584224149667236,36.95695063899914,05014d6f66b27398d5c2ae789be40dd0e63fd6044ab307b341b2a40c647709ca,131.6339960653586,,,GOOD,,127.80486051853997,127.94936452598542,-0.14450400744544822,GOOD,,48.15984261434403,48.159842543393815,,GOOD,,9.771968522868805,9.771968442912621,,GOOD,,48.976381966993806,48.91826495836054,0.05811700863326763,GOOD,,9.99345353543055,9.99345344274899,9.268156020425522e-08,GOOD,,218.9882202315934,218.98821983326118,3.9833221876506286e-07,GOOD,,221.74170425125797,221.7417038339948,4.172631804522098e-07,GOOD,,,,,MISSING,,,,,MISSING,,3b691472cb993613c39ff5fc682926e5c454c41a171113dfff40719e032b20b4,run_ec8c1d4095ea480a906b81611a7dc932.3b691472cb993613c39ff5fc682926e5c454c41a171113dfff40719e032b20b4,2026-10-03T10:47:22.840067+00:00,2026-10-03T10:47:22.840067+00:00,2026-01-01T19:25:00.000000+00:00,demo.generator.v2.map.5c262229d3fe,sha256:e0e03a76b126628a9293c6eff54155b21558e908ffbe39b25f6f484ab14839fa,"{""adapter_version"": ""csv.adapter.v2"", ""declared_timezone"": ""Asia/Colombo"", ""mapping_version"": ""5c262229d3fe6a666ae239aa791a2c308149326550fef3fd18c5634474cb8de6"", ""original_row"": {""Ir_A"": ""221.74170425125797"", ""Is_A"": ""218.9882202315934"", ""Pr_MW"": ""48.15984261434403"", ""Ps_MW"": ""48.976381966993806"", ""Qr_MVAr"": ""9.771968522868805"", ""Qs_MVAr"": ""9.99345353543055"", ""Vr_kV"": ""127.80486051853997"", ""Vs_kV"": ""131.6339960653586"", ""connection_state"": ""CONNECTED"", ""timestamp"": ""2026-01-01T19:25:00Z""}, ""row_number"": 235, ""terminal_directions"": ""receiving P/Q positive out""}"
2026-01-01T19:30:00.000000+00:00,TL_001,synthetic,SOLVED,rev_6e24672c52e849e3b7890d53aaeb4d40.TL_001,rev_6e24672c52e849e3b7890d53aaeb4d40,127.8225957876523,127.93895352970337,-0.11635774205106486,0.7637011114845649,37.084648104582975,05014d6f66b27398d5c2ae789be40dd0e63fd6044ab307b341b2a40c647709ca,131.63806023374434,,,GOOD,,127.8225957876523,127.93895352970337,-0.11635774205106486,GOOD,,48.32240934977426,48.32240927700303,,GOOD,,9.804481869954854,9.804481787970637,,GOOD,,49.05724773066198,49.0861103884876,-0.02886265782561992,GOOD,,10.049207661809522,10.04920756672458,9.508494258625433e-08,GOOD,,219.7516780802466,219.75167767149048,4.08756108072339e-07,GOOD,,222.50788905559648,222.50788862749783,4.280986445337476e-07,GOOD,,,,,MISSING,,,,,MISSING,,19c6a42aa597b17850a2fdab1b3ccb1fef806c23f92cb35dadf8d0b737ff7412,run_ec8c1d4095ea480a906b81611a7dc932.19c6a42aa597b17850a2fdab1b3ccb1fef806c23f92cb35dadf8d0b737ff7412,2026-10-03T10:47:23.216953+00:00,2026-10-03T10:47:23.216953+00:00,2026-01-01T19:30:00.000000+00:00,demo.generator.v2.map.5c262229d3fe,sha256:e0e03a76b126628a9293c6eff54155b21558e908ffbe39b25f6f484ab14839fa,"{""adapter_version"": ""csv.adapter.v2"", ""declared_timezone"": ""Asia/Colombo"", ""mapping_version"": ""5c262229d3fe6a666ae239aa791a2c308149326550fef3fd18c5634474cb8de6"", ""original_row"": {""Ir_A"": ""222.50788905559648"", ""Is_A"": ""219.7516780802466"", ""Pr_MW"": ""48.32240934977426"", ""Ps_MW"": ""49.05724773066198"", ""Qr_MVAr"": ""9.804481869954854"", ""Qs_MVAr"": ""10.049207661809522"", ""Vr_kV"": ""127.8225957876523"", ""Vs_kV"": ""131.63806023374434"", ""connection_state"": ""CONNECTED"", ""timestamp"": ""2026-01-01T19:30:00Z""}, ""row_number"": 236, ""terminal_directions"": ""receiving P/Q positive out""}"
2026-01-01T19:35:00.000000+00:00,TL_001,synthetic,SOLVED,rev_6e24672c52e849e3b7890d53aaeb4d40.TL_001,rev_6e24672c52e849e3b7890d53aaeb4d40,127.7966178914573,127.92796997129918,-0.13135207984187502,0.7692862515554637,37.21927881673758,05014d6f66b27398d5c2ae789be40dd0e63fd6044ab307b341b2a40c647709ca,131.64234426044027,,,GOOD,,127.7966178914573,127.92796997129918,-0.13135207984187502,GOOD,,48.49377041761105,48.49377034287506,,GOOD,,9.838754083522211,9.838753999350686,,GOOD,,49.25084432505961,49.26305659443052,-0.01221226937091302,GOOD,,10.108069464662782,10.108069366984122,9.767865982723833e-08,GOOD,,220.55659752850323,220.5565971084946,4.200086323180585e-07,GOOD,,223.31567334021912,223.31567290042545,4.397936663735891e-07,GOOD,,,,,MISSING,,,,,MISSING,,8bf5469a5a3112fc7c259466290e34d432c5f105958cd01a6dbc0c67a8d14a0e,run_ec8c1d4095ea480a906b81611a7dc932.8bf5469a5a3112fc7c259466290e34d432c5f105958cd01a6dbc0c67a8d14a0e,2026-10-03T10:47:23.518356+00:00,2026-10-03T10:47:23.518356+00:00,2026-01-01T19:35:00.000000+00:00,demo.generator.v2.map.5c262229d3fe,sha256:e0e03a76b126628a9293c6eff54155b21558e908ffbe39b25f6f484ab14839fa,"{""adapter_version"": ""csv.adapter.v2"", ""declared_timezone"": ""Asia/Colombo"", ""mapping_version"": ""5c262229d3fe6a666ae239aa791a2c308149326550fef3fd18c5634474cb8de6"", ""original_row"": {""Ir_A"": ""223.31567334021912"", ""Is_A"": ""220.55659752850323"", ""Pr_MW"": ""48.49377041761105"", ""Ps_MW"": ""49.25084432505961"", ""Qr_MVAr"": ""9.838754083522211"", ""Qs_MVAr"": ""10.108069464662782"", ""Vr_kV"": ""127.7966178914573"", ""Vs_kV"": ""131.64234426044027"", ""connection_state"": ""CONNECTED"", ""timestamp"": ""2026-01-01T19:35:00Z""}, ""row_number"": 237, ""terminal_directions"": ""receiving P/Q positive out""}"
2026-01-01T19:40:00.000000+00:00,TL_001,synthetic,SOLVED,rev_6e24672c52e849e3b7890d53aaeb4d40.TL_001,rev_6e24672c52e849e3b7890d53aaeb4d40,127.7726041452914,127.9164175976501,-0.14381345235869958,0.7751784754505309,37.36078270825751,05014d6f66b27398d5c2ae789be40dd0e63fd6044ab307b341b2a40c647709ca,131.64684610648166,,,GOOD,,127.7726041452914,127.9164175976501,-0.14381345235869958,GOOD,,48.67384425926699,48.67384418241527,,GOOD,,9.8747688518534,9.874768765327417,,GOOD,,49.45458250728105,49.449022657865804,0.0055598494152491185,GOOD,,10.17002539072056,10.170025290247992,1.0047256893130907e-07,GOOD,,221.40262093711505,221.40262050498305,4.3213199774072564e-07,GOOD,,224.1646967019364,224.16469624954507,4.523913332832308e-07,GOOD,,,,,MISSING,,,,,MISSING,,ffd767ff174638d9441967d87d0b4dc89c31f22c703131addd024cf4e2a49469,run_ec8c1d4095ea480a906b81611a7dc932.ffd767ff174638d9441967d87d0b4dc89c31f22c703131addd024cf4e2a49469,2026-10-03T10:47:23.773734+00:00,2026-10-03T10:47:23.773734+00:00,2026-01-01T19:40:00.000000+00:00,demo.generator.v2.map.5c262229d3fe,sha256:e0e03a76b126628a9293c6eff54155b21558e908ffbe39b25f6f484ab14839fa,"{""adapter_version"": ""csv.adapter.v2"", ""declared_timezone"": ""Asia/Colombo"", ""mapping_version"": ""5c262229d3fe6a666ae239aa791a2c308149326550fef3fd18c5634474cb8de6"", ""original_row"": {""Ir_A"": ""224.1646967019364"", ""Is_A"": ""221.40262093711505"", ""Pr_MW"": ""48.67384425926699"", ""Ps_MW"": ""49.45458250728105"", ""Qr_MVAr"": ""9.8747688518534"", ""Qs_MVAr"": ""10.17002539072056"", ""Vr_kV"": ""127.7726041452914"", ""Vs_kV"": ""131.64684610648166"", ""connection_state"": ""CONNECTED"", ""timestamp"": ""2026-01-01T19:40:00Z""}, ""row_number"": 238, ""terminal_directions"": ""receiving P/Q positive out""}"
2026-01-01T19:45:00.000000+00:00,TL_001,synthetic,SOLVED,rev_6e24672c52e849e3b7890d53aaeb4d40.TL_001,rev_6e24672c52e849e3b7890d53aaeb4d40,127.77874631072056,127.90430036365879,-0.1255540529382273,0.7813784157078274,37.509096615496716,05014d6f66b27398d5c2ae789be40dd0e63fd6044ab307b341b2a40c647709ca,131.65156362923366,,,GOOD,,127.77874631072056,127.90430036365879,-0.1255540529382273,GOOD,,48.862545169346234,48.86254509021998,,GOOD,,9.912509033869247,9.912508944813112,,GOOD,,49.63374583372387,49.64392350592781,-0.010177672203937504,GOOD,,10.235061020971589,10.235060917494602,1.0347698697898977e-07,GOOD,,222.28937218126924,222.28937173609688,4.451723611964553e-07,GOOD,,225.0545801589199,225.0545796929803,4.659395926864818e-07,GOOD,,,,,MISSING,,,,,MISSING,,0f677d5e75bc224d61c80ec4c6d2c1d444ff23662fa7a5362ac233a7f7cd22ca,run_ec8c1d4095ea480a906b81611a7dc932.0f677d5e75bc224d61c80ec4c6d2c1d444ff23662fa7a5362ac233a7f7cd22ca,2026-10-03T10:47:24.087296+00:00,2026-10-03T10:47:24.087296+00:00,2026-01-01T19:45:00.000000+00:00,demo.generator.v2.map.5c262229d3fe,sha256:e0e03a76b126628a9293c6eff54155b21558e908ffbe39b25f6f484ab14839fa,"{""adapter_version"": ""csv.adapter.v2"", ""declared_timezone"": ""Asia/Colombo"", ""mapping_version"": ""5c262229d3fe6a666ae239aa791a2c308149326550fef3fd18c5634474cb8de6"", ""original_row"": {""Ir_A"": ""225.0545801589199"", ""Is_A"": ""222.28937218126924"", ""Pr_MW"": ""48.862545169346234"", ""Ps_MW"": ""49.63374583372387"", ""Qr_MVAr"": ""9.912509033869247"", ""Qs_MVAr"": ""10.235061020971589"", ""Vr_kV"": ""127.77874631072056"", ""Vs_kV"": ""131.65156362923366"", ""connection_state"": ""CONNECTED"", ""timestamp"": ""2026-01-01T19:45:00Z""}, ""row_number"": 239, ""terminal_directions"": ""receiving P/Q positive out""}"
2026-01-01T19:50:00.000000+00:00,TL_001,synthetic,SOLVED,rev_6e24672c52e849e3b7890d53aaeb4d40.TL_001,rev_6e24672c52e849e3b7890d53aaeb4d40,127.77515922590892,127.89162243299826,-0.116463207089339,0.7878866908102466,37.66415430198185,05014d6f66b27398d5c2ae789be40dd0e63fd6044ab307b341b2a40c647709ca,131.65649458341088,,,GOOD,,127.77515922590892,127.89162243299826,-0.116463207089339,GOOD,,49.05978333643556,49.05978325486755,,GOOD,,9.951956667287112,9.951956575516013,,GOOD,,49.81341188376138,49.847669945677794,-0.03425806191641101,GOOD,,10.303161051126411,10.303160944422874,1.0670353667308063e-07,GOOD,,223.21645678506835,223.2164563258885,4.591798585806828e-07,GOOD,,225.9849262923809,225.98492581189115,4.804897457688639e-07,GOOD,,,,,MISSING,,,,,MISSING,,74817191dafb8b1ed1109e7af03cba3bbcd84ef68e5553bfb76f68f832b9e183,run_ec8c1d4095ea480a906b81611a7dc932.74817191dafb8b1ed1109e7af03cba3bbcd84ef68e5553bfb76f68f832b9e183,2026-10-03T10:47:24.317644+00:00,2026-10-03T10:47:24.317644+00:00,2026-01-01T19:50:00.000000+00:00,demo.generator.v2.map.5c262229d3fe,sha256:e0e03a76b126628a9293c6eff54155b21558e908ffbe39b25f6f484ab14839fa,"{""adapter_version"": ""csv.adapter.v2"", ""declared_timezone"": ""Asia/Colombo"", ""mapping_version"": ""5c262229d3fe6a666ae239aa791a2c308149326550fef3fd18c5634474cb8de6"", ""original_row"": {""Ir_A"": ""225.9849262923809"", ""Is_A"": ""223.21645678506835"", ""Pr_MW"": ""49.05978333643556"", ""Ps_MW"": ""49.81341188376138"", ""Qr_MVAr"": ""9.951956667287112"", ""Qs_MVAr"": ""10.303161051126411"", ""Vr_kV"": ""127.77515922590892"", ""Vs_kV"": ""131.65649458341088"", ""connection_state"": ""CONNECTED"", ""timestamp"": ""2026-01-01T19:50:00Z""}, ""row_number"": 240, ""terminal_directions"": ""receiving P/Q positive out""}"
2026-01-01T19:55:00.000000+00:00,TL_001,synthetic,SOLVED,rev_6e24672c52e849e3b7890d53aaeb4d40.TL_001,rev_6e24672c52e849e3b7890d53aaeb4d40,127.74098040323855,127.87838817886517,-0.13740777562661322,0.7947038986304094,37.82588648320195,05014d6f66b27398d5c2ae789be40dd0e63fd6044ab307b341b2a40c647709ca,131.66163662214623,,,GOOD,,127.74098040323855,127.87838817886517,-0.13740777562661322,GOOD,,49.26546488584984,49.265464801663896,,GOOD,,9.993092977169969,9.993092882489197,,GOOD,,50.13809899970027,50.060168700294305,0.07793029940596341,GOOD,,10.374309271452674,10.37430916128864,1.1016403433927735e-07,GOOD,,224.18346206306933,224.18346158886223,4.742070984775637e-07,GOOD,,226.95531939530804,226.9553188992117,4.960963337907742e-07,GOOD,,,,,MISSING,,,,,MISSING,,f276110f4d2c3a7a9c81d04f8e255bdd993fc91fea73a1f91b583dc33a451eef,run_ec8c1d4095ea480a906b81611a7dc932.f276110f4d2c3a7a9c81d04f8e255bdd993fc91fea73a1f91b583dc33a451eef,2026-10-03T10:47:24.545459+00:00,2026-10-03T10:47:24.545459+00:00,2026-01-01T19:55:00.000000+00:00,demo.generator.v2.map.5c262229d3fe,sha256:e0e03a76b126628a9293c6eff54155b21558e908ffbe39b25f6f484ab14839fa,"{""adapter_version"": ""csv.adapter.v2"", ""declared_timezone"": ""Asia/Colombo"", ""mapping_version"": ""5c262229d3fe6a666ae239aa791a2c308149326550fef3fd18c5634474cb8de6"", ""original_row"": {""Ir_A"": ""226.95531939530804"", ""Is_A"": ""224.18346206306933"", ""Pr_MW"": ""49.26546488584984"", ""Ps_MW"": ""50.13809899970027"", ""Qr_MVAr"": ""9.993092977169969"", ""Qs_MVAr"": ""10.374309271452674"", ""Vr_kV"": ""127.74098040323855"", ""Vs_kV"": ""131.66163662214623"", ""connection_state"": ""CONNECTED"", ""timestamp"": ""2026-01-01T19:55:00Z""}, ""row_number"": 241, ""terminal_directions"": ""receiving P/Q positive out""}"
2026-01-01T20:00:00.000000+00:00,TL_001,synthetic,SOLVED,rev_6e24672c52e849e3b7890d53aaeb4d40.TL_001,rev_6e24672c52e849e3b7890d53aaeb4d40,127.73174324902529,127.86460218473562,-0.13285893571033114,0.8018306096558945,37.994220852569036,05014d6f66b27398d5c2ae789be40dd0e63fd6044ab307b341b2a40c647709ca,131.66698729810778,,,GOOD,,127.73174324902529,127.86460218473562,-0.13285893571033114,GOOD,,49.47949192431122,49.47949183732137,,GOOD,,10.035898384862243,10.035898287066617,,GOOD,,50.32431897271901,50.28132244697726,0.04299652574174928,GOOD,,10.448488546034659,10.448488432163073,1.1387158593834101e-07,GOOD,,225.18995726888775,225.18995677857632,4.903114358967287e-07,GOOD,,227.96532562823245,227.96532511541417,5.128182749558619e-07,GOOD,,,,,MISSING,,,,,MISSING,,3e16960be0ff8598b47f896f65e373bf2be93e021a35642921208a4281682e3d,run_ec8c1d4095ea480a906b81611a7dc932.3e16960be0ff8598b47f896f65e373bf2be93e021a35642921208a4281682e3d,2026-10-03T10:47:24.785837+00:00,2026-10-03T10:47:24.785837+00:00,2026-01-01T20:00:00.000000+00:00,demo.generator.v2.map.5c262229d3fe,sha256:e0e03a76b126628a9293c6eff54155b21558e908ffbe39b25f6f484ab14839fa,"{""adapter_version"": ""csv.adapter.v2"", ""declared_timezone"": ""Asia/Colombo"", ""mapping_version"": ""5c262229d3fe6a666ae239aa791a2c308149326550fef3fd18c5634474cb8de6"", ""original_row"": {""Ir_A"": ""227.96532562823245"", ""Is_A"": ""225.18995726888775"", ""Pr_MW"": ""49.47949192431122"", ""Ps_MW"": ""50.32431897271901"", ""Qr_MVAr"": ""10.035898384862243"", ""Qs_MVAr"": ""10.448488546034659"", ""Vr_kV"": ""127.73174324902529"", ""Vs_kV"": ""131.66698729810778"", ""connection_state"": ""CONNECTED"", ""timestamp"": ""2026-01-01T20:00:00Z""}, ""row_number"": 242, ""terminal_directions"": ""receiving P/Q positive out""}"
2026-01-01T20:05:00.000000+00:00,TL_001,synthetic,SOLVED,rev_6e24672c52e849e3b7890d53aaeb4d40.TL_001,rev_6e24672c52e849e3b7890d53aaeb4d40,127.71500138800432,127.85026922185432,-0.1352678338499942,0.8092673637034551,38.169082196998865,05014d6f66b27398d5c2ae789be40dd0e63fd6044ab307b341b2a40c647709ca,131.67254406466353,,,GOOD,,127.71500138800432,127.85026922185432,-0.1352678338499942,GOOD,,49.70176258654107,49.70176258654106,,GOOD,,10.080352517308215,10.080352517308167,,GOOD,,50.52845326310443,50.51102995024451,0.017423312859918383,GOOD,,10.525680791513311,10.52568079151334,-2.842170943040401e-14,GOOD,,226.23549375087336,226.23549375087336,0.0,GOOD,,229.01449318199317,229.01449318199317,0.0,GOOD,,,,,MISSING,,,,,MISSING,,9103a46adbca33e63b6b8be162b5c09e9fdb0366e9c80029cbe5cf2c2c3b9a10,run_ec8c1d4095ea480a906b81611a7dc932.9103a46adbca33e63b6b8be162b5c09e9fdb0366e9c80029cbe5cf2c2c3b9a10,2026-10-03T10:47:25.177913+00:00,2026-10-03T10:47:25.177913+00:00,2026-01-01T20:05:00.000000+00:00,demo.generator.v2.map.5c262229d3fe,sha256:e0e03a76b126628a9293c6eff54155b21558e908ffbe39b25f6f484ab14839fa,"{""adapter_version"": ""csv.adapter.v2"", ""declared_timezone"": ""Asia/Colombo"", ""mapping_version"": ""5c262229d3fe6a666ae239aa791a2c308149326550fef3fd18c5634474cb8de6"", ""original_row"": {""Ir_A"": ""229.01449318199317"", ""Is_A"": ""226.23549375087336"", ""Pr_MW"": ""49.70176258654107"", ""Ps_MW"": ""50.52845326310443"", ""Qr_MVAr"": ""10.080352517308215"", ""Qs_MVAr"": ""10.525680791513311"", ""Vr_kV"": ""127.71500138800432"", ""Vs_kV"": ""131.67254406466353"", ""connection_state"": ""CONNECTED"", ""timestamp"": ""2026-01-01T20:05:00Z""}, ""row_number"": 243, ""terminal_directions"": ""receiving P/Q positive out""}"
2026-01-01T20:10:00.000000+00:00,TL_001,synthetic,SOLVED,rev_6e24672c52e849e3b7890d53aaeb4d40.TL_001,rev_6e24672c52e849e3b7890d53aaeb4d40,127.69739084940932,127.83539434221342,-0.13800349280410273,0.8170146481174143,38.35039207457792,05014d6f66b27398d5c2ae789be40dd0e63fd6044ab307b341b2a40c647709ca,131.67830427709356,,,GOOD,,127.69739084940932,127.83539434221342,-0.13800349280410273,GOOD,,49.93217108374228,49.9321710837423,,GOOD,,10.126434216748457,10.126434216748546,,GOOD,,50.74407350442476,50.74918573185971,-0.005112227434949546,GOOD,,10.6058669553627,10.605866955362758,-5.861977570020827e-14,GOOD,,227.31960511485377,227.31960511485394,-1.7053025658242404e-13,GOOD,,230.10235244746738,230.1023524474675,-1.1368683772161603e-13,GOOD,,,,,MISSING,,,,,MISSING,,5ed45ef0fd8de93b9009ba0d48edcd4d54cb95038ca47b3b3f6691535ede2f57,run_ec8c1d4095ea480a906b81611a7dc932.5ed45ef0fd8de93b9009ba0d48edcd4d54cb95038ca47b3b3f6691535ede2f57,2026-10-03T10:47:25.438594+00:00,2026-10-03T10:47:25.438594+00:00,2026-01-01T20:10:00.000000+00:00,demo.generator.v2.map.5c262229d3fe,sha256:e0e03a76b126628a9293c6eff54155b21558e908ffbe39b25f6f484ab14839fa,"{""adapter_version"": ""csv.adapter.v2"", ""declared_timezone"": ""Asia/Colombo"", ""mapping_version"": ""5c262229d3fe6a666ae239aa791a2c308149326550fef3fd18c5634474cb8de6"", ""original_row"": {""Ir_A"": ""230.10235244746738"", ""Is_A"": ""227.31960511485377"", ""Pr_MW"": ""49.93217108374228"", ""Ps_MW"": ""50.74407350442476"", ""Qr_MVAr"": ""10.126434216748457"", ""Qs_MVAr"": ""10.6058669553627"", ""Vr_kV"": ""127.69739084940932"", ""Vs_kV"": ""131.67830427709356"", ""connection_state"": ""CONNECTED"", ""timestamp"": ""2026-01-01T20:10:00Z""}, ""row_number"": 244, ""terminal_directions"": ""receiving P/Q positive out""}"
2026-01-01T20:15:00.000000+00:00,TL_001,synthetic,SOLVED,rev_6e24672c52e849e3b7890d53aaeb4d40.TL_001,rev_6e24672c52e849e3b7890d53aaeb4d40,127.66776370195565,127.81998274213616,-0.1522190401805119,0.8250729121452522,38.53806936537299,05014d6f66b27398d5c2ae789be40dd0e63fd6044ab307b341b2a40c647709ca,131.68426519384872,,,GOOD,,127.66776370195565,127.81998274213616,-0.1522190401805119,GOOD,,50.170607753949085,50.17060775394911,,GOOD,,10.174121550789819,10.17412155078987,,GOOD,,51.00858970686305,50.995680666094366,0.012909040768683155,GOOD,,10.689026993762505,10.689026993762665,-1.5987211554602254e-13,GOOD,,228.44180739394884,228.44180739394918,-3.410605131648481e-13,GOOD,,231.22841619223757,231.22841619223794,-3.694822225952521e-13,GOOD,,,,,MISSING,,,,,MISSING,,08757855e5934f46584319109ec3b18abd403dd1a6c5f76d10c79b2a2949ee9d,run_ec8c1d4095ea480a906b81611a7dc932.08757855e5934f46584319109ec3b18abd403dd1a6c5f76d10c79b2a2949ee9d,2026-10-03T10:47:25.756275+00:00,2026-10-03T10:47:25.756275+00:00,2026-01-01T20:15:00.000000+00:00,demo.generator.v2.map.5c262229d3fe,sha256:e0e03a76b126628a9293c6eff54155b21558e908ffbe39b25f6f484ab14839fa,"{""adapter_version"": ""csv.adapter.v2"", ""declared_timezone"": ""Asia/Colombo"", ""mapping_version"": ""5c262229d3fe6a666ae239aa791a2c308149326550fef3fd18c5634474cb8de6"", ""original_row"": {""Ir_A"": ""231.22841619223757"", ""Is_A"": ""228.44180739394884"", ""Pr_MW"": ""50.170607753949085"", ""Ps_MW"": ""51.00858970686305"", ""Qr_MVAr"": ""10.174121550789819"", ""Qs_MVAr"": ""10.689026993762505"", ""Vr_kV"": ""127.66776370195565"", ""Vs_kV"": ""131.68426519384872"", ""connection_state"": ""CONNECTED"", ""timestamp"": ""2026-01-01T20:15:00Z""}, ""row_number"": 245, ""terminal_directions"": ""receiving P/Q positive out""}"
2026-01-01T20:20:00.000000+00:00,TL_001,synthetic,SOLVED,rev_6e24672c52e849e3b7890d53aaeb4d40.TL_001,rev_6e24672c52e849e3b7890d53aaeb4d40,127.6506260690051,127.80403985367455,-0.15341378466945343,0.8334425450782703,38.732029957360695,05014d6f66b27398d5c2ae789be40dd0e63fd6044ab307b341b2a40c647709ca,131.6904239778555,,,GOOD,,127.6506260690051,127.80403985367455,-0.15341378466945343,GOOD,,50.41695911422016,50.41695911422017,,GOOD,,10.223391822844032,10.223391822844123,,GOOD,,51.27036921638783,51.25040165929844,0.019967557089387356,GOOD,,10.775139849128578,10.775139849128895,-3.161915174132446e-13,GOOD,,229.60159922545006,229.60159922545037,-3.126388037344441e-13,GOOD,,232.3921797441639,232.39217974416417,-2.5579538487363607e-13,GOOD,,,,,MISSING,,,,,MISSING,,3c65d9f7b2105105795bc5d8f31cd1de965e223e70150482a65f51543f773171,run_ec8c1d4095ea480a906b81611a7dc932.3c65d9f7b2105105795bc5d8f31cd1de965e223e70150482a65f51543f773171,2026-10-03T10:47:26.012456+00:00,2026-10-03T10:47:26.012456+00:00,2026-01-01T20:20:00.000000+00:00,demo.generator.v2.map.5c262229d3fe,sha256:e0e03a76b126628a9293c6eff54155b21558e908ffbe39b25f6f484ab14839fa,"{""adapter_version"": ""csv.adapter.v2"", ""declared_timezone"": ""Asia/Colombo"", ""mapping_version"": ""5c262229d3fe6a666ae239aa791a2c308149326550fef3fd18c5634474cb8de6"", ""original_row"": {""Ir_A"": ""232.3921797441639"", ""Is_A"": ""229.60159922545006"", ""Pr_MW"": ""50.41695911422016"", ""Ps_MW"": ""51.27036921638783"", ""Qr_MVAr"": ""10.223391822844032"", ""Qs_MVAr"": ""10.775139849128578"", ""Vr_kV"": ""127.6506260690051"", ""Vs_kV"": ""131.6904239778555"", ""connection_state"": ""CONNECTED"", ""timestamp"": ""2026-01-01T20:20:00Z""}, ""row_number"": 246, ""terminal_directions"": ""receiving P/Q positive out""}"
2026-01-01T20:25:00.000000+00:00,TL_001,synthetic,SOLVED,rev_6e24672c52e849e3b7890d53aaeb4d40.TL_001,rev_6e24672c52e849e3b7890d53aaeb4d40,127.67314817082593,127.78757132282233,-0.11442315199640518,0.8421238721446898,38.932186863637185,05014d6f66b27398d5c2ae789be40dd0e63fd6044ab307b341b2a40c647709ca,131.69677769786625,,,GOOD,,127.67314817082593,127.78757132282233,-0.11442315199640518,GOOD,,50.671107914650335,50.67110791465036,,GOOD,,10.274221582930068,10.27422158293016,,GOOD,,51.52422772901213,51.513231786795046,0.010995942217085997,GOOD,,10.86418342736091,10.864183427361118,-2.078337502098293e-13,GOOD,,230.79846203475236,230.7984620347527,-3.410605131648481e-13,GOOD,,233.5931211818228,233.5931211818231,-3.126388037344441e-13,GOOD,,,,,MISSING,,,,,MISSING,,9ecb96694fa1baf5758fc030926e0b7a56f781e45bf2c55285aa7eeb3c97b955,run_ec8c1d4095ea480a906b81611a7dc932.9ecb96694fa1baf5758fc030926e0b7a56f781e45bf2c55285aa7eeb3c97b955,2026-10-03T10:47:26.264416+00:00,2026-10-03T10:47:26.264416+00:00,2026-01-01T20:25:00.000000+00:00,demo.generator.v2.map.5c262229d3fe,sha256:e0e03a76b126628a9293c6eff54155b21558e908ffbe39b25f6f484ab14839fa,"{""adapter_version"": ""csv.adapter.v2"", ""declared_timezone"": ""Asia/Colombo"", ""mapping_version"": ""5c262229d3fe6a666ae239aa791a2c308149326550fef3fd18c5634474cb8de6"", ""original_row"": {""Ir_A"": ""233.5931211818228"", ""Is_A"": ""230.79846203475236"", ""Pr_MW"": ""50.671107914650335"", ""Ps_MW"": ""51.52422772901213"", ""Qr_MVAr"": ""10.274221582930068"", ""Qs_MVAr"": ""10.86418342736091"", ""Vr_kV"": ""127.67314817082593"", ""Vs_kV"": ""131.69677769786625"", ""connection_state"": ""CONNECTED"", ""timestamp"": ""2026-01-01T20:25:00Z""}, ""row_number"": 247, ""terminal_directions"": ""receiving P/Q positive out""}"
2026-01-01T20:30:00.000000+00:00,TL_001,synthetic,SOLVED,rev_6e24672c52e849e3b7890d53aaeb4d40.TL_001,rev_6e24672c52e849e3b7890d53aaeb4d40,127.62899096871155,127.77058301018849,-0.14159204147694027,0.8511171467177405,39.138450255297684,05014d6f66b27398d5c2ae789be40dd0e63fd6044ab307b341b2a40c647709ca,131.70332332985438,,,GOOD,,127.62899096871155,127.77058301018849,-0.14159204147694027,GOOD,,50.93293319417529,50.93293319417529,,GOOD,,10.32658663883506,10.32658663883515,,GOOD,,51.797669308272276,51.78405034089303,0.013618967379244395,GOOD,,10.956134574875863,10.956134574875993,-1.2967404927621828e-13,GOOD,,232.03186022633386,232.03186022633406,-1.9895196601282805e-13,GOOD,,234.8307015317859,234.8307015317861,-1.9895196601282805e-13,GOOD,,,,,MISSING,,,,,MISSING,,1ff0bdb83f3d2d0048397dcb83aba9b2a5074c8e6044886eefa45d4e23ec2aa3,run_ec8c1d4095ea480a906b81611a7dc932.1ff0bdb83f3d2d0048397dcb83aba9b2a5074c8e6044886eefa45d4e23ec2aa3,2026-10-03T10:47:26.604619+00:00,2026-10-03T10:47:26.604619+00:00,2026-01-01T20:30:00.000000+00:00,demo.generator.v2.map.5c262229d3fe,sha256:e0e03a76b126628a9293c6eff54155b21558e908ffbe39b25f6f484ab14839fa,"{""adapter_version"": ""csv.adapter.v2"", ""declared_timezone"": ""Asia/Colombo"", ""mapping_version"": ""5c262229d3fe6a666ae239aa791a2c308149326550fef3fd18c5634474cb8de6"", ""original_row"": {""Ir_A"": ""234.8307015317859"", ""Is_A"": ""232.03186022633386"", ""Pr_MW"": ""50.93293319417529"", ""Ps_MW"": ""51.797669308272276"", ""Qr_MVAr"": ""10.32658663883506"", ""Qs_MVAr"": ""10.956134574875863"", ""Vr_kV"": ""127.62899096871155"", ""Vs_kV"": ""131.70332332985438"", ""connection_state"": ""CONNECTED"", ""timestamp"": ""2026-01-01T20:30:00Z""}, ""row_number"": 248, ""terminal_directions"": ""receiving P/Q positive out""}"
2026-01-01T20:35:00.000000+00:00,TL_001,synthetic,SOLVED,rev_6e24672c52e849e3b7890d53aaeb4d40.TL_001,rev_6e24672c52e849e3b7890d53aaeb4d40,127.61130984086641,127.75308099163915,-0.14177115077274038,0.8604225424083793,39.350727495449675,05014d6f66b27398d5c2ae789be40dd0e63fd6044ab307b341b2a40c647709ca,131.71005775845356,,,GOOD,,127.61130984086641,127.75308099163915,-0.14177115077274038,GOOD,,51.202310338142354,51.20231033814233,,GOOD,,10.380462067628471,10.38046206762855,,GOOD,,52.090799294314685,52.06273288055071,0.02806641376397323,GOOD,,11.050969055485979,11.0509690554861,-1.2079226507921703e-13,GOOD,,233.30124138176174,233.3012413817618,-5.684341886080802e-14,GOOD,,236.10436497269797,236.10436497269808,-1.1368683772161603e-13,GOOD,,,,,MISSING,,,,,MISSING,,d047551f0dd6a5c99fd91053a41fe63c28fc38acb011abc780efde754aed2b9e,run_ec8c1d4095ea480a906b81611a7dc932.d047551f0dd6a5c99fd91053a41fe63c28fc38acb011abc780efde754aed2b9e,2026-10-03T10:47:26.850450+00:00,2026-10-03T10:47:26.850450+00:00,2026-01-01T20:35:00.000000+00:00,demo.generator.v2.map.5c262229d3fe,sha256:e0e03a76b126628a9293c6eff54155b21558e908ffbe39b25f6f484ab14839fa,"{""adapter_version"": ""csv.adapter.v2"", ""declared_timezone"": ""Asia/Colombo"", ""mapping_version"": ""5c262229d3fe6a666ae239aa791a2c308149326550fef3fd18c5634474cb8de6"", ""original_row"": {""Ir_A"": ""236.10436497269797"", ""Is_A"": ""233.30124138176174"", ""Pr_MW"": ""51.202310338142354"", ""Ps_MW"": ""52.090799294314685"", ""Qr_MVAr"": ""10.380462067628471"", ""Qs_MVAr"": ""11.050969055485979"", ""Vr_kV"": ""127.61130984086641"", ""Vs_kV"": ""131.71005775845356"", ""connection_state"": ""CONNECTED"", ""timestamp"": ""2026-01-01T20:35:00Z""}, ""row_number"": 249, ""terminal_directions"": ""receiving P/Q positive out""}"
2026-01-01T20:40:00.000000+00:00,TL_001,synthetic,SOLVED,rev_6e24672c52e849e3b7890d53aaeb4d40.TL_001,rev_6e24672c52e849e3b7890d53aaeb4d40,127.56312254835481,127.73507155890151,-0.17194901054669742,0.8700401450588586,39.56892317435382,05014d6f66b27398d5c2ae789be40dd0e63fd6044ab307b341b2a40c647709ca,131.7169777784405,,,GOOD,,127.56312254835481,127.73507155890151,-0.17194901054669742,GOOD,,51.479111137620436,51.479111137620414,,GOOD,,10.435822227524088,10.435822227523966,,GOOD,,52.339083061635726,52.34915128267927,-0.010068221043546544,GOOD,,11.148661527194916,11.148661527194804,1.1191048088221578e-13,GOOD,,234.60603646471134,234.60603646471125,8.526512829121202e-14,GOOD,,237.41353904612308,237.4135390461229,1.7053025658242404e-13,GOOD,,,,,MISSING,,,,,MISSING,,b8cabfc62b8ae8ccf757edee1a22606f57cc1736df1b4121b020614742a607bb,run_ec8c1d4095ea480a906b81611a7dc932.b8cabfc62b8ae8ccf757edee1a22606f57cc1736df1b4121b020614742a607bb,2026-10-03T10:47:27.100070+00:00,2026-10-03T10:47:27.100070+00:00,2026-01-01T20:40:00.000000+00:00,demo.generator.v2.map.5c262229d3fe,sha256:e0e03a76b126628a9293c6eff54155b21558e908ffbe39b25f6f484ab14839fa,"{""adapter_version"": ""csv.adapter.v2"", ""declared_timezone"": ""Asia/Colombo"", ""mapping_version"": ""5c262229d3fe6a666ae239aa791a2c308149326550fef3fd18c5634474cb8de6"", ""original_row"": {""Ir_A"": ""237.41353904612308"", ""Is_A"": ""234.60603646471134"", ""Pr_MW"": ""51.479111137620436"", ""Ps_MW"": ""52.339083061635726"", ""Qr_MVAr"": ""10.435822227524088"", ""Qs_MVAr"": ""11.148661527194916"", ""Vr_kV"": ""127.56312254835481"", ""Vs_kV"": ""131.7169777784405"", ""connection_state"": ""CONNECTED"", ""timestamp"": ""2026-01-01T20:40:00Z""}, ""row_number"": 250, ""terminal_directions"": ""receiving P/Q positive out""}"
2026-01-01T20:45:00.000000+00:00,TL_001,synthetic,SOLVED,rev_6e24672c52e849e3b7890d53aaeb4d40.TL_001,rev_6e24672c52e849e3b7890d53aaeb4d40,127.54170818407246,127.71656122012455,-0.17485303605208458,0.8799699446540785,39.792939145686844,05014d6f66b27398d5c2ae789be40dd0e63fd6044ab307b341b2a40c647709ca,131.7240800962605,,,GOOD,,127.54170818407246,127.71656122012455,-0.17485303605208458,GOOD,,51.76320385042044,51.763203850420446,,GOOD,,10.492640770084089,10.492640770084009,,GOOD,,52.59832197016771,52.643173795074524,-0.044851824906814386,GOOD,,11.249185518974665,11.249185518974745,-7.993605777301127e-14,GOOD,,235.94566003297408,235.94566003297416,-8.526512829121202e-14,GOOD,,238.75763487412104,238.75763487412104,0.0,GOOD,,,,,MISSING,,,,,MISSING,,ce41cf9804ae557f21c4609c2637ee3f2d764cfb6de2026d73d8ffd46e8832b6,run_ec8c1d4095ea480a906b81611a7dc932.ce41cf9804ae557f21c4609c2637ee3f2d764cfb6de2026d73d8ffd46e8832b6,2026-10-03T10:47:27.392747+00:00,2026-10-03T10:47:27.392747+00:00,2026-01-01T20:45:00.000000+00:00,demo.generator.v2.map.5c262229d3fe,sha256:e0e03a76b126628a9293c6eff54155b21558e908ffbe39b25f6f484ab14839fa,"{""adapter_version"": ""csv.adapter.v2"", ""declared_timezone"": ""Asia/Colombo"", ""mapping_version"": ""5c262229d3fe6a666ae239aa791a2c308149326550fef3fd18c5634474cb8de6"", ""original_row"": {""Ir_A"": ""238.75763487412104"", ""Is_A"": ""235.94566003297408"", ""Pr_MW"": ""51.76320385042044"", ""Ps_MW"": ""52.59832197016771"", ""Qr_MVAr"": ""10.492640770084089"", ""Qs_MVAr"": ""11.249185518974665"", ""Vr_kV"": ""127.54170818407246"", ""Vs_kV"": ""131.7240800962605"", ""connection_state"": ""CONNECTED"", ""timestamp"": ""2026-01-01T20:45:00Z""}, ""row_number"": 251, ""terminal_directions"": ""receiving P/Q positive out""}"
2026-01-01T20:50:00.000000+00:00,TL_001,synthetic,SOLVED,rev_6e24672c52e849e3b7890d53aaeb4d40.TL_001,rev_6e24672c52e849e3b7890d53aaeb4d40,127.5900883982513,127.69755670039122,-0.10746830213992098,0.8902118271678532,40.02267456391987,05014d6f66b27398d5c2ae789be40dd0e63fd6044ab307b341b2a40c647709ca,131.73136133159494,,,GOOD,,127.5900883982513,127.69755670039122,-0.10746830213992098,GOOD,,52.05445326379751,52.05445326379752,,GOOD,,10.550890652759502,10.550890652759403,,GOOD,,52.9715206404245,52.94466509096537,0.02685554945912827,GOOD,,11.352513407594651,11.35251340759459,6.217248937900877e-14,GOOD,,237.31951045743108,237.31951045743114,-5.684341886080802e-14,GOOD,,240.13604738351924,240.1360473835192,2.842170943040401e-14,GOOD,,,,,MISSING,,,,,MISSING,,e9a4e78309f1d88c456e20e4789f290c1e26f2ea8581dedecd00803441073ac9,run_ec8c1d4095ea480a906b81611a7dc932.e9a4e78309f1d88c456e20e4789f290c1e26f2ea8581dedecd00803441073ac9,2026-10-03T10:47:27.730371+00:00,2026-10-03T10:47:27.730371+00:00,2026-01-01T20:50:00.000000+00:00,demo.generator.v2.map.5c262229d3fe,sha256:e0e03a76b126628a9293c6eff54155b21558e908ffbe39b25f6f484ab14839fa,"{""adapter_version"": ""csv.adapter.v2"", ""declared_timezone"": ""Asia/Colombo"", ""mapping_version"": ""5c262229d3fe6a666ae239aa791a2c308149326550fef3fd18c5634474cb8de6"", ""original_row"": {""Ir_A"": ""240.13604738351924"", ""Is_A"": ""237.31951045743108"", ""Pr_MW"": ""52.05445326379751"", ""Ps_MW"": ""52.9715206404245"", ""Qr_MVAr"": ""10.550890652759502"", ""Qs_MVAr"": ""11.352513407594651"", ""Vr_kV"": ""127.5900883982513"", ""Vs_kV"": ""131.73136133159494"", ""connection_state"": ""CONNECTED"", ""timestamp"": ""2026-01-01T20:50:00Z""}, ""row_number"": 252, ""terminal_directions"": ""receiving P/Q positive out""}"
2026-01-01T20:55:00.000000+00:00,TL_001,synthetic,SOLVED,rev_6e24672c52e849e3b7890d53aaeb4d40.TL_001,rev_6e24672c52e849e3b7890d53aaeb4d40,127.52922805826827,127.67806494217515,-0.1488368839068812,0.9007655663610592,40.25802592280705,05014d6f66b27398d5c2ae789be40dd0e63fd6044ab307b341b2a40c647709ca,131.7388180189701,,,GOOD,,127.52922805826827,127.67806494217515,-0.1488368839068812,GOOD,,52.35272075880489,52.35272075880491,,GOOD,,10.610544151760978,10.61054415176096,,GOOD,,53.20841122148475,53.253486325165966,-0.04507510368121359,GOOD,,11.458616394571333,11.458616394571312,2.1316282072803006e-14,GOOD,,238.72697014796526,238.7269701479652,5.684341886080802e-14,GOOD,,241.54815553684224,241.54815553684227,-2.842170943040401e-14,GOOD,,,,,MISSING,,,,,MISSING,,bcdda880249007747c0cbe7127786ff54e1c7fbb1fdfe95279fd83ce44c10d0a,run_ec8c1d4095ea480a906b81611a7dc932.bcdda880249007747c0cbe7127786ff54e1c7fbb1fdfe95279fd83ce44c10d0a,2026-10-03T10:47:28.000112+00:00,2026-10-03T10:47:28.000112+00:00,2026-01-01T20:55:00.000000+00:00,demo.generator.v2.map.5c262229d3fe,sha256:e0e03a76b126628a9293c6eff54155b21558e908ffbe39b25f6f484ab14839fa,"{""adapter_version"": ""csv.adapter.v2"", ""declared_timezone"": ""Asia/Colombo"", ""mapping_version"": ""5c262229d3fe6a666ae239aa791a2c308149326550fef3fd18c5634474cb8de6"", ""original_row"": {""Ir_A"": ""241.54815553684224"", ""Is_A"": ""238.72697014796526"", ""Pr_MW"": ""52.35272075880489"", ""Ps_MW"": ""53.20841122148475"", ""Qr_MVAr"": ""10.610544151760978"", ""Qs_MVAr"": ""11.458616394571333"", ""Vr_kV"": ""127.52922805826827"", ""Vs_kV"": ""131.7388180189701"", ""connection_state"": ""CONNECTED"", ""timestamp"": ""2026-01-01T20:55:00Z""}, ""row_number"": 253, ""terminal_directions"": ""receiving P/Q positive out""}"
2026-01-01T21:00:00.000000+00:00,TL_001,synthetic,SOLVED,rev_6e24672c52e849e3b7890d53aaeb4d40.TL_001,rev_6e24672c52e849e3b7890d53aaeb4d40,127.46466039335664,127.65809310573721,-0.19343271238057014,0.9116308155497492,40.49888709497695,05014d6f66b27398d5c2ae789be40dd0e63fd6044ab307b341b2a40c647709ca,131.74644660940672,,,GOOD,,127.46466039335664,127.65809310573721,-0.19343271238057014,GOOD,,52.657864376269046,52.657864376269025,,GOOD,,10.671572875253808,10.671572875253691,,GOOD,,53.55319032658081,53.569495191818774,-0.01630486523796293,GOOD,,11.56746448331063,11.567464483310525,1.0480505352461478e-13,GOOD,,240.16740578627966,240.16740578627957,8.526512829121202e-14,GOOD,,242.99332256986185,242.9933225698617,1.4210854715202004e-13,GOOD,,,,,MISSING,,,,,MISSING,,54b208e1d173cea1609e3df741e19b1765eeb371dd96e58f9ceab3e9fcd556ad,run_ec8c1d4095ea480a906b81611a7dc932.54b208e1d173cea1609e3df741e19b1765eeb371dd96e58f9ceab3e9fcd556ad,2026-10-03T10:47:28.272375+00:00,2026-10-03T10:47:28.272375+00:00,2026-01-01T21:00:00.000000+00:00,demo.generator.v2.map.5c262229d3fe,sha256:e0e03a76b126628a9293c6eff54155b21558e908ffbe39b25f6f484ab14839fa,"{""adapter_version"": ""csv.adapter.v2"", ""declared_timezone"": ""Asia/Colombo"", ""mapping_version"": ""5c262229d3fe6a666ae239aa791a2c308149326550fef3fd18c5634474cb8de6"", ""original_row"": {""Ir_A"": ""242.99332256986185"", ""Is_A"": ""240.16740578627966"", ""Pr_MW"": ""52.657864376269046"", ""Ps_MW"": ""53.55319032658081"", ""Qr_MVAr"": ""10.671572875253808"", ""Qs_MVAr"": ""11.56746448331063"", ""Vr_kV"": ""127.46466039335664"", ""Vs_kV"": ""131.74644660940672"", ""connection_state"": ""CONNECTED"", ""timestamp"": ""2026-01-01T21:00:00Z""}, ""row_number"": 254, ""terminal_directions"": ""receiving P/Q positive out""}"
2026-01-01T21:05:00.000000+00:00,TL_001,synthetic,SOLVED,rev_6e24672c52e849e3b7890d53aaeb4d40.TL_001,rev_6e24672c52e849e3b7890d53aaeb4d40,127.55222660858375,127.63764856945447,-0.0854219608707183,0.922807099360142,40.74514937262208,05014d6f66b27398d5c2ae789be40dd0e63fd6044ab307b341b2a40c647709ca,131.75424347210887,,,GOOD,,127.55222660858375,127.63764856945447,-0.0854219608707183,GOOD,,52.96973888435461,52.96973888435461,,GOOD,,10.733947776870924,10.733947776870872,,GOOD,,53.90559251185866,53.892545983714754,0.013046528143902947,GOOD,,11.679026456513581,11.6790264565136,-1.9539925233402755e-14,GOOD,,241.64016856559303,241.64016856559311,-8.526512829121202e-14,GOOD,,244.47089623573254,244.47089623573248,5.684341886080802e-14,GOOD,,,,,MISSING,,,,,MISSING,,7ce5cb73a7a966a1866fdb327a4ec499e76f57c417c7b00e98ba33b537b4ede1,run_ec8c1d4095ea480a906b81611a7dc932.7ce5cb73a7a966a1866fdb327a4ec499e76f57c417c7b00e98ba33b537b4ede1,2026-10-03T10:47:28.539164+00:00,2026-10-03T10:47:28.539164+00:00,2026-01-01T21:05:00.000000+00:00,demo.generator.v2.map.5c262229d3fe,sha256:e0e03a76b126628a9293c6eff54155b21558e908ffbe39b25f6f484ab14839fa,"{""adapter_version"": ""csv.adapter.v2"", ""declared_timezone"": ""Asia/Colombo"", ""mapping_version"": ""5c262229d3fe6a666ae239aa791a2c308149326550fef3fd18c5634474cb8de6"", ""original_row"": {""Ir_A"": ""244.47089623573254"", ""Is_A"": ""241.64016856559303"", ""Pr_MW"": ""52.96973888435461"", ""Ps_MW"": ""53.90559251185866"", ""Qr_MVAr"": ""10.733947776870924"", ""Qs_MVAr"": ""11.679026456513581"", ""Vr_kV"": ""127.55222660858375"", ""Vs_kV"": ""131.75424347210887"", ""connection_state"": ""CONNECTED"", ""timestamp"": ""2026-01-01T21:05:00Z""}, ""row_number"": 255, ""terminal_directions"": ""receiving P/Q positive out""}"
2026-01-01T21:10:00.000000+00:00,TL_001,synthetic,SOLVED,rev_6e24672c52e849e3b7890d53aaeb4d40.TL_001,rev_6e24672c52e849e3b7890d53aaeb4d40,127.47203568020387,127.61673893007716,-0.1447032498732881,0.9342938054894177,40.99670150927816,05014d6f66b27398d5c2ae789be40dd0e63fd6044ab307b341b2a40c647709ca,131.76220489619217,,,GOOD,,127.47203568020387,127.61673893007716,-0.1447032498732881,GOOD,,53.28819584768679,53.28819584768678,,GOOD,,10.797639169537359,10.797639169537298,,GOOD,,54.23644205946121,54.2224896531762,0.013952406285014263,GOOD,,11.793269853917469,11.793269853917492,-2.3092638912203256e-14,GOOD,,243.14459443717067,243.14459443717075,-8.526512829121202e-14,GOOD,,245.98020905566898,245.98020905566895,2.842170943040401e-14,GOOD,,,,,MISSING,,,,,MISSING,,d0b7a7f848aca21e29a562707c29ba14d4d43b55b75eedaa94316d9eee2f277a,run_ec8c1d4095ea480a906b81611a7dc932.d0b7a7f848aca21e29a562707c29ba14d4d43b55b75eedaa94316d9eee2f277a,2026-10-03T10:47:28.814430+00:00,2026-10-03T10:47:28.814430+00:00,2026-01-01T21:10:00.000000+00:00,demo.generator.v2.map.5c262229d3fe,sha256:e0e03a76b126628a9293c6eff54155b21558e908ffbe39b25f6f484ab14839fa,"{""adapter_version"": ""csv.adapter.v2"", ""declared_timezone"": ""Asia/Colombo"", ""mapping_version"": ""5c262229d3fe6a666ae239aa791a2c308149326550fef3fd18c5634474cb8de6"", ""original_row"": {""Ir_A"": ""245.98020905566898"", ""Is_A"": ""243.14459443717067"", ""Pr_MW"": ""53.28819584768679"", ""Ps_MW"": ""54.23644205946121"", ""Qr_MVAr"": ""10.797639169537359"", ""Qs_MVAr"": ""11.793269853917469"", ""Vr_kV"": ""127.47203568020387"", ""Vs_kV"": ""131.76220489619217"", ""connection_state"": ""CONNECTED"", ""timestamp"": ""2026-01-01T21:10:00Z""}, ""row_number"": 256, ""terminal_directions"": ""receiving P/Q positive out""}"
2026-01-01T21:15:00.000000+00:00,TL_001,synthetic,SOLVED,rev_6e24672c52e849e3b7890d53aaeb4d40.TL_001,rev_6e24672c52e849e3b7890d53aaeb4d40,127.43096591954414,127.595372002906,-0.16440608336186813,0.9460901764895695,41.25342976268887,05014d6f66b27398d5c2ae789be40dd0e63fd6044ab307b341b2a40c647709ca,131.77032709244995,,,GOOD,,127.43096591954414,127.595372002906,-0.16440608336186813,GOOD,,53.61308369799862,53.61308369799864,,GOOD,,10.862616739599725,10.862616739599835,,GOOD,,54.55025417360726,54.55917387448821,-0.008919700880952064,GOOD,,11.910160950445652,11.910160950445798,-1.4566126083082054e-13,GOOD,,244.68000436365853,244.6800043636588,-2.8421709430404007e-13,GOOD,,247.5205785761328,247.52057857613318,-3.694822225952521e-13,GOOD,,,,,MISSING,,,,,MISSING,,eef37b46538e67b81959b3a2abc4b0083b6b7a291faa9e7fe02b26326cab9fa2,run_ec8c1d4095ea480a906b81611a7dc932.eef37b46538e67b81959b3a2abc4b0083b6b7a291faa9e7fe02b26326cab9fa2,2026-10-03T10:47:29.087968+00:00,2026-10-03T10:47:29.087968+00:00,2026-01-01T21:15:00.000000+00:00,demo.generator.v2.map.5c262229d3fe,sha256:e0e03a76b126628a9293c6eff54155b21558e908ffbe39b25f6f484ab14839fa,"{""adapter_version"": ""csv.adapter.v2"", ""declared_timezone"": ""Asia/Colombo"", ""mapping_version"": ""5c262229d3fe6a666ae239aa791a2c308149326550fef3fd18c5634474cb8de6"", ""original_row"": {""Ir_A"": ""247.5205785761328"", ""Is_A"": ""244.68000436365853"", ""Pr_MW"": ""53.61308369799862"", ""Ps_MW"": ""54.55025417360726"", ""Qr_MVAr"": ""10.862616739599725"", ""Qs_MVAr"": ""11.910160950445652"", ""Vr_kV"": ""127.43096591954414"", ""Vs_kV"": ""131.77032709244995"", ""connection_state"": ""CONNECTED"", ""timestamp"": ""2026-01-01T21:15:00Z""}, ""row_number"": 257, ""terminal_directions"": ""receiving P/Q positive out""}"
2026-01-01T21:20:00.000000+00:00,TL_001,synthetic,SOLVED,rev_6e24672c52e849e3b7890d53aaeb4d40.TL_001,rev_6e24672c52e849e3b7890d53aaeb4d40,127.44268961915127,127.5735558218847,-0.1308662027334293,0.958195301593058,41.51521793874758,05014d6f66b27398d5c2ae789be40dd0e63fd6044ab307b341b2a40c647709ca,131.77860619515673,,,GOOD,,127.44268961915127,127.5735558218847,-0.1308662027334293,GOOD,,53.9442478062692,53.944247806269175,,GOOD,,10.928849561253841,10.928849561253791,,GOOD,,54.899860088307655,54.90244310786223,-0.002583019554577959,GOOD,,12.029664734838788,12.029664734838649,1.3855583347321954e-13,GOOD,,246.24570457917542,246.24570457917505,3.694822225952521e-13,GOOD,,249.09130763248578,249.0913076324855,2.8421709430404007e-13,GOOD,,,,,MISSING,,,,,MISSING,,8c5378e04affeb839104e330be70852cdbbcc855b058b1c31e67c3b75cf75759,run_ec8c1d4095ea480a906b81611a7dc932.8c5378e04affeb839104e330be70852cdbbcc855b058b1c31e67c3b75cf75759,2026-10-03T10:47:29.537433+00:00,2026-10-03T10:47:29.537433+00:00,2026-01-01T21:20:00.000000+00:00,demo.generator.v2.map.5c262229d3fe,sha256:e0e03a76b126628a9293c6eff54155b21558e908ffbe39b25f6f484ab14839fa,"{""adapter_version"": ""csv.adapter.v2"", ""declared_timezone"": ""Asia/Colombo"", ""mapping_version"": ""5c262229d3fe6a666ae239aa791a2c308149326550fef3fd18c5634474cb8de6"", ""original_row"": {""Ir_A"": ""249.09130763248578"", ""Is_A"": ""246.24570457917542"", ""Pr_MW"": ""53.9442478062692"", ""Ps_MW"": ""54.899860088307655"", ""Qr_MVAr"": ""10.928849561253841"", ""Qs_MVAr"": ""12.029664734838788"", ""Vr_kV"": ""127.44268961915127"", ""Vs_kV"": ""131.77860619515673"", ""connection_state"": ""CONNECTED"", ""timestamp"": ""2026-01-01T21:20:00Z""}, ""row_number"": 258, ""terminal_directions"": ""receiving P/Q positive out""}"
2026-01-01T21:25:00.000000+00:00,TL_001,synthetic,SOLVED,rev_6e24672c52e849e3b7890d53aaeb4d40.TL_001,rev_6e24672c52e849e3b7890d53aaeb4d40,127.43459629259046,127.55129863960036,-0.11670234700990534,0.9706081085981566,41.7819474365117,05014d6f66b27398d5c2ae789be40dd0e63fd6044ab307b341b2a40c647709ca,131.78703826390796,,,GOOD,,127.43459629259046,127.55129863960036,-0.11670234700990534,GOOD,,54.28153055631881,54.28153055631879,,GOOD,,10.996306111263763,10.996306111263582,,GOOD,,55.26247802170403,55.25213866491695,0.010339356787078202,GOOD,,12.15174488884032,12.15174488884012,1.9895196601282805e-13,GOOD,,247.840986856122,247.84098685612184,1.4210854715202004e-13,GOOD,,250.69168461907034,250.6916846190702,1.4210854715202004e-13,GOOD,,,,,MISSING,,,,,MISSING,,8f69df17dc4991b2796eb37b971795d96f9dcfe722bd6899128507ce4897f053,run_ec8c1d4095ea480a906b81611a7dc932.8f69df17dc4991b2796eb37b971795d96f9dcfe722bd6899128507ce4897f053,2026-10-03T10:47:29.864492+00:00,2026-10-03T10:47:29.864492+00:00,2026-01-01T21:25:00.000000+00:00,demo.generator.v2.map.5c262229d3fe,sha256:e0e03a76b126628a9293c6eff54155b21558e908ffbe39b25f6f484ab14839fa,"{""adapter_version"": ""csv.adapter.v2"", ""declared_timezone"": ""Asia/Colombo"", ""mapping_version"": ""5c262229d3fe6a666ae239aa791a2c308149326550fef3fd18c5634474cb8de6"", ""original_row"": {""Ir_A"": ""250.69168461907034"", ""Is_A"": ""247.840986856122"", ""Pr_MW"": ""54.28153055631881"", ""Ps_MW"": ""55.26247802170403"", ""Qr_MVAr"": ""10.996306111263763"", ""Qs_MVAr"": ""12.15174488884032"", ""Vr_kV"": ""127.43459629259046"", ""Vs_kV"": ""131.78703826390796"", ""connection_state"": ""CONNECTED"", ""timestamp"": ""2026-01-01T21:25:00Z""}, ""row_number"": 259, ""terminal_directions"": ""receiving P/Q positive out""}"
2026-01-01T21:30:00.000000+00:00,TL_001,synthetic,SOLVED,rev_6e24672c52e849e3b7890d53aaeb4d40.TL_001,rev_6e24672c52e849e3b7890d53aaeb4d40,127.40980021896918,127.5286089271872,-0.11880870821801182,0.9833273558327136,42.05349729428022,05014d6f66b27398d5c2ae789be40dd0e63fd6044ab307b341b2a40c647709ca,131.79561928549563,,,GOOD,,127.40980021896918,127.5286089271872,-0.11880870821801182,GOOD,,54.62477141982558,54.6247714198256,,GOOD,,11.064954283965116,11.064954283965305,,GOOD,,55.58744760719137,55.60809877565831,-0.020651168466940817,GOOD,,12.276363767011894,12.276363767012057,-1.6342482922482304e-13,GOOD,,249.46512877866346,249.4651287786637,-2.5579538487363607e-13,GOOD,,252.32098376568106,252.3209837656813,-2.2737367544323206e-13,GOOD,,,,,MISSING,,,,,MISSING,,8b6c8e59be7c5365bd41b3c7f60cb5f6663916e0f06a79b016e311ae670c7574,run_ec8c1d4095ea480a906b81611a7dc932.8b6c8e59be7c5365bd41b3c7f60cb5f6663916e0f06a79b016e311ae670c7574,2026-10-03T10:47:30.213645+00:00,2026-10-03T10:47:30.213645+00:00,2026-01-01T21:30:00.000000+00:00,demo.generator.v2.map.5c262229d3fe,sha256:e0e03a76b126628a9293c6eff54155b21558e908ffbe39b25f6f484ab14839fa,"{""adapter_version"": ""csv.adapter.v2"", ""declared_timezone"": ""Asia/Colombo"", ""mapping_version"": ""5c262229d3fe6a666ae239aa791a2c308149326550fef3fd18c5634474cb8de6"", ""original_row"": {""Ir_A"": ""252.32098376568106"", ""Is_A"": ""249.46512877866346"", ""Pr_MW"": ""54.62477141982558"", ""Ps_MW"": ""55.58744760719137"", ""Qr_MVAr"": ""11.064954283965116"", ""Qs_MVAr"": ""12.276363767011894"", ""Vr_kV"": ""127.40980021896918"", ""Vs_kV"": ""131.79561928549563"", ""connection_state"": ""CONNECTED"", ""timestamp"": ""2026-01-01T21:30:00Z""}, ""row_number"": 260, ""terminal_directions"": ""receiving P/Q positive out""}"
2026-01-01T21:35:00.000000+00:00,TL_001,synthetic,SOLVED,rev_6e24672c52e849e3b7890d53aaeb4d40.TL_001,rev_6e24672c52e849e3b7890d53aaeb4d40,127.39162548932661,127.50549537412569,-0.11386988479907245,0.9963516242147321,42.32974423672988,05014d6f66b27398d5c2ae789be40dd0e63fd6044ab307b341b2a40c647709ca,131.8043451758182,,,GOOD,,127.39162548932661,127.50549537412569,-0.11386988479907245,GOOD,,54.97380703272834,54.97380703272836,,GOOD,,11.134761406545667,11.134761406545715,,GOOD,,56.01902676537179,55.97015865694309,0.048868108428699486,GOOD,,12.403482377248498,12.403482377248547,-4.973799150320701e-14,GOOD,,251.11739402283314,251.11739402283334,-1.9895196601282805e-13,GOOD,,253.97846542037902,253.97846542037928,-2.5579538487363607e-13,GOOD,,,,,MISSING,,,,,MISSING,,1f0b1a047d9e1a976c062d55ac1fb7f927fc5db49af410f2e0021a3be6c1454c,run_ec8c1d4095ea480a906b81611a7dc932.1f0b1a047d9e1a976c062d55ac1fb7f927fc5db49af410f2e0021a3be6c1454c,2026-10-03T10:47:30.570866+00:00,2026-10-03T10:47:30.570866+00:00,2026-01-01T21:35:00.000000+00:00,demo.generator.v2.map.5c262229d3fe,sha256:e0e03a76b126628a9293c6eff54155b21558e908ffbe39b25f6f484ab14839fa,"{""adapter_version"": ""csv.adapter.v2"", ""declared_timezone"": ""Asia/Colombo"", ""mapping_version"": ""5c262229d3fe6a666ae239aa791a2c308149326550fef3fd18c5634474cb8de6"", ""original_row"": {""Ir_A"": ""253.97846542037902"", ""Is_A"": ""251.11739402283314"", ""Pr_MW"": ""54.97380703272834"", ""Ps_MW"": ""56.01902676537179"", ""Qr_MVAr"": ""11.134761406545667"", ""Qs_MVAr"": ""12.403482377248498"", ""Vr_kV"": ""127.39162548932661"", ""Vs_kV"": ""131.8043451758182"", ""connection_state"": ""CONNECTED"", ""timestamp"": ""2026-01-01T21:35:00Z""}, ""row_number"": 261, ""terminal_directions"": ""receiving P/Q positive out""}"
2026-01-01T21:40:00.000000+00:00,TL_001,synthetic,SOLVED,rev_6e24672c52e849e3b7890d53aaeb4d40.TL_001,rev_6e24672c52e849e3b7890d53aaeb4d40,127.33109236881147,127.48196688793153,-0.150874519120066,1.009679309427817,42.61056272310299,05014d6f66b27398d5c2ae789be40dd0e63fd6044ab307b341b2a40c647709ca,131.81321178182446,,,GOOD,,127.33109236881147,127.48196688793153,-0.150874519120066,GOOD,,55.328471272979066,55.32847127297907,,GOOD,,11.205694254595814,11.205694254595802,,GOOD,,56.31151971273544,56.33815058240689,-0.02663086967145034,GOOD,,12.533060362071744,12.53306036207167,7.460698725481052e-14,GOOD,,252.79703264321657,252.79703264321657,0.0,GOOD,,255.66337633861792,255.66337633861792,0.0,GOOD,,,,,MISSING,,,,,MISSING,,6ff9c97e98376a1127e24738777c44371a28d0627670463f8e072a3f3ecafa10,run_ec8c1d4095ea480a906b81611a7dc932.6ff9c97e98376a1127e24738777c44371a28d0627670463f8e072a3f3ecafa10,2026-10-03T10:47:30.900357+00:00,2026-10-03T10:47:30.900357+00:00,2026-01-01T21:40:00.000000+00:00,demo.generator.v2.map.5c262229d3fe,sha256:e0e03a76b126628a9293c6eff54155b21558e908ffbe39b25f6f484ab14839fa,"{""adapter_version"": ""csv.adapter.v2"", ""declared_timezone"": ""Asia/Colombo"", ""mapping_version"": ""5c262229d3fe6a666ae239aa791a2c308149326550fef3fd18c5634474cb8de6"", ""original_row"": {""Ir_A"": ""255.66337633861792"", ""Is_A"": ""252.79703264321657"", ""Pr_MW"": ""55.328471272979066"", ""Ps_MW"": ""56.31151971273544"", ""Qr_MVAr"": ""11.205694254595814"", ""Qs_MVAr"": ""12.533060362071744"", ""Vr_kV"": ""127.33109236881147"", ""Vs_kV"": ""131.81321178182446"", ""connection_state"": ""CONNECTED"", ""timestamp"": ""2026-01-01T21:40:00Z""}, ""row_number"": 262, ""terminal_directions"": ""receiving P/Q positive out""}"
2026-01-01T21:45:00.000000+00:00,TL_001,synthetic,SOLVED,rev_6e24672c52e849e3b7890d53aaeb4d40.TL_001,rev_6e24672c52e849e3b7890d53aaeb4d40,127.35363687579455,127.45803259372855,-0.10439571793399693,1.0233086142303236,42.895824996438286,05014d6f66b27398d5c2ae789be40dd0e63fd6044ab307b341b2a40c647709ca,131.8222148834902,,,GOOD,,127.35363687579455,127.45803259372855,-0.10439571793399693,GOOD,,55.688595339607936,55.68859533960795,,GOOD,,11.277719067921588,11.27771906792164,,GOOD,,56.7061636342374,56.711903953838274,-0.005740319600874955,GOOD,,12.665055980769296,12.665055980769345,-4.973799150320701e-14,GOOD,,254.50328136615607,254.50328136615624,-1.7053025658242404e-13,GOOD,,257.37494997862945,257.3749499786297,-2.2737367544323206e-13,GOOD,,,,,MISSING,,,,,MISSING,,0767bdf19a673599da9c2668ea8f4d90d8ebf7a3827e142c7cdebd287d29c09b,run_ec8c1d4095ea480a906b81611a7dc932.0767bdf19a673599da9c2668ea8f4d90d8ebf7a3827e142c7cdebd287d29c09b,2026-10-03T10:47:31.204731+00:00,2026-10-03T10:47:31.204731+00:00,2026-01-01T21:45:00.000000+00:00,demo.generator.v2.map.5c262229d3fe,sha256:e0e03a76b126628a9293c6eff54155b21558e908ffbe39b25f6f484ab14839fa,"{""adapter_version"": ""csv.adapter.v2"", ""declared_timezone"": ""Asia/Colombo"", ""mapping_version"": ""5c262229d3fe6a666ae239aa791a2c308149326550fef3fd18c5634474cb8de6"", ""original_row"": {""Ir_A"": ""257.37494997862945"", ""Is_A"": ""254.50328136615607"", ""Pr_MW"": ""55.688595339607936"", ""Ps_MW"": ""56.7061636342374"", ""Qr_MVAr"": ""11.277719067921588"", ""Qs_MVAr"": ""12.665055980769296"", ""Vr_kV"": ""127.35363687579455"", ""Vs_kV"": ""131.8222148834902"", ""connection_state"": ""CONNECTED"", ""timestamp"": ""2026-01-01T21:45:00Z""}, ""row_number"": 263, ""terminal_directions"": ""receiving P/Q positive out""}"
2026-01-01T21:50:00.000000+00:00,TL_001,synthetic,SOLVED,rev_6e24672c52e849e3b7890d53aaeb4d40.TL_001,rev_6e24672c52e849e3b7890d53aaeb4d40,127.33103226937287,127.43370183369846,-0.10266956432559482,1.037237540916557,43.185401133839505,05014d6f66b27398d5c2ae789be40dd0e63fd6044ab307b341b2a40c647709ca,131.8313501958266,,,GOOD,,127.33103226937287,127.43370183369846,-0.10266956432559482,GOOD,,56.05400783306353,56.05400783306354,,GOOD,,11.350801566612706,11.350801566612747,,GOOD,,57.07796930262331,57.091245373980094,-0.013276071356784769,GOOD,,12.799426092458745,12.799426092458823,-7.815970093361102e-14,GOOD,,256.23536388943364,256.2353638894338,-1.7053025658242404e-13,GOOD,,259.1124068030369,259.11240680303706,-1.7053025658242404e-13,GOOD,,,,,MISSING,,,,,MISSING,,cbc3ce90daaa616e67b05fabb866335e45326a6876312c4f89ba9aba2c71efd3,run_ec8c1d4095ea480a906b81611a7dc932.cbc3ce90daaa616e67b05fabb866335e45326a6876312c4f89ba9aba2c71efd3,2026-10-03T10:47:31.532015+00:00,2026-10-03T10:47:31.532015+00:00,2026-01-01T21:50:00.000000+00:00,demo.generator.v2.map.5c262229d3fe,sha256:e0e03a76b126628a9293c6eff54155b21558e908ffbe39b25f6f484ab14839fa,"{""adapter_version"": ""csv.adapter.v2"", ""declared_timezone"": ""Asia/Colombo"", ""mapping_version"": ""5c262229d3fe6a666ae239aa791a2c308149326550fef3fd18c5634474cb8de6"", ""original_row"": {""Ir_A"": ""259.1124068030369"", ""Is_A"": ""256.23536388943364"", ""Pr_MW"": ""56.05400783306353"", ""Ps_MW"": ""57.07796930262331"", ""Qr_MVAr"": ""11.350801566612706"", ""Qs_MVAr"": ""12.799426092458745"", ""Vr_kV"": ""127.33103226937287"", ""Vs_kV"": ""131.8313501958266"", ""connection_state"": ""CONNECTED"", ""timestamp"": ""2026-01-01T21:50:00Z""}, ""row_number"": 264, ""terminal_directions"": ""receiving P/Q positive out""}"
2026-01-01T21:55:00.000000+00:00,TL_001,synthetic,SOLVED,rev_6e24672c52e849e3b7890d53aaeb4d40.TL_001,rev_6e24672c52e849e3b7890d53aaeb4d40,127.30770961276441,127.40898416640222,-0.10127455363780768,1.051463883947946,43.47915909777367,05014d6f66b27398d5c2ae789be40dd0e63fd6044ab307b341b2a40c647709ca,131.84061337091973,,,GOOD,,127.30770961276441,127.40898416640222,-0.10127455363780768,GOOD,,56.42453483678957,56.42453483678953,,GOOD,,11.424906967357915,11.424906967357806,,GOOD,,57.47994329524165,57.47599872073748,0.0039445745041675195,GOOD,,12.936126140143724,12.93612614014363,9.414691248821327e-14,GOOD,,257.99249118836843,257.99249118836826,1.7053025658242404e-13,GOOD,,260.8749545866423,260.874954586642,2.8421709430404007e-13,GOOD,,,,,MISSING,,,,,MISSING,,844e4105192d75b26b929b3cb929fe713f2072b586d832dc43d0039497329efb,run_ec8c1d4095ea480a906b81611a7dc932.844e4105192d75b26b929b3cb929fe713f2072b586d832dc43d0039497329efb,2026-10-03T10:47:31.833404+00:00,2026-10-03T10:47:31.833404+00:00,2026-01-01T21:55:00.000000+00:00,demo.generator.v2.map.5c262229d3fe,sha256:e0e03a76b126628a9293c6eff54155b21558e908ffbe39b25f6f484ab14839fa,"{""adapter_version"": ""csv.adapter.v2"", ""declared_timezone"": ""Asia/Colombo"", ""mapping_version"": ""5c262229d3fe6a666ae239aa791a2c308149326550fef3fd18c5634474cb8de6"", ""original_row"": {""Ir_A"": ""260.8749545866423"", ""Is_A"": ""257.99249118836843"", ""Pr_MW"": ""56.42453483678957"", ""Ps_MW"": ""57.47994329524165"", ""Qr_MVAr"": ""11.424906967357915"", ""Qs_MVAr"": ""12.936126140143724"", ""Vr_kV"": ""127.30770961276441"", ""Vs_kV"": ""131.84061337091973"", ""connection_state"": ""CONNECTED"", ""timestamp"": ""2026-01-01T21:55:00Z""}, ""row_number"": 265, ""terminal_directions"": ""receiving P/Q positive out""}"
2026-01-01T22:00:00.000000+00:00,TL_001,synthetic,SOLVED,rev_6e24672c52e849e3b7890d53aaeb4d40.TL_001,rev_6e24672c52e849e3b7890d53aaeb4d40,127.2590539424324,127.38388936596597,-0.12483542353356825,1.0659852227726248,43.776964788392156,05014d6f66b27398d5c2ae789be40dd0e63fd6044ab307b341b2a40c647709ca,131.85,,,GOOD,,127.2590539424324,127.38388936596597,-0.12483542353356825,GOOD,,56.800000000000004,56.79999999999998,,GOOD,,11.500000000000002,11.499999999999922,,GOOD,,57.91292676342272,57.86598522277261,0.046941540650109914,GOOD,,13.075110135837233,13.075110135837093,1.4033219031261979e-13,GOOD,,259.7738618282813,259.7738618282812,1.1368683772161603e-13,GOOD,,262.66178873035307,262.66178873035295,1.1368683772161603e-13,GOOD,,,,,MISSING,,,,,MISSING,,530bd12bb917dca57d158fcf73d35a54cceb7b5d72424ecee889f17fb8de8374,run_ec8c1d4095ea480a906b81611a7dc932.530bd12bb917dca57d158fcf73d35a54cceb7b5d72424ecee889f17fb8de8374,2026-10-03T10:47:32.134327+00:00,2026-10-03T10:47:32.134327+00:00,2026-01-01T22:00:00.000000+00:00,demo.generator.v2.map.5c262229d3fe,sha256:e0e03a76b126628a9293c6eff54155b21558e908ffbe39b25f6f484ab14839fa,"{""adapter_version"": ""csv.adapter.v2"", ""declared_timezone"": ""Asia/Colombo"", ""mapping_version"": ""5c262229d3fe6a666ae239aa791a2c308149326550fef3fd18c5634474cb8de6"", ""original_row"": {""Ir_A"": ""262.66178873035307"", ""Is_A"": ""259.7738618282813"", ""Pr_MW"": ""56.800000000000004"", ""Ps_MW"": ""57.91292676342272"", ""Qr_MVAr"": ""11.500000000000002"", ""Qs_MVAr"": ""13.075110135837233"", ""Vr_kV"": ""127.2590539424324"", ""Vs_kV"": ""131.85"", ""connection_state"": ""CONNECTED"", ""timestamp"": ""2026-01-01T22:00:00Z""}, ""row_number"": 266, ""terminal_directions"": ""receiving P/Q positive out""}"
2026-01-01T22:05:00.000000+00:00,TL_001,synthetic,SOLVED,rev_6e24672c52e849e3b7890d53aaeb4d40.TL_001,rev_6e24672c52e849e3b7890d53aaeb4d40,127.22157223619868,127.35842742112601,-0.1368551849273274,1.0807989148517763,44.07868209686632,05014d6f66b27398d5c2ae789be40dd0e63fd6044ab307b341b2a40c647709ca,131.85950561554031,,,GOOD,,127.22157223619868,127.35842742112601,-0.1368551849273274,GOOD,,57.18022462161224,57.18022462161222,,GOOD,,11.57604492432245,11.576044924322334,,GOOD,,58.23278987358627,58.261023536463995,-0.02823366287772444,GOOD,,13.21633064682272,13.216330646822442,2.788880237858393e-13,GOOD,,261.5786622832673,261.57866228326697,3.410605131648481e-13,GOOD,,264.4720925811983,264.4720925811979,3.979039320256561e-13,GOOD,,,,,MISSING,,,,,MISSING,,aee6a52bc8ba37fdb14270bafcaa7597025ac847840f00299a73648a895a661c,run_ec8c1d4095ea480a906b81611a7dc932.aee6a52bc8ba37fdb14270bafcaa7597025ac847840f00299a73648a895a661c,2026-10-03T10:47:32.418098+00:00,2026-10-03T10:47:32.418098+00:00,2026-01-01T22:05:00.000000+00:00,demo.generator.v2.map.5c262229d3fe,sha256:e0e03a76b126628a9293c6eff54155b21558e908ffbe39b25f6f484ab14839fa,"{""adapter_version"": ""csv.adapter.v2"", ""declared_timezone"": ""Asia/Colombo"", ""mapping_version"": ""5c262229d3fe6a666ae239aa791a2c308149326550fef3fd18c5634474cb8de6"", ""original_row"": {""Ir_A"": ""264.4720925811983"", ""Is_A"": ""261.5786622832673"", ""Pr_MW"": ""57.18022462161224"", ""Ps_MW"": ""58.23278987358627"", ""Qr_MVAr"": ""11.57604492432245"", ""Qs_MVAr"": ""13.21633064682272"", ""Vr_kV"": ""127.22157223619868"", ""Vs_kV"": ""131.85950561554031"", ""connection_state"": ""CONNECTED"", ""timestamp"": ""2026-01-01T22:05:00Z""}, ""row_number"": 267, ""terminal_directions"": ""receiving P/Q positive out""}"
2026-01-01T22:10:00.000000+00:00,TL_001,synthetic,SOLVED,rev_6e24672c52e849e3b7890d53aaeb4d40.TL_001,rev_6e24672c52e849e3b7890d53aaeb4d40,127.19440227770112,127.33260853412641,-0.13820625642529194,1.095902088909817,44.38417295973136,05014d6f66b27398d5c2ae789be40dd0e63fd6044ab307b341b2a40c647709ca,131.86912569338247,,,GOOD,,127.19440227770112,127.33260853412641,-0.13820625642529194,GOOD,,57.56502773529931,57.56502773529929,,GOOD,,11.653005547059863,11.653005547059834,,GOOD,,58.674499842728416,58.660929824209106,0.013570018519310167,GOOD,,13.359738783122053,13.35973878312198,7.283063041541027e-14,GOOD,,263.4060672612153,263.4060672612152,1.1368683772161603e-13,GOOD,,266.3050377583883,266.30503775838815,1.7053025658242404e-13,GOOD,,,,,MISSING,,,,,MISSING,,d150398a4245c25bbb994a8a18bf6d34de8958e0bbf5ac8a1de76506fddb244d,run_ec8c1d4095ea480a906b81611a7dc932.d150398a4245c25bbb994a8a18bf6d34de8958e0bbf5ac8a1de76506fddb244d,2026-10-03T10:47:32.803283+00:00,2026-10-03T10:47:32.803283+00:00,2026-01-01T22:10:00.000000+00:00,demo.generator.v2.map.5c262229d3fe,sha256:e0e03a76b126628a9293c6eff54155b21558e908ffbe39b25f6f484ab14839fa,"{""adapter_version"": ""csv.adapter.v2"", ""declared_timezone"": ""Asia/Colombo"", ""mapping_version"": ""5c262229d3fe6a666ae239aa791a2c308149326550fef3fd18c5634474cb8de6"", ""original_row"": {""Ir_A"": ""266.3050377583883"", ""Is_A"": ""263.4060672612153"", ""Pr_MW"": ""57.56502773529931"", ""Ps_MW"": ""58.674499842728416"", ""Qr_MVAr"": ""11.653005547059863"", ""Qs_MVAr"": ""13.359738783122053"", ""Vr_kV"": ""127.19440227770112"", ""Vs_kV"": ""131.86912569338247"", ""connection_state"": ""CONNECTED"", ""timestamp"": ""2026-01-01T22:10:00Z""}, ""row_number"": 268, ""terminal_directions"": ""receiving P/Q positive out""}"
2026-01-01T22:15:00.000000+00:00,TL_001,synthetic,SOLVED,rev_6e24672c52e849e3b7890d53aaeb4d40.TL_001,rev_6e24672c52e849e3b7890d53aaeb4d40,127.14628216421583,127.30644311946385,-0.160160955248017,1.1112916384269127,44.69329741422919,05014d6f66b27398d5c2ae789be40dd0e63fd6044ab307b341b2a40c647709ca,131.8788556548905,,,GOOD,,127.14628216421583,127.30644311946385,-0.160160955248017,GOOD,,57.95422619561997,57.954226195619974,,GOOD,,11.730845239123994,11.730845239123958,,GOOD,,59.08464196112644,59.06551783404689,0.019124127079550135,GOOD,,13.505284186241987,13.50528418624192,6.750155989720952e-14,GOOD,,265.2552400350217,265.2552400350216,1.1368683772161603e-13,GOOD,,268.1597844853752,268.15978448537516,5.684341886080802e-14,GOOD,,,,,MISSING,,,,,MISSING,,b76fe998379c32f930b1da3aa58bb234a577ef55b96ccbf1874fb3b17a70dff2,run_ec8c1d4095ea480a906b81611a7dc932.b76fe998379c32f930b1da3aa58bb234a577ef55b96ccbf1874fb3b17a70dff2,2026-10-03T10:47:33.071492+00:00,2026-10-03T10:47:33.071492+00:00,2026-01-01T22:15:00.000000+00:00,demo.generator.v2.map.5c262229d3fe,sha256:e0e03a76b126628a9293c6eff54155b21558e908ffbe39b25f6f484ab14839fa,"{""adapter_version"": ""csv.adapter.v2"", ""declared_timezone"": ""Asia/Colombo"", ""mapping_version"": ""5c262229d3fe6a666ae239aa791a2c308149326550fef3fd18c5634474cb8de6"", ""original_row"": {""Ir_A"": ""268.1597844853752"", ""Is_A"": ""265.2552400350217"", ""Pr_MW"": ""57.95422619561997"", ""Ps_MW"": ""59.08464196112644"", ""Qr_MVAr"": ""11.730845239123994"", ""Qs_MVAr"": ""13.505284186241987"", ""Vr_kV"": ""127.14628216421583"", ""Vs_kV"": ""131.8788556548905"", ""connection_state"": ""CONNECTED"", ""timestamp"": ""2026-01-01T22:15:00Z""}, ""row_number"": 269, ""terminal_directions"": ""receiving P/Q positive out""}"
2026-01-01T22:20:00.000000+00:00,TL_001,synthetic,SOLVED,rev_6e24672c52e849e3b7890d53aaeb4d40.TL_001,rev_6e24672c52e849e3b7890d53aaeb4d40,127.14071401088572,127.2799418024729,-0.13922779158718868,1.1269642153908634,45.00591365464333,05014d6f66b27398d5c2ae789be40dd0e63fd6044ab307b341b2a40c647709ca,131.88869086912965,,,GOOD,,127.14071401088572,127.2799418024729,-0.13922779158718868,GOOD,,58.347634765186,58.347634765185994,,GOOD,,11.8095269530372,11.809526953037118,,GOOD,,59.50903336039887,59.47459898057686,0.034434379822009475,GOOD,,13.652915019264306,13.65291501926425,5.5067062021407764e-14,GOOD,,267.12533277992986,267.12533277992986,0.0,GOOD,,270.03548192786,270.03548192785996,5.684341886080802e-14,GOOD,,,,,MISSING,,,,,MISSING,,b45f32db10dcd7cd2ff8f3934e49dd57249ced299be43f3e14a4d22211e55938,run_ec8c1d4095ea480a906b81611a7dc932.b45f32db10dcd7cd2ff8f3934e49dd57249ced299be43f3e14a4d22211e55938,2026-10-03T10:47:33.350699+00:00,2026-10-03T10:47:33.350699+00:00,2026-01-01T22:20:00.000000+00:00,demo.generator.v2.map.5c262229d3fe,sha256:e0e03a76b126628a9293c6eff54155b21558e908ffbe39b25f6f484ab14839fa,"{""adapter_version"": ""csv.adapter.v2"", ""declared_timezone"": ""Asia/Colombo"", ""mapping_version"": ""5c262229d3fe6a666ae239aa791a2c308149326550fef3fd18c5634474cb8de6"", ""original_row"": {""Ir_A"": ""270.03548192786"", ""Is_A"": ""267.12533277992986"", ""Pr_MW"": ""58.347634765186"", ""Ps_MW"": ""59.50903336039887"", ""Qr_MVAr"": ""11.8095269530372"", ""Qs_MVAr"": ""13.652915019264306"", ""Vr_kV"": ""127.14071401088572"", ""Vs_kV"": ""131.88869086912965"", ""connection_state"": ""CONNECTED"", ""timestamp"": ""2026-01-01T22:20:00Z""}, ""row_number"": 270, ""terminal_directions"": ""receiving P/Q positive out""}"
2026-01-01T22:25:00.000000+00:00,TL_001,synthetic,SOLVED,rev_6e24672c52e849e3b7890d53aaeb4d40.TL_001,rev_6e24672c52e849e3b7890d53aaeb4d40,127.07717527785144,127.25311541774666,-0.17594013989521784,1.1429162243253188,45.32187808961743,05014d6f66b27398d5c2ae789be40dd0e63fd6044ab307b341b2a40c647709ca,131.89862665507061,,,GOOD,,127.07717527785144,127.25311541774666,-0.17594013989521784,GOOD,,58.74506620282525,58.74506620282527,,GOOD,,11.88901324056505,11.889013240565045,,GOOD,,59.864385453897455,59.88798242715059,-0.02359697325313448,GOOD,,13.802577958350732,13.802577958350767,-3.552713678800501e-14,GOOD,,269.0154869169416,269.0154869169416,0.0,GOOD,,271.9312685377045,271.93126853770457,-5.684341886080802e-14,GOOD,,,,,MISSING,,,,,MISSING,,08e20af3cb8aee5af0d06dbfef62807c4b98dfac77b9c4810dffba70bc873b1a,run_ec8c1d4095ea480a906b81611a7dc932.08e20af3cb8aee5af0d06dbfef62807c4b98dfac77b9c4810dffba70bc873b1a,2026-10-03T10:47:33.600424+00:00,2026-10-03T10:47:33.600424+00:00,2026-01-01T22:25:00.000000+00:00,demo.generator.v2.map.5c262229d3fe,sha256:e0e03a76b126628a9293c6eff54155b21558e908ffbe39b25f6f484ab14839fa,"{""adapter_version"": ""csv.adapter.v2"", ""declared_timezone"": ""Asia/Colombo"", ""mapping_version"": ""5c262229d3fe6a666ae239aa791a2c308149326550fef3fd18c5634474cb8de6"", ""original_row"": {""Ir_A"": ""271.9312685377045"", ""Is_A"": ""269.0154869169416"", ""Pr_MW"": ""58.74506620282525"", ""Ps_MW"": ""59.864385453897455"", ""Qr_MVAr"": ""11.88901324056505"", ""Qs_MVAr"": ""13.802577958350732"", ""Vr_kV"": ""127.07717527785144"", ""Vs_kV"": ""131.89862665507061"", ""connection_state"": ""CONNECTED"", ""timestamp"": ""2026-01-01T22:25:00Z""}, ""row_number"": 271, ""terminal_directions"": ""receiving P/Q positive out""}"
2026-01-01T22:30:00.000000+00:00,TL_001,synthetic,SOLVED,rev_6e24672c52e849e3b7890d53aaeb4d40.TL_001,rev_6e24672c52e849e3b7890d53aaeb4d40,127.06459197571512,127.22597500738712,-0.16138303167200263,1.1591438166119943,45.641045400448085,05014d6f66b27398d5c2ae789be40dd0e63fd6044ab307b341b2a40c647709ca,131.90865828381746,,,GOOD,,127.06459197571512,127.22597500738712,-0.16138303167200263,GOOD,,59.14633135269819,59.14633135269821,,GOOD,,11.969266270539638,11.969266270539762,,GOOD,,60.28068828531929,60.305475169310206,-0.02478688399091311,GOOD,,13.954218185723374,13.954218185723446,-7.283063041541027e-14,GOOD,,270.92483346222815,270.92483346222815,0.0,GOOD,,273.84627240268827,273.8462724026885,-2.2737367544323206e-13,GOOD,,,,,MISSING,,,,,MISSING,,55f93fa6a1d105b060151ed3c2bf30aabc64c82806616033a55eab4f378d0a56,run_ec8c1d4095ea480a906b81611a7dc932.55f93fa6a1d105b060151ed3c2bf30aabc64c82806616033a55eab4f378d0a56,2026-10-03T10:47:33.847832+00:00,2026-10-03T10:47:33.847832+00:00,2026-01-01T22:30:00.000000+00:00,demo.generator.v2.map.5c262229d3fe,sha256:e0e03a76b126628a9293c6eff54155b21558e908ffbe39b25f6f484ab14839fa,"{""adapter_version"": ""csv.adapter.v2"", ""declared_timezone"": ""Asia/Colombo"", ""mapping_version"": ""5c262229d3fe6a666ae239aa791a2c308149326550fef3fd18c5634474cb8de6"", ""original_row"": {""Ir_A"": ""273.84627240268827"", ""Is_A"": ""270.92483346222815"", ""Pr_MW"": ""59.14633135269819"", ""Ps_MW"": ""60.28068828531929"", ""Qr_MVAr"": ""11.969266270539638"", ""Qs_MVAr"": ""13.954218185723374"", ""Vr_kV"": ""127.06459197571512"", ""Vs_kV"": ""131.90865828381746"", ""connection_state"": ""CONNECTED"", ""timestamp"": ""2026-01-01T22:30:00Z""}, ""row_number"": 272, ""terminal_directions"": ""receiving P/Q positive out""}"
2026-01-01T22:35:00.000000+00:00,TL_001,synthetic,SOLVED,rev_6e24672c52e849e3b7890d53aaeb4d40.TL_001,rev_6e24672c52e849e3b7890d53aaeb4d40,127.07623637633557,127.1985318190791,-0.12229544274352122,1.1756428851225564,45.963268600344705,05014d6f66b27398d5c2ae789be40dd0e63fd6044ab307b341b2a40c647709ca,131.91878098085814,,,GOOD,,127.07623637633557,127.1985318190791,-0.12229544274352122,GOOD,,59.55123923432596,59.55123923432599,,GOOD,,12.050247846865192,12.05024784686532,,GOOD,,60.72150532068502,60.72688211944855,-0.005376798763528257,GOOD,,14.107779384189607,14.107779384189609,-1.7763568394002505e-15,GOOD,,272.85249338248576,272.85249338248593,-1.7053025658242404e-13,GOOD,,275.779611602068,275.7796116020682,-2.2737367544323206e-13,GOOD,,,,,MISSING,,,,,MISSING,,e6ec7defe6160d436caccc7e111d49bb27744e992aed4e06e4b95deb89d15e75,run_ec8c1d4095ea480a906b81611a7dc932.e6ec7defe6160d436caccc7e111d49bb27744e992aed4e06e4b95deb89d15e75,2026-10-03T10:47:34.109808+00:00,2026-10-03T10:47:34.109808+00:00,2026-01-01T22:35:00.000000+00:00,demo.generator.v2.map.5c262229d3fe,sha256:e0e03a76b126628a9293c6eff54155b21558e908ffbe39b25f6f484ab14839fa,"{""adapter_version"": ""csv.adapter.v2"", ""declared_timezone"": ""Asia/Colombo"", ""mapping_version"": ""5c262229d3fe6a666ae239aa791a2c308149326550fef3fd18c5634474cb8de6"", ""original_row"": {""Ir_A"": ""275.779611602068"", ""Is_A"": ""272.85249338248576"", ""Pr_MW"": ""59.55123923432596"", ""Ps_MW"": ""60.72150532068502"", ""Qr_MVAr"": ""12.050247846865192"", ""Qs_MVAr"": ""14.107779384189607"", ""Vr_kV"": ""127.07623637633557"", ""Vs_kV"": ""131.91878098085814"", ""connection_state"": ""CONNECTED"", ""timestamp"": ""2026-01-01T22:35:00Z""}, ""row_number"": 273, ""terminal_directions"": ""receiving P/Q positive out""}"
2026-01-01T22:40:00.000000+00:00,TL_001,synthetic,SOLVED,rev_6e24672c52e849e3b7890d53aaeb4d40.TL_001,rev_6e24672c52e849e3b7890d53aaeb4d40,127.03888934973759,127.17079730398308,-0.1319079542454915,1.1924090591767964,46.28839909464597,05014d6f66b27398d5c2ae789be40dd0e63fd6044ab307b341b2a40c647709ca,131.92898992833716,,,GOOD,,127.03888934973759,127.17079730398308,-0.1319079542454915,GOOD,,59.959597133486625,59.95959713348659,,GOOD,,12.131919426697326,12.1319194266973,,GOOD,,61.14723064652202,61.152006192663386,-0.004775546141367215,GOOD,,14.263203733270384,14.263203733270366,1.7763568394002505e-14,GOOD,,274.7975779561595,274.79757795615933,1.7053025658242404e-13,GOOD,,277.73039456787603,277.7303945678758,2.2737367544323206e-13,GOOD,,,,,MISSING,,,,,MISSING,,85e8846d482063bdd030a8a1577127f1c51f49cbb15ae211db57fef0684e5478,run_ec8c1d4095ea480a906b81611a7dc932.85e8846d482063bdd030a8a1577127f1c51f49cbb15ae211db57fef0684e5478,2026-10-03T10:47:34.367847+00:00,2026-10-03T10:47:34.367847+00:00,2026-01-01T22:40:00.000000+00:00,demo.generator.v2.map.5c262229d3fe,sha256:e0e03a76b126628a9293c6eff54155b21558e908ffbe39b25f6f484ab14839fa,"{""adapter_version"": ""csv.adapter.v2"", ""declared_timezone"": ""Asia/Colombo"", ""mapping_version"": ""5c262229d3fe6a666ae239aa791a2c308149326550fef3fd18c5634474cb8de6"", ""original_row"": {""Ir_A"": ""277.73039456787603"", ""Is_A"": ""274.7975779561595"", ""Pr_MW"": ""59.959597133486625"", ""Ps_MW"": ""61.14723064652202"", ""Qr_MVAr"": ""12.131919426697326"", ""Qs_MVAr"": ""14.263203733270384"", ""Vr_kV"": ""127.03888934973759"", ""Vs_kV"": ""131.92898992833716"", ""connection_state"": ""CONNECTED"", ""timestamp"": ""2026-01-01T22:40:00Z""}, ""row_number"": 274, ""terminal_directions"": ""receiving P/Q positive out""}"
2026-01-01T22:45:00.000000+00:00,TL_001,synthetic,SOLVED,rev_6e24672c52e849e3b7890d53aaeb4d40.TL_001,rev_6e24672c52e849e3b7890d53aaeb4d40,127.02042208994749,127.14278311444119,-0.12236102449369923,1.2094376998431997,46.616286741984744,05014d6f66b27398d5c2ae789be40dd0e63fd6044ab307b341b2a40c647709ca,131.9392802673484,,,GOOD,,127.02042208994749,127.14278311444119,-0.12236102449369923,GOOD,,60.37121069393676,60.37121069393676,,GOOD,,12.214242138787352,12.21424213878731,,GOOD,,61.55039231252169,61.58064839377996,-0.030256081258272616,GOOD,,14.420431906994423,14.420431906994308,1.1546319456101628e-13,GOOD,,276.75918914047475,276.7591891404745,2.2737367544323206e-13,GOOD,,279.69772045190854,279.6977204519084,1.1368683772161603e-13,GOOD,,,,,MISSING,,,,,MISSING,,5d70db0d6499f4c42ab24f87dfa30336537fc6933027f0c1064e74a049af5040,run_ec8c1d4095ea480a906b81611a7dc932.5d70db0d6499f4c42ab24f87dfa30336537fc6933027f0c1064e74a049af5040,2026-10-03T10:47:34.600314+00:00,2026-10-03T10:47:34.600314+00:00,2026-01-01T22:45:00.000000+00:00,demo.generator.v2.map.5c262229d3fe,sha256:e0e03a76b126628a9293c6eff54155b21558e908ffbe39b25f6f484ab14839fa,"{""adapter_version"": ""csv.adapter.v2"", ""declared_timezone"": ""Asia/Colombo"", ""mapping_version"": ""5c262229d3fe6a666ae239aa791a2c308149326550fef3fd18c5634474cb8de6"", ""original_row"": {""Ir_A"": ""279.69772045190854"", ""Is_A"": ""276.75918914047475"", ""Pr_MW"": ""60.37121069393676"", ""Ps_MW"": ""61.55039231252169"", ""Qr_MVAr"": ""12.214242138787352"", ""Qs_MVAr"": ""14.420431906994423"", ""Vr_kV"": ""127.02042208994749"", ""Vs_kV"": ""131.9392802673484"", ""connection_state"": ""CONNECTED"", ""timestamp"": ""2026-01-01T22:45:00Z""}, ""row_number"": 275, ""terminal_directions"": ""receiving P/Q positive out""}"
2026-01-01T22:50:00.000000+00:00,TL_001,synthetic,SOLVED,rev_6e24672c52e849e3b7890d53aaeb4d40.TL_001,rev_6e24672c52e849e3b7890d53aaeb4d40,127.00262397831936,127.11450110149147,-0.11187712317210696,1.2267238955968054,46.94677991639018,05014d6f66b27398d5c2ae789be40dd0e63fd6044ab307b341b2a40c647709ca,131.94964710024786,,,GOOD,,127.00262397831936,127.11450110149147,-0.11187712317210696,GOOD,,60.78588400991454,60.78588400991451,,GOOD,,12.297176801982907,12.297176801982848,,GOOD,,62.03248788462289,62.01260790551132,0.0198799791115718,GOOD,,14.57940307341622,14.579403073416167,5.3290705182007514e-14,GOOD,,278.73641994420205,278.73641994420194,1.1368683772161603e-13,GOOD,,281.6806794983411,281.680679498341,5.684341886080802e-14,GOOD,,,,,MISSING,,,,,MISSING,,7e4830e0dcd2e1e7d9a5526bce536b139433af528341fbe4817a173cc89d89ed,run_ec8c1d4095ea480a906b81611a7dc932.7e4830e0dcd2e1e7d9a5526bce536b139433af528341fbe4817a173cc89d89ed,2026-10-03T10:47:34.904753+00:00,2026-10-03T10:47:34.904753+00:00,2026-01-01T22:50:00.000000+00:00,demo.generator.v2.map.5c262229d3fe,sha256:e0e03a76b126628a9293c6eff54155b21558e908ffbe39b25f6f484ab14839fa,"{""adapter_version"": ""csv.adapter.v2"", ""declared_timezone"": ""Asia/Colombo"", ""mapping_version"": ""5c262229d3fe6a666ae239aa791a2c308149326550fef3fd18c5634474cb8de6"", ""original_row"": {""Ir_A"": ""281.6806794983411"", ""Is_A"": ""278.73641994420205"", ""Pr_MW"": ""60.78588400991454"", ""Ps_MW"": ""62.03248788462289"", ""Qr_MVAr"": ""12.297176801982907"", ""Qs_MVAr"": ""14.57940307341622"", ""Vr_kV"": ""127.00262397831936"", ""Vs_kV"": ""131.94964710024786"", ""connection_state"": ""CONNECTED"", ""timestamp"": ""2026-01-01T22:50:00Z""}, ""row_number"": 276, ""terminal_directions"": ""receiving P/Q positive out""}"
2026-01-01T22:55:00.000000+00:00,TL_001,synthetic,SOLVED,rev_6e24672c52e849e3b7890d53aaeb4d40.TL_001,rev_6e24672c52e849e3b7890d53aaeb4d40,126.9680674906579,127.08596331218541,-0.11789582152751166,1.2442624583494606,47.279725570318966,05014d6f66b27398d5c2ae789be40dd0e63fd6044ab307b341b2a40c647709ca,131.9600854929845,,,GOOD,,126.9680674906579,127.08596331218541,-0.11789582152751166,GOOD,,61.20341971938015,61.20341971938012,,GOOD,,12.380683943876031,12.38068394387587,,GOOD,,62.46437818101215,62.44768217772958,0.016696003282568483,GOOD,,14.740054895915687,14.74005489591555,1.3677947663381929e-13,GOOD,,280.7283548060861,280.72835480608586,2.2737367544323206e-13,GOOD,,283.67835342191404,283.67835342191376,2.8421709430404007e-13,GOOD,,,,,MISSING,,,,,MISSING,,18212b3281316234c36eac96ddebe69d3b95823b0c964a83777ad36db6a66b98,run_ec8c1d4095ea480a906b81611a7dc932.18212b3281316234c36eac96ddebe69d3b95823b0c964a83777ad36db6a66b98,2026-10-03T10:47:35.158494+00:00,2026-10-03T10:47:35.158494+00:00,2026-01-01T22:55:00.000000+00:00,demo.generator.v2.map.5c262229d3fe,sha256:e0e03a76b126628a9293c6eff54155b21558e908ffbe39b25f6f484ab14839fa,"{""adapter_version"": ""csv.adapter.v2"", ""declared_timezone"": ""Asia/Colombo"", ""mapping_version"": ""5c262229d3fe6a666ae239aa791a2c308149326550fef3fd18c5634474cb8de6"", ""original_row"": {""Ir_A"": ""283.67835342191404"", ""Is_A"": ""280.7283548060861"", ""Pr_MW"": ""61.20341971938015"", ""Ps_MW"": ""62.46437818101215"", ""Qr_MVAr"": ""12.380683943876031"", ""Qs_MVAr"": ""14.740054895915687"", ""Vr_kV"": ""126.9680674906579"", ""Vs_kV"": ""131.9600854929845"", ""connection_state"": ""CONNECTED"", ""timestamp"": ""2026-01-01T22:55:00Z""}, ""row_number"": 277, ""terminal_directions"": ""receiving P/Q positive out""}"
2026-01-01T23:00:00.000000+00:00,TL_001,synthetic,SOLVED,rev_6e24672c52e849e3b7890d53aaeb4d40.TL_001,rev_6e24672c52e849e3b7890d53aaeb4d40,126.93793396581833,127.05718198670422,-0.11924802088589104,1.262047919867264,47.61496929860354,05014d6f66b27398d5c2ae789be40dd0e63fd6044ab307b341b2a40c647709ca,131.97059047744872,,,GOOD,,126.93793396581833,127.05718198670422,-0.11924802088589104,GOOD,,61.623619097949586,61.62361909794962,,GOOD,,12.464723819589917,12.464723819590008,,GOOD,,62.94671921689878,62.885667017816886,0.06105219908189241,GOOD,,14.902323536332565,14.902323536332512,5.3290705182007514e-14,GOOD,,282.73406997886224,282.7340699788623,-5.684341886080802e-14,GOOD,,285.6898157916211,285.68981579162124,-1.7053025658242404e-13,GOOD,,,,,MISSING,,,,,MISSING,,be1dfd15aca62fe8ca913ff1d07efb317d92885aa193fe5efd427a1d8d76b7b0,run_ec8c1d4095ea480a906b81611a7dc932.be1dfd15aca62fe8ca913ff1d07efb317d92885aa193fe5efd427a1d8d76b7b0,2026-10-03T10:47:35.409263+00:00,2026-10-03T10:47:35.409263+00:00,2026-01-01T23:00:00.000000+00:00,demo.generator.v2.map.5c262229d3fe,sha256:e0e03a76b126628a9293c6eff54155b21558e908ffbe39b25f6f484ab14839fa,"{""adapter_version"": ""csv.adapter.v2"", ""declared_timezone"": ""Asia/Colombo"", ""mapping_version"": ""5c262229d3fe6a666ae239aa791a2c308149326550fef3fd18c5634474cb8de6"", ""original_row"": {""Ir_A"": ""285.6898157916211"", ""Is_A"": ""282.73406997886224"", ""Pr_MW"": ""61.623619097949586"", ""Ps_MW"": ""62.94671921689878"", ""Qr_MVAr"": ""12.464723819589917"", ""Qs_MVAr"": ""14.902323536332565"", ""Vr_kV"": ""126.93793396581833"", ""Vs_kV"": ""131.97059047744872"", ""connection_state"": ""CONNECTED"", ""timestamp"": ""2026-01-01T23:00:00Z""}, ""row_number"": 278, ""terminal_directions"": ""receiving P/Q positive out""}"
2026-01-01T23:05:00.000000+00:00,TL_001,synthetic,SOLVED,rev_6e24672c52e849e3b7890d53aaeb4d40.TL_001,rev_6e24672c52e849e3b7890d53aaeb4d40,126.90167395400172,127.02816955526929,-0.12649560126756398,1.280074528588635,47.952355403306385,05014d6f66b27398d5c2ae789be40dd0e63fd6044ab307b341b2a40c647709ca,131.9811570538369,,,GOOD,,126.90167395400172,127.02816955526929,-0.12649560126756398,GOOD,,62.046282153476525,62.04628215347652,,GOOD,,12.549256430695307,12.54925643069533,,GOOD,,63.31714418551513,63.32635668206515,-0.009212496550020433,GOOD,,15.066143659988953,15.066143659989029,-7.638334409421077e-14,GOOD,,284.75263391878593,284.75263391878605,-1.1368683772161603e-13,GOOD,,287.7141324198381,287.7141324198383,-1.7053025658242404e-13,GOOD,,,,,MISSING,,,,,MISSING,,2e9a7f7854bc7bd2bc5b576f3ca5fb9b15cca4afed422a72a9b35cb9984b2723,run_ec8c1d4095ea480a906b81611a7dc932.2e9a7f7854bc7bd2bc5b576f3ca5fb9b15cca4afed422a72a9b35cb9984b2723,2026-10-03T10:47:35.653480+00:00,2026-10-03T10:47:35.653480+00:00,2026-01-01T23:05:00.000000+00:00,demo.generator.v2.map.5c262229d3fe,sha256:e0e03a76b126628a9293c6eff54155b21558e908ffbe39b25f6f484ab14839fa,"{""adapter_version"": ""csv.adapter.v2"", ""declared_timezone"": ""Asia/Colombo"", ""mapping_version"": ""5c262229d3fe6a666ae239aa791a2c308149326550fef3fd18c5634474cb8de6"", ""original_row"": {""Ir_A"": ""287.7141324198381"", ""Is_A"": ""284.75263391878593"", ""Pr_MW"": ""62.046282153476525"", ""Ps_MW"": ""63.31714418551513"", ""Qr_MVAr"": ""12.549256430695307"", ""Qs_MVAr"": ""15.066143659988953"", ""Vr_kV"": ""126.90167395400172"", ""Vs_kV"": ""131.9811570538369"", ""connection_state"": ""CONNECTED"", ""timestamp"": ""2026-01-01T23:05:00Z""}, ""row_number"": 279, ""terminal_directions"": ""receiving P/Q positive out""}"
2026-01-01T23:10:00.000000+00:00,TL_001,synthetic,SOLVED,rev_6e24672c52e849e3b7890d53aaeb4d40.TL_001,rev_6e24672c52e849e3b7890d53aaeb4d40,126.85953929095615,126.99893863484208,-0.1393993438859269,1.2983362468572324,48.291726959470964,05014d6f66b27398d5c2ae789be40dd0e63fd6044ab307b341b2a40c647709ca,131.99178019303093,,,GOOD,,126.85953929095615,126.99893863484208,-0.1393993438859269,GOOD,,62.47120772123794,62.47120772123793,,GOOD,,12.634241544247589,12.634241544247596,,GOOD,,63.73857608797785,63.769543968095164,-0.030967880117316327,GOOD,,15.231448442650318,15.231448442650425,-1.0658141036401503e-13,GOOD,,286.78310768059987,286.78310768059987,0.0,GOOD,,289.7503617568258,289.7503617568258,0.0,GOOD,,,,,MISSING,,,,,MISSING,,47d72f073121f479b75dbcfb10d07a408bf35a6e2bd7e9fae9448d9044289335,run_ec8c1d4095ea480a906b81611a7dc932.47d72f073121f479b75dbcfb10d07a408bf35a6e2bd7e9fae9448d9044289335,2026-10-03T10:47:35.874062+00:00,2026-10-03T10:47:35.874062+00:00,2026-01-01T23:10:00.000000+00:00,demo.generator.v2.map.5c262229d3fe,sha256:e0e03a76b126628a9293c6eff54155b21558e908ffbe39b25f6f484ab14839fa,"{""adapter_version"": ""csv.adapter.v2"", ""declared_timezone"": ""Asia/Colombo"", ""mapping_version"": ""5c262229d3fe6a666ae239aa791a2c308149326550fef3fd18c5634474cb8de6"", ""original_row"": {""Ir_A"": ""289.7503617568258"", ""Is_A"": ""286.78310768059987"", ""Pr_MW"": ""62.47120772123794"", ""Ps_MW"": ""63.73857608797785"", ""Qr_MVAr"": ""12.634241544247589"", ""Qs_MVAr"": ""15.231448442650318"", ""Vr_kV"": ""126.85953929095615"", ""Vs_kV"": ""131.99178019303093"", ""connection_state"": ""CONNECTED"", ""timestamp"": ""2026-01-01T23:10:00Z""}, ""row_number"": 280, ""terminal_directions"": ""receiving P/Q positive out""}"
2026-01-01T23:15:00.000000+00:00,TL_001,synthetic,SOLVED,rev_6e24672c52e849e3b7890d53aaeb4d40.TL_001,rev_6e24672c52e849e3b7890d53aaeb4d40,126.8207107834182,126.96950202561054,-0.1487912421923312,1.3168267485813487,48.63292588175405,05014d6f66b27398d5c2ae789be40dd0e63fd6044ab307b341b2a40c647709ca,132.00245483899192,,,GOOD,,126.8207107834182,126.96950202561054,-0.1487912421923312,GOOD,,62.89819355967742,62.89819355967745,,GOOD,,12.719638711935485,12.719638711935419,,GOOD,,64.18835638886183,64.2150203082588,-0.026663919396966662,GOOD,,15.398169579469823,15.398169579469903,-7.993605777301127e-14,GOOD,,288.82454531784674,288.824545317847,-2.8421709430404007e-13,GOOD,,291.79755529052403,291.79755529052426,-2.2737367544323206e-13,GOOD,,,,,MISSING,,,,,MISSING,,0ff6777153ec24a4969562dbc024b743e7c9926816a42103deabde1a3d28c212,run_ec8c1d4095ea480a906b81611a7dc932.0ff6777153ec24a4969562dbc024b743e7c9926816a42103deabde1a3d28c212,2026-10-03T10:47:36.081364+00:00,2026-10-03T10:47:36.081364+00:00,2026-01-01T23:15:00.000000+00:00,demo.generator.v2.map.5c262229d3fe,sha256:e0e03a76b126628a9293c6eff54155b21558e908ffbe39b25f6f484ab14839fa,"{""adapter_version"": ""csv.adapter.v2"", ""declared_timezone"": ""Asia/Colombo"", ""mapping_version"": ""5c262229d3fe6a666ae239aa791a2c308149326550fef3fd18c5634474cb8de6"", ""original_row"": {""Ir_A"": ""291.79755529052403"", ""Is_A"": ""288.82454531784674"", ""Pr_MW"": ""62.89819355967742"", ""Ps_MW"": ""64.18835638886183"", ""Qr_MVAr"": ""12.719638711935485"", ""Qs_MVAr"": ""15.398169579469823"", ""Vr_kV"": ""126.8207107834182"", ""Vs_kV"": ""132.00245483899192"", ""connection_state"": ""CONNECTED"", ""timestamp"": ""2026-01-01T23:15:00Z""}, ""row_number"": 281, ""terminal_directions"": ""receiving P/Q positive out""}"
2026-01-01T23:20:00.000000+00:00,TL_001,synthetic,SOLVED,rev_6e24672c52e849e3b7890d53aaeb4d40.TL_001,rev_6e24672c52e849e3b7890d53aaeb4d40,126.81498613607037,126.93987270725677,-0.12488657118639424,1.3355394173335,48.97579299192978,05014d6f66b27398d5c2ae789be40dd0e63fd6044ab307b341b2a40c647709ca,132.01317591116654,,,GOOD,,126.81498613607037,126.93987270725677,-0.12488657118639424,GOOD,,63.32703644666139,63.3270364466614,,GOOD,,12.805407289332278,12.80540728933221,,GOOD,,64.67260471784985,64.6625758639949,0.010028853854947783,GOOD,,15.566237295964271,15.56623729596414,1.3145040611561853e-13,GOOD,,290.87599428845937,290.87599428845914,2.2737367544323206e-13,GOOD,,293.8547579515786,293.8547579515787,-5.684341886080802e-14,GOOD,,,,,MISSING,,,,,MISSING,,48b1a6b6a953b8467e4beebf6624f9f63de3471f1d76c2d0961df775e697c815,run_ec8c1d4095ea480a906b81611a7dc932.48b1a6b6a953b8467e4beebf6624f9f63de3471f1d76c2d0961df775e697c815,2026-10-03T10:47:36.306691+00:00,2026-10-03T10:47:36.306691+00:00,2026-01-01T23:20:00.000000+00:00,demo.generator.v2.map.5c262229d3fe,sha256:e0e03a76b126628a9293c6eff54155b21558e908ffbe39b25f6f484ab14839fa,"{""adapter_version"": ""csv.adapter.v2"", ""declared_timezone"": ""Asia/Colombo"", ""mapping_version"": ""5c262229d3fe6a666ae239aa791a2c308149326550fef3fd18c5634474cb8de6"", ""original_row"": {""Ir_A"": ""293.8547579515786"", ""Is_A"": ""290.87599428845937"", ""Pr_MW"": ""63.32703644666139"", ""Ps_MW"": ""64.67260471784985"", ""Qr_MVAr"": ""12.805407289332278"", ""Qs_MVAr"": ""15.566237295964271"", ""Vr_kV"": ""126.81498613607037"", ""Vs_kV"": ""132.01317591116654"", ""connection_state"": ""CONNECTED"", ""timestamp"": ""2026-01-01T23:20:00Z""}, ""row_number"": 282, ""terminal_directions"": ""receiving P/Q positive out""}"
2026-01-01T23:25:00.000000+00:00,TL_001,synthetic,SOLVED,rev_6e24672c52e849e3b7890d53aaeb4d40.TL_001,rev_6e24672c52e849e3b7890d53aaeb4d40,126.78804420845077,126.91006383500354,-0.12201962655277043,1.3544673449008258,49.32016808725098,05014d6f66b27398d5c2ae789be40dd0e63fd6044ab307b341b2a40c647709ca,132.02393830690502,,,GOOD,,126.78804420845077,126.91006383500354,-0.12201962655277043,GOOD,,63.75753227620165,63.75753227620166,,GOOD,,12.89150645524033,12.891506455240226,,GOOD,,65.08903356277956,65.11199962110248,-0.022966058322921867,GOOD,,15.735580361059887,15.735580361059792,9.414691248821327e-14,GOOD,,292.93649586552465,292.93649586552465,0.0,GOOD,,295.9210085235057,295.92100852350586,-1.7053025658242404e-13,GOOD,,,,,MISSING,,,,,MISSING,,7e7ab318ebafffa7f82a9cca106b9191633edffff59a0cb643b128b7c9e20e19,run_ec8c1d4095ea480a906b81611a7dc932.7e7ab318ebafffa7f82a9cca106b9191633edffff59a0cb643b128b7c9e20e19,2026-10-03T10:47:36.631342+00:00,2026-10-03T10:47:36.631342+00:00,2026-01-01T23:25:00.000000+00:00,demo.generator.v2.map.5c262229d3fe,sha256:e0e03a76b126628a9293c6eff54155b21558e908ffbe39b25f6f484ab14839fa,"{""adapter_version"": ""csv.adapter.v2"", ""declared_timezone"": ""Asia/Colombo"", ""mapping_version"": ""5c262229d3fe6a666ae239aa791a2c308149326550fef3fd18c5634474cb8de6"", ""original_row"": {""Ir_A"": ""295.9210085235057"", ""Is_A"": ""292.93649586552465"", ""Pr_MW"": ""63.75753227620165"", ""Ps_MW"": ""65.08903356277956"", ""Qr_MVAr"": ""12.89150645524033"", ""Qs_MVAr"": ""15.735580361059887"", ""Vr_kV"": ""126.78804420845077"", ""Vs_kV"": ""132.02393830690502"", ""connection_state"": ""CONNECTED"", ""timestamp"": ""2026-01-01T23:25:00Z""}, ""row_number"": 283, ""terminal_directions"": ""receiving P/Q positive out""}"
2026-01-01T23:30:00.000000+00:00,TL_001,synthetic,SOLVED,rev_6e24672c52e849e3b7890d53aaeb4d40.TL_001,rev_6e24672c52e849e3b7890d53aaeb4d40,126.77548190287204,126.88008873543606,-0.10460683256401637,1.3736033302974704,49.66589000965381,05014d6f66b27398d5c2ae789be40dd0e63fd6044ab307b341b2a40c647709ca,132.03473690388998,,,GOOD,,126.77548190287204,126.88008873543606,-0.10460683256401637,GOOD,,64.18947615559894,64.18947615559894,,GOOD,,12.97789523111979,12.977895231119744,,GOOD,,65.58526186606542,65.56307948589641,0.022182380169013527,GOOD,,15.906126102249797,15.906126102249631,1.652011860642233e-13,GOOD,,295.00508555314457,295.00508555314445,1.1368683772161603e-13,GOOD,,297.9953400579228,297.9953400579228,0.0,GOOD,,,,,MISSING,,,,,MISSING,,e5f00be02241afe68aa9376288b8d4d0bfc61c5e5f88086fb2808d6df23247a9,run_ec8c1d4095ea480a906b81611a7dc932.e5f00be02241afe68aa9376288b8d4d0bfc61c5e5f88086fb2808d6df23247a9,2026-10-03T10:47:36.854839+00:00,2026-10-03T10:47:36.854839+00:00,2026-01-01T23:30:00.000000+00:00,demo.generator.v2.map.5c262229d3fe,sha256:e0e03a76b126628a9293c6eff54155b21558e908ffbe39b25f6f484ab14839fa,"{""adapter_version"": ""csv.adapter.v2"", ""declared_timezone"": ""Asia/Colombo"", ""mapping_version"": ""5c262229d3fe6a666ae239aa791a2c308149326550fef3fd18c5634474cb8de6"", ""original_row"": {""Ir_A"": ""297.9953400579228"", ""Is_A"": ""295.00508555314457"", ""Pr_MW"": ""64.18947615559894"", ""Ps_MW"": ""65.58526186606542"", ""Qr_MVAr"": ""12.97789523111979"", ""Qs_MVAr"": ""15.906126102249797"", ""Vr_kV"": ""126.77548190287204"", ""Vs_kV"": ""132.03473690388998"", ""connection_state"": ""CONNECTED"", ""timestamp"": ""2026-01-01T23:30:00Z""}, ""row_number"": 284, ""terminal_directions"": ""receiving P/Q positive out""}"
2026-01-01T23:35:00.000000+00:00,TL_001,synthetic,SOLVED,rev_6e24672c52e849e3b7890d53aaeb4d40.TL_001,rev_6e24672c52e849e3b7890d53aaeb4d40,126.72459059845026,126.8499609020957,-0.12537030364543966,1.3929398792495675,50.01279671579204,05014d6f66b27398d5c2ae789be40dd0e63fd6044ab307b341b2a40c647709ca,132.045566562574,,,GOOD,,126.72459059845026,126.8499609020957,-0.12537030364543966,GOOD,,64.62266250296071,64.62266250296071,,GOOD,,13.064532500592144,13.064532500592133,,GOOD,,65.99601489787035,66.01560238221028,-0.019587484339922412,GOOD,,16.077800422896335,16.07780042289634,-3.552713678800501e-15,GOOD,,297.08079350728866,297.08079350728866,0.0,GOOD,,300.07678029475204,300.0767802947522,-1.7053025658242404e-13,GOOD,,,,,MISSING,,,,,MISSING,,f6800ecab82d5ec27a7a5d9c73f76f6780367279ceab1c7814fe49906f59cf77,run_ec8c1d4095ea480a906b81611a7dc932.f6800ecab82d5ec27a7a5d9c73f76f6780367279ceab1c7814fe49906f59cf77,2026-10-03T10:47:37.117033+00:00,2026-10-03T10:47:37.117033+00:00,2026-01-01T23:35:00.000000+00:00,demo.generator.v2.map.5c262229d3fe,sha256:e0e03a76b126628a9293c6eff54155b21558e908ffbe39b25f6f484ab14839fa,"{""adapter_version"": ""csv.adapter.v2"", ""declared_timezone"": ""Asia/Colombo"", ""mapping_version"": ""5c262229d3fe6a666ae239aa791a2c308149326550fef3fd18c5634474cb8de6"", ""original_row"": {""Ir_A"": ""300.07678029475204"", ""Is_A"": ""297.08079350728866"", ""Pr_MW"": ""64.62266250296071"", ""Ps_MW"": ""65.99601489787035"", ""Qr_MVAr"": ""13.064532500592144"", ""Qs_MVAr"": ""16.077800422896335"", ""Vr_kV"": ""126.72459059845026"", ""Vs_kV"": ""132.045566562574"", ""connection_state"": ""CONNECTED"", ""timestamp"": ""2026-01-01T23:35:00Z""}, ""row_number"": 285, ""terminal_directions"": ""receiving P/Q positive out""}"
2026-01-01T23:40:00.000000+00:00,TL_001,synthetic,SOLVED,rev_6e24672c52e849e3b7890d53aaeb4d40.TL_001,rev_6e24672c52e849e3b7890d53aaeb4d40,126.70891943440516,126.81969399084355,-0.11077455643838618,1.4124692041622637,50.360725347884895,05014d6f66b27398d5c2ae789be40dd0e63fd6044ab307b341b2a40c647709ca,132.05642212862617,,,GOOD,,126.70891943440516,126.81969399084355,-0.11077455643838618,GOOD,,65.05688514504683,65.0568851450468,,GOOD,,13.151377029009367,13.151377029009371,,GOOD,,66.47499355683367,66.46935434920907,0.00563920762459702,GOOD,,16.25052782171415,16.250527821714087,6.394884621840902e-14,GOOD,,299.162644961549,299.1626449615489,1.1368683772161603e-13,GOOD,,302.16435208730957,302.16435208730934,2.2737367544323206e-13,GOOD,,,,,MISSING,,,,,MISSING,,70b866f91ee61d45ed37ac25246fc3b132d43e3ddf83ab8756ede93701791df8,run_ec8c1d4095ea480a906b81611a7dc932.70b866f91ee61d45ed37ac25246fc3b132d43e3ddf83ab8756ede93701791df8,2026-10-03T10:47:37.413996+00:00,2026-10-03T10:47:37.413996+00:00,2026-01-01T23:40:00.000000+00:00,demo.generator.v2.map.5c262229d3fe,sha256:e0e03a76b126628a9293c6eff54155b21558e908ffbe39b25f6f484ab14839fa,"{""adapter_version"": ""csv.adapter.v2"", ""declared_timezone"": ""Asia/Colombo"", ""mapping_version"": ""5c262229d3fe6a666ae239aa791a2c308149326550fef3fd18c5634474cb8de6"", ""original_row"": {""Ir_A"": ""302.16435208730957"", ""Is_A"": ""299.162644961549"", ""Pr_MW"": ""65.05688514504683"", ""Ps_MW"": ""66.47499355683367"", ""Qr_MVAr"": ""13.151377029009367"", ""Qs_MVAr"": ""16.25052782171415"", ""Vr_kV"": ""126.70891943440516"", ""Vs_kV"": ""132.05642212862617"", ""connection_state"": ""CONNECTED"", ""timestamp"": ""2026-01-01T23:40:00Z""}, ""row_number"": 286, ""terminal_directions"": ""receiving P/Q positive out""}"
2026-01-01T23:45:00.000000+00:00,TL_001,synthetic,SOLVED,rev_6e24672c52e849e3b7890d53aaeb4d40.TL_001,rev_6e24672c52e849e3b7890d53aaeb4d40,126.63903120721758,126.78930181499052,-0.15027060777293855,1.432183224577102,50.70951230536353,05014d6f66b27398d5c2ae789be40dd0e63fd6044ab307b341b2a40c647709ca,132.0672984353849,,,GOOD,,126.63903120721758,126.78930181499052,-0.15027060777293855,GOOD,,65.49193741539715,65.49193741539713,,GOOD,,13.238387483079428,13.238387483079306,,GOOD,,66.92208123229472,66.92412063997423,-0.00203940767951849,GOOD,,16.42423141445944,16.42423141445931,1.3145040611561853e-13,GOOD,,301.2496606576892,301.2496606576891,1.1368683772161603e-13,GOOD,,304.2570738321814,304.2570738321812,1.7053025658242404e-13,GOOD,,,,,MISSING,,,,,MISSING,,e4071e2e9a0f8810fff70846f5a8489a705676029bb910869990d8f457d80059,run_ec8c1d4095ea480a906b81611a7dc932.e4071e2e9a0f8810fff70846f5a8489a705676029bb910869990d8f457d80059,2026-10-03T10:47:37.615243+00:00,2026-10-03T10:47:37.616253+00:00,2026-01-01T23:45:00.000000+00:00,demo.generator.v2.map.5c262229d3fe,sha256:e0e03a76b126628a9293c6eff54155b21558e908ffbe39b25f6f484ab14839fa,"{""adapter_version"": ""csv.adapter.v2"", ""declared_timezone"": ""Asia/Colombo"", ""mapping_version"": ""5c262229d3fe6a666ae239aa791a2c308149326550fef3fd18c5634474cb8de6"", ""original_row"": {""Ir_A"": ""304.2570738321814"", ""Is_A"": ""301.2496606576892"", ""Pr_MW"": ""65.49193741539715"", ""Ps_MW"": ""66.92208123229472"", ""Qr_MVAr"": ""13.238387483079428"", ""Qs_MVAr"": ""16.42423141445944"", ""Vr_kV"": ""126.63903120721758"", ""Vs_kV"": ""132.0672984353849"", ""connection_state"": ""CONNECTED"", ""timestamp"": ""2026-01-01T23:45:00Z""}, ""row_number"": 287, ""terminal_directions"": ""receiving P/Q positive out""}"
2026-01-01T23:50:00.000000+00:00,TL_001,synthetic,SOLVED,rev_6e24672c52e849e3b7890d53aaeb4d40.TL_001,rev_6e24672c52e849e3b7890d53aaeb4d40,126.64316666868795,126.75879834019374,-0.11563167150578124,1.4520735681288954,51.058993317297876,05014d6f66b27398d5c2ae789be40dd0e63fd6044ab307b341b2a40c647709ca,132.07819030631734,,,GOOD,,126.64316666868795,126.75879834019374,-0.11563167150578124,GOOD,,65.92761225269328,65.92761225269331,,GOOD,,13.325522450538655,13.325522450538859,,GOOD,,67.35269497722754,67.3796858208222,-0.02699084359466042,GOOD,,16.598832957855386,16.59883295785559,-2.0250467969162855e-13,GOOD,,303.3408572808842,303.3408572808846,-3.979039320256561e-13,GOOD,,306.3539599037868,306.3539599037872,-3.979039320256561e-13,GOOD,,,,,MISSING,,,,,MISSING,,16fc6d805ef118a2cb8b1b65f4621e32c245e6e3138f45c1b7c08811ecc23e9d,run_ec8c1d4095ea480a906b81611a7dc932.16fc6d805ef118a2cb8b1b65f4621e32c245e6e3138f45c1b7c08811ecc23e9d,2026-10-03T10:47:37.806323+00:00,2026-10-03T10:47:37.806323+00:00,2026-01-01T23:50:00.000000+00:00,demo.generator.v2.map.5c262229d3fe,sha256:e0e03a76b126628a9293c6eff54155b21558e908ffbe39b25f6f484ab14839fa,"{""adapter_version"": ""csv.adapter.v2"", ""declared_timezone"": ""Asia/Colombo"", ""mapping_version"": ""5c262229d3fe6a666ae239aa791a2c308149326550fef3fd18c5634474cb8de6"", ""original_row"": {""Ir_A"": ""306.3539599037868"", ""Is_A"": ""303.3408572808842"", ""Pr_MW"": ""65.92761225269328"", ""Ps_MW"": ""67.35269497722754"", ""Qr_MVAr"": ""13.325522450538655"", ""Qs_MVAr"": ""16.598832957855386"", ""Vr_kV"": ""126.64316666868795"", ""Vs_kV"": ""132.07819030631734"", ""connection_state"": ""CONNECTED"", ""timestamp"": ""2026-01-01T23:50:00Z""}, ""row_number"": 288, ""terminal_directions"": ""receiving P/Q positive out""}"
2026-01-01T23:55:00.000000+00:00,TL_001,synthetic,SOLVED,rev_6e24672c52e849e3b7890d53aaeb4d40.TL_001,rev_6e24672c52e849e3b7890d53aaeb4d40,126.6115582492712,126.72819767911517,-0.11663942984397124,1.4721315720082941,51.409003515587294,05014d6f66b27398d5c2ae789be40dd0e63fd6044ab307b341b2a40c647709ca,132.0890925574827,,,GOOD,,126.6115582492712,126.72819767911517,-0.11663942984397124,GOOD,,66.36370229930878,66.36370229930878,,GOOD,,13.412740459861757,13.412740459861647,,GOOD,,67.79218919675935,67.83583387131708,-0.04364467455772569,GOOD,,16.774252875773435,16.774252875773303,1.3145040611561853e-13,GOOD,,305.4352478995385,305.4352478995384,1.1368683772161603e-13,GOOD,,308.4540210935238,308.4540210935237,1.1368683772161603e-13,GOOD,,,,,MISSING,,,,,MISSING,,3e1adc9702cbd562bb0ccdfce9010d532a56089c41b01f61c973100b4f67fa2a,run_ec8c1d4095ea480a906b81611a7dc932.3e1adc9702cbd562bb0ccdfce9010d532a56089c41b01f61c973100b4f67fa2a,2026-10-03T10:47:37.995223+00:00,2026-10-03T10:47:37.995223+00:00,2026-01-01T23:55:00.000000+00:00,demo.generator.v2.map.5c262229d3fe,sha256:e0e03a76b126628a9293c6eff54155b21558e908ffbe39b25f6f484ab14839fa,"{""adapter_version"": ""csv.adapter.v2"", ""declared_timezone"": ""Asia/Colombo"", ""mapping_version"": ""5c262229d3fe6a666ae239aa791a2c308149326550fef3fd18c5634474cb8de6"", ""original_row"": {""Ir_A"": ""308.4540210935238"", ""Is_A"": ""305.4352478995385"", ""Pr_MW"": ""66.36370229930878"", ""Ps_MW"": ""67.79218919675935"", ""Qr_MVAr"": ""13.412740459861757"", ""Qs_MVAr"": ""16.774252875773435"", ""Vr_kV"": ""126.6115582492712"", ""Vs_kV"": ""132.0890925574827"", ""connection_state"": ""CONNECTED"", ""timestamp"": ""2026-01-01T23:55:00Z""}, ""row_number"": 289, ""terminal_directions"": ""receiving P/Q positive out""}"
